{"level":"info","message":"GET / 304 - 11ms","timestamp":"2026-04-25T05:13:37.946Z"}
{"level":"info","message":"GET /style.css 304 - 47ms","timestamp":"2026-04-25T05:13:38.408Z"}
{"level":"info","message":"GET /script.js 200 - 145ms","timestamp":"2026-04-25T05:13:38.509Z"}
{"level":"info","message":"GET /api/deals 304 - 143ms","timestamp":"2026-04-25T05:13:39.073Z"}
{"level":"info","message":"GET /favicon.ico 304 - 10ms","timestamp":"2026-04-25T05:13:39.107Z"}
{"level":"error","message":"GET /api/deals/health 500 - 91ms","timestamp":"2026-04-25T05:15:05.109Z"}
{"level":"info","message":"PUT /api/deals/69ebf5c90a2a5a028516b8c4 200 - 245ms","timestamp":"2026-04-25T05:16:59.495Z"}
{"level":"info","message":"GET /api/deals 200 - 27ms","timestamp":"2026-04-25T05:16:59.532Z"}
{"level":"info","message":"GET / 304 - 3ms","timestamp":"2026-04-25T05:21:03.693Z"}
{"level":"info","message":"GET /style.css 304 - 4ms","timestamp":"2026-04-25T05:21:03.764Z"}
{"level":"info","message":"GET /script.js 304 - 4ms","timestamp":"2026-04-25T05:21:03.772Z"}
{"level":"info","message":"GET /api/deals 304 - 21ms","timestamp":"2026-04-25T05:21:03.951Z"}
{"level":"info","message":"GET /favicon.ico 304 - 2ms","timestamp":"2026-04-25T05:21:03.956Z"}
{"level":"info","message":"GET / 304 - 3ms","timestamp":"2026-04-25T05:21:04.820Z"}
{"level":"info","message":"GET /style.css 304 - 3ms","timestamp":"2026-04-25T05:21:04.877Z"}
{"level":"info","message":"GET /script.js 304 - 2ms","timestamp":"2026-04-25T05:21:04.881Z"}
{"level":"info","message":"GET /api/deals 304 - 25ms","timestamp":"2026-04-25T05:21:05.067Z"}
{"level":"info","message":"GET /favicon.ico 304 - 4ms","timestamp":"2026-04-25T05:21:05.105Z"}
{"level":"info","message":"GET / 304 - 0ms","timestamp":"2026-04-25T05:21:05.200Z"}
{"level":"info","message":"GET /style.css 304 - 2ms","timestamp":"2026-04-25T05:21:05.231Z"}
{"level":"info","message":"GET /script.js 304 - 2ms","timestamp":"2026-04-25T05:21:05.236Z"}
{"level":"info","message":"GET /api/deals 304 - 19ms","timestamp":"2026-04-25T05:21:05.278Z"}
{"level":"info","message":"GET /favicon.ico 304 - 2ms","timestamp":"2026-04-25T05:21:05.343Z"}
{"level":"info","message":"DELETE /api/deals/69ebf5c80a2a5a028516b8c3 200 - 23ms","timestamp":"2026-04-25T05:21:58.513Z"}
{"level":"info","message":"GET /api/deals 200 - 26ms","timestamp":"2026-04-25T05:21:58.549Z"}
{"level":"info","message":"GET / 304 - 12ms","timestamp":"2026-04-25T05:23:44.232Z"}
{"level":"info","message":"GET /style.css 304 - 6ms","timestamp":"2026-04-25T05:23:44.497Z"}
{"level":"info","message":"GET /script.js 304 - 4ms","timestamp":"2026-04-25T05:23:44.507Z"}
{"level":"info","message":"GET /api/deals 304 - 46ms","timestamp":"2026-04-25T05:23:44.961Z"}
{"level":"info","message":"GET /favicon.ico 304 - 5ms","timestamp":"2026-04-25T05:23:45.062Z"}
{"level":"info","message":"GET / 304 - 23ms","timestamp":"2026-04-25T07:44:22.710Z"}
{"level":"info","message":"GET /style.css 304 - 10ms","timestamp":"2026-04-25T07:44:22.949Z"}
{"level":"info","message":"GET /script.js 304 - 63ms","timestamp":"2026-04-25T07:44:23.016Z"}
{"level":"info","message":"GET /api/deals 304 - 89ms","timestamp":"2026-04-25T07:44:23.334Z"}
{"level":"info","message":"GET /favicon.ico 304 - 3ms","timestamp":"2026-04-25T07:44:23.366Z"}
{"level":"error","message":"GET /api/deals/health 500 - 49ms","timestamp":"2026-04-25T07:45:57.229Z"}
{"level":"info","message":"GET / 200 - 25ms","timestamp":"2026-04-25T08:04:50.631Z"}
{"level":"info","message":"GET /style.css 304 - 5ms","timestamp":"2026-04-25T08:04:50.855Z"}
{"level":"info","message":"GET /script.js 304 - 8ms","timestamp":"2026-04-25T08:04:50.874Z"}
{"level":"info","message":"GET /api/deals 304 - 67ms","timestamp":"2026-04-25T08:04:51.221Z"}
{"level":"info","message":"GET /favicon.ico 200 - 9ms","timestamp":"2026-04-25T08:04:51.242Z"}
{"level":"info","message":"GET / 200 - 24ms","timestamp":"2026-04-25T08:55:08.175Z"}
{"level":"info","message":"GET /style.css 304 - 30ms","timestamp":"2026-04-25T08:55:08.441Z"}
{"level":"info","message":"GET /script.js 200 - 38ms","timestamp":"2026-04-25T08:55:08.452Z"}
{"level":"info","message":"GET /api/deals 304 - 94ms","timestamp":"2026-04-25T08:55:08.875Z"}
{"level":"info","message":"GET /favicon.ico 200 - 4ms","timestamp":"2026-04-25T08:55:08.937Z"}
{"level":"info","message":"GET / 304 - 21ms","timestamp":"2026-04-25T09:04:18.452Z"}
{"level":"info","message":"GET /script.js 304 - 34ms","timestamp":"2026-04-25T09:04:18.597Z"}
{"level":"info","message":"GET /style.css 304 - 47ms","timestamp":"2026-04-25T09:04:18.615Z"}
{"level":"info","message":"GET /api/deals 304 - 60ms","timestamp":"2026-04-25T09:04:18.980Z"}
{"level":"info","message":"GET /favicon.ico 304 - 3ms","timestamp":"2026-04-25T09:04:19.071Z"}
{"level":"info","message":"GET / 304 - 34ms","timestamp":"2026-04-25T09:10:25.124Z"}
{"level":"info","message":"GET /style.css 304 - 74ms","timestamp":"2026-04-25T09:10:25.529Z"}
{"level":"info","message":"GET /script.js 304 - 64ms","timestamp":"2026-04-25T09:10:25.540Z"}
{"level":"info","message":"GET /api/deals 304 - 93ms","timestamp":"2026-04-25T09:10:26.028Z"}
{"level":"info","message":"GET /favicon.ico 304 - 7ms","timestamp":"2026-04-25T09:10:26.172Z"}
{"level":"info","message":"GET / 200 - 19ms","timestamp":"2026-04-25T09:41:19.840Z"}
{"level":"info","message":"GET /style.css 304 - 3ms","timestamp":"2026-04-25T09:41:19.988Z"}
{"level":"info","message":"GET /script.js 200 - 33ms","timestamp":"2026-04-25T09:41:20.032Z"}
{"level":"info","message":"GET /api/deals 304 - 90ms","timestamp":"2026-04-25T09:41:20.421Z"}
{"level":"info","message":"GET /favicon.ico 200 - 9ms","timestamp":"2026-04-25T09:41:20.476Z"}
{"level":"info","message":"GET /uploads/1777071561542-272440531-WhatsApp_Image_2026-04-23_at_1.54.24_PM_(1).jpeg 304 - 4ms","timestamp":"2026-04-25T09:41:48.316Z"}
{"level":"info","message":"GET /uploads/1777071033665-630529041-20260419_005025295_-_Abhimanyu_Singh.jpg 304 - 6ms","timestamp":"2026-04-25T09:41:48.320Z"}
{"level":"info","message":"GET /favicon.ico 304 - 1ms","timestamp":"2026-04-25T09:41:59.383Z"}
{"level":"info","message":"GET / 304 - 1ms","timestamp":"2026-04-25T09:42:06.397Z"}
{"level":"info","message":"GET /style.css 304 - 21ms","timestamp":"2026-04-25T09:42:06.596Z"}
{"level":"info","message":"GET /script.js 304 - 26ms","timestamp":"2026-04-25T09:42:06.610Z"}
{"level":"info","message":"GET /api/deals 304 - 18ms","timestamp":"2026-04-25T09:42:06.885Z"}
{"level":"info","message":"GET /favicon.ico 304 - 1ms","timestamp":"2026-04-25T09:42:07.041Z"}
{"level":"error","message":"GET /api/deals/health 500 - 85ms","timestamp":"2026-04-25T09:43:13.878Z"}
{"level":"info","message":"PUT /api/deals/69ebef320a2a5a028516b8c2 200 - 91ms","timestamp":"2026-04-25T09:43:38.360Z"}
{"level":"info","message":"GET /api/deals 200 - 7ms","timestamp":"2026-04-25T09:43:38.371Z"}
{"level":"info","message":"GET / 200 - 19ms","timestamp":"2026-04-25T09:52:13.968Z"}
{"level":"info","message":"GET /style.css 304 - 21ms","timestamp":"2026-04-25T09:52:14.084Z"}
{"level":"info","message":"GET /script.js 200 - 30ms","timestamp":"2026-04-25T09:52:14.100Z"}
{"level":"info","message":"GET /api/deals 304 - 39ms","timestamp":"2026-04-25T09:52:14.388Z"}
{"level":"info","message":"GET /favicon.ico 200 - 2ms","timestamp":"2026-04-25T09:52:14.482Z"}
{"level":"info","message":"GET / 304 - 18ms","timestamp":"2026-04-25T10:08:36.586Z"}
{"level":"info","message":"GET /style.css 304 - 4ms","timestamp":"2026-04-25T10:08:36.718Z"}
{"level":"info","message":"GET /script.js 304 - 4ms","timestamp":"2026-04-25T10:08:36.720Z"}
{"level":"info","message":"GET /api/deals 304 - 86ms","timestamp":"2026-04-25T10:08:37.120Z"}
{"level":"info","message":"GET /favicon.ico 304 - 3ms","timestamp":"2026-04-25T10:08:37.149Z"}
{"level":"info","message":"GET / 200 - 25ms","timestamp":"2026-04-26T06:39:09.560Z"}
{"level":"info","message":"GET /style.css 200 - 7ms","timestamp":"2026-04-26T06:39:09.597Z"}
{"level":"info","message":"GET /script.js 200 - 10ms","timestamp":"2026-04-26T06:39:09.604Z"}
{"level":"info","message":"GET /api/deals 200 - 64ms","timestamp":"2026-04-26T06:39:11.598Z"}
{"level":"info","message":"GET /favicon.ico 200 - 14ms","timestamp":"2026-04-26T06:39:12.170Z"}
{"level":"info","message":"POST /api/deals 201 - 306ms","timestamp":"2026-04-26T06:43:18.277Z"}
{"level":"info","message":"GET /api/deals 200 - 76ms","timestamp":"2026-04-26T06:43:18.853Z"}
{"level":"info","message":"GET / 200 - 42ms","timestamp":"2026-04-26T09:37:16.844Z"}
{"level":"info","message":"GET /style.css 200 - 70ms","timestamp":"2026-04-26T09:37:17.210Z"}
{"level":"info","message":"GET /script.js 200 - 62ms","timestamp":"2026-04-26T09:37:17.224Z"}
{"level":"info","message":"GET /api/deals 200 - 141ms","timestamp":"2026-04-26T09:37:17.937Z"}
{"level":"info","message":"GET /favicon.ico 200 - 15ms","timestamp":"2026-04-26T09:37:17.961Z"}
{"level":"info","message":"GET / 304 - 9ms","timestamp":"2026-04-26T09:37:51.239Z"}
{"level":"info","message":"GET /style.css 304 - 10ms","timestamp":"2026-04-26T09:37:51.291Z"}
{"level":"info","message":"GET /script.js 304 - 13ms","timestamp":"2026-04-26T09:37:51.297Z"}
{"level":"info","message":"GET /api/deals 304 - 18ms","timestamp":"2026-04-26T09:37:51.474Z"}
{"level":"info","message":"GET /favicon.ico 304 - 3ms","timestamp":"2026-04-26T09:37:51.490Z"}
{"level":"error","message":"GET /api/deals/health 500 - 144ms","timestamp":"2026-04-26T09:37:52.715Z"}
{"level":"info","message":"GET / 304 - 33ms","timestamp":"2026-04-26T09:41:38.862Z"}
{"level":"info","message":"GET /style.css 304 - 6ms","timestamp":"2026-04-26T09:41:39.193Z"}
{"level":"info","message":"GET /script.js 304 - 10ms","timestamp":"2026-04-26T09:41:39.205Z"}
{"level":"info","message":"GET /api/deals 304 - 44ms","timestamp":"2026-04-26T09:41:39.361Z"}
{"level":"info","message":"GET /favicon.ico 304 - 5ms","timestamp":"2026-04-26T09:41:39.707Z"}
{"level":"info","message":"GET / 304 - 4ms","timestamp":"2026-04-26T09:42:57.323Z"}
{"level":"info","message":"GET /style.css 304 - 4ms","timestamp":"2026-04-26T09:42:57.842Z"}
{"level":"info","message":"GET /script.js 304 - 2ms","timestamp":"2026-04-26T09:42:57.872Z"}
{"level":"info","message":"GET /api/deals 304 - 34ms","timestamp":"2026-04-26T09:42:58.317Z"}
{"level":"info","message":"GET /favicon.ico 304 - 3ms","timestamp":"2026-04-26T09:42:58.483Z"}
{"level":"info","message":"GET / 304 - 10ms","timestamp":"2026-04-26T09:50:47.886Z"}
{"level":"info","message":"GET /style.css 304 - 9ms","timestamp":"2026-04-26T09:50:48.398Z"}
{"level":"info","message":"GET /script.js 304 - 14ms","timestamp":"2026-04-26T09:50:48.409Z"}
{"level":"info","message":"GET /api/deals 304 - 69ms","timestamp":"2026-04-26T09:50:48.867Z"}
{"level":"info","message":"GET /favicon.ico 304 - 9ms","timestamp":"2026-04-26T09:50:48.998Z"}
{"level":"info","message":"DELETE /api/deals/69edb4066254228d9fe00daa 200 - 56ms","timestamp":"2026-04-26T09:51:06.674Z"}
{"level":"info","message":"GET /api/deals 200 - 29ms","timestamp":"2026-04-26T09:51:06.713Z"}
{"level":"error","message":"GET /api/deals/health 500 - 91ms","timestamp":"2026-04-26T09:51:11.535Z"}
{"level":"info","message":"GET / 304 - 12ms","timestamp":"2026-04-26T09:56:29.199Z"}
{"level":"info","message":"GET /style.css 304 - 14ms","timestamp":"2026-04-26T09:56:29.516Z"}
{"level":"info","message":"GET /script.js 200 - 22ms","timestamp":"2026-04-26T09:56:29.536Z"}
{"level":"info","message":"GET /api/deals 304 - 86ms","timestamp":"2026-04-26T09:56:29.991Z"}
{"level":"info","message":"GET /favicon.ico 304 - 4ms","timestamp":"2026-04-26T09:56:30.102Z"}
{"level":"error","message":"GET /api/deals/health 500 - 116ms","timestamp":"2026-04-26T09:58:53.676Z"}
{"level":"info","message":"GET / 304 - 29ms","timestamp":"2026-04-26T10:41:52.912Z"}
{"level":"info","message":"GET /style.css 304 - 31ms","timestamp":"2026-04-26T10:41:53.207Z"}
{"level":"info","message":"GET /script.js 200 - 51ms","timestamp":"2026-04-26T10:41:53.238Z"}
{"level":"info","message":"GET /api/deals 304 - 144ms","timestamp":"2026-04-26T10:41:53.470Z"}
{"level":"info","message":"GET /favicon.ico 304 - 8ms","timestamp":"2026-04-26T10:41:53.933Z"}
{"level":"info","message":"GET / 304 - 17ms","timestamp":"2026-04-26T12:53:43.721Z"}
{"level":"info","message":"GET /style.css 304 - 5ms","timestamp":"2026-04-26T12:53:43.965Z"}
{"level":"info","message":"GET /script.js 200 - 16ms","timestamp":"2026-04-26T12:53:43.978Z"}
{"level":"info","message":"GET /favicon.ico 304 - 3ms","timestamp":"2026-04-26T12:53:44.338Z"}
{"level":"info","message":"GET / 304 - 7ms","timestamp":"2026-04-26T12:54:18.357Z"}
{"level":"info","message":"GET /style.css 304 - 3ms","timestamp":"2026-04-26T12:54:18.566Z"}
{"level":"info","message":"GET /script.js 304 - 11ms","timestamp":"2026-04-26T12:54:18.576Z"}
{"level":"info","message":"GET /favicon.ico 304 - 5ms","timestamp":"2026-04-26T12:54:18.934Z"}
{"level":"info","message":"GET / 304 - 5ms","timestamp":"2026-04-26T13:00:10.334Z"}
{"level":"info","message":"GET /style.css 304 - 15ms","timestamp":"2026-04-26T13:00:10.580Z"}
{"level":"info","message":"GET /script.js 304 - 4ms","timestamp":"2026-04-26T13:00:10.582Z"}
{"level":"info","message":"GET /favicon.ico 304 - 2ms","timestamp":"2026-04-26T13:00:10.908Z"}
{"level":"info","message":"GET / 304 - 6ms","timestamp":"2026-04-26T13:06:38.063Z"}
{"level":"info","message":"GET /style.css 304 - 18ms","timestamp":"2026-04-26T13:06:38.171Z"}
{"level":"info","message":"GET /script.js 200 - 28ms","timestamp":"2026-04-26T13:06:38.182Z"}
{"level":"info","message":"GET /favicon.ico 304 - 5ms","timestamp":"2026-04-26T13:06:38.571Z"}
{"level":"info","message":"GET / 304 - 15ms","timestamp":"2026-04-26T15:49:04.202Z"}
{"level":"info","message":"GET /style.css 304 - 37ms","timestamp":"2026-04-26T15:49:04.779Z"}
{"level":"info","message":"GET /script.js 200 - 132ms","timestamp":"2026-04-26T15:49:04.896Z"}
{"level":"info","message":"GET /favicon.ico 304 - 15ms","timestamp":"2026-04-26T15:49:05.458Z"}
{"level":"info","message":"GET / 304 - 177ms","timestamp":"2026-04-26T16:20:27.961Z"}
{"level":"info","message":"GET /style.css 304 - 6ms","timestamp":"2026-04-26T16:20:28.293Z"}
{"level":"info","message":"GET /script.js 200 - 17ms","timestamp":"2026-04-26T16:20:28.317Z"}
{"level":"info","message":"GET /api/deals 304 - 101ms","timestamp":"2026-04-26T16:20:28.801Z"}
{"level":"info","message":"GET /favicon.ico 304 - 5ms","timestamp":"2026-04-26T16:20:28.809Z"}
{"level":"info","message":"GET / 304 - 22ms","timestamp":"2026-04-26T16:23:51.189Z"}
{"level":"info","message":"GET /script.js 304 - 3ms","timestamp":"2026-04-26T16:23:51.548Z"}
{"level":"info","message":"GET /style.css 200 - 28ms","timestamp":"2026-04-26T16:23:51.561Z"}
{"level":"info","message":"GET /api/deals 304 - 132ms","timestamp":"2026-04-26T16:23:52.158Z"}
{"level":"info","message":"GET /favicon.ico 304 - 4ms","timestamp":"2026-04-26T16:23:52.180Z"}
{"level":"info","message":"GET / 304 - 3ms","timestamp":"2026-04-26T16:24:42.825Z"}
{"level":"info","message":"GET /style.css 304 - 8ms","timestamp":"2026-04-26T16:24:43.143Z"}
{"level":"info","message":"GET /script.js 304 - 27ms","timestamp":"2026-04-26T16:24:43.163Z"}
{"level":"info","message":"GET /api/deals 304 - 41ms","timestamp":"2026-04-26T16:24:43.794Z"}
{"level":"info","message":"GET /favicon.ico 304 - 2ms","timestamp":"2026-04-26T16:24:44.001Z"}
{"level":"info","message":"GET / 304 - 4ms","timestamp":"2026-04-26T16:26:12.377Z"}
{"level":"info","message":"GET /style.css 304 - 3ms","timestamp":"2026-04-26T16:26:12.761Z"}
{"level":"info","message":"GET /script.js 304 - 3ms","timestamp":"2026-04-26T16:26:12.767Z"}
{"level":"info","message":"GET /api/deals 304 - 30ms","timestamp":"2026-04-26T16:26:12.909Z"}
{"level":"info","message":"GET /favicon.ico 304 - 3ms","timestamp":"2026-04-26T16:26:13.439Z"}
{"level":"info","message":"GET / 304 - 24ms","timestamp":"2026-04-26T16:37:52.108Z"}
{"level":"info","message":"GET /style.css 304 - 17ms","timestamp":"2026-04-26T16:37:52.452Z"}
{"level":"info","message":"GET /script.js 200 - 20ms","timestamp":"2026-04-26T16:37:52.462Z"}
{"level":"info","message":"GET /favicon.ico 304 - 7ms","timestamp":"2026-04-26T16:37:52.991Z"}
{"level":"info","message":"GET / 200 - 17ms","timestamp":"2026-04-26T16:42:52.830Z"}
{"level":"info","message":"GET / 304 - 9ms","timestamp":"2026-04-26T16:42:53.122Z"}
{"level":"info","message":"GET /style.css 200 - 7ms","timestamp":"2026-04-26T16:42:53.255Z"}
{"level":"info","message":"GET /script.js 200 - 10ms","timestamp":"2026-04-26T16:42:53.260Z"}
{"level":"info","message":"GET /style.css 304 - 1ms","timestamp":"2026-04-26T16:42:53.272Z"}
{"level":"info","message":"GET /script.js 304 - 6ms","timestamp":"2026-04-26T16:42:53.308Z"}
{"level":"info","message":"GET /api/deals 304 - 235ms","timestamp":"2026-04-26T16:42:53.691Z"}
{"level":"info","message":"GET /api/deals 304 - 16ms","timestamp":"2026-04-26T16:42:53.761Z"}
{"level":"info","message":"GET /favicon.ico 200 - 9ms","timestamp":"2026-04-26T16:42:53.926Z"}
{"level":"info","message":"GET /favicon.ico 304 - 2ms","timestamp":"2026-04-26T16:42:54.474Z"}
{"level":"info","message":"GET / 304 - 21ms","timestamp":"2026-04-26T17:03:25.901Z"}
{"level":"info","message":"GET /style.css 200 - 33ms","timestamp":"2026-04-26T17:03:26.165Z"}
{"level":"info","message":"GET /script.js 200 - 48ms","timestamp":"2026-04-26T17:03:26.184Z"}
{"level":"info","message":"GET /api/deals 304 - 81ms","timestamp":"2026-04-26T17:03:26.376Z"}
{"level":"info","message":"GET /favicon.ico 304 - 5ms","timestamp":"2026-04-26T17:03:26.905Z"}
{"level":"info","message":"GET / 304 - 26ms","timestamp":"2026-04-26T17:05:32.590Z"}
{"level":"info","message":"GET /style.css 304 - 22ms","timestamp":"2026-04-26T17:05:33.009Z"}
{"level":"info","message":"GET /script.js 200 - 29ms","timestamp":"2026-04-26T17:05:33.027Z"}
{"level":"info","message":"GET /api/deals 304 - 68ms","timestamp":"2026-04-26T17:05:33.506Z"}
{"level":"info","message":"GET /favicon.ico 304 - 5ms","timestamp":"2026-04-26T17:05:33.653Z"}
{"level":"info","message":"GET / 200 - 32ms","timestamp":"2026-04-26T17:10:07.089Z"}
{"level":"info","message":"GET /style.css 304 - 9ms","timestamp":"2026-04-26T17:10:07.606Z"}
{"level":"info","message":"GET /script.js 200 - 26ms","timestamp":"2026-04-26T17:10:07.636Z"}
{"level":"info","message":"GET /api/deals 304 - 195ms","timestamp":"2026-04-26T17:10:08.451Z"}
{"level":"info","message":"GET /favicon.ico 200 - 12ms","timestamp":"2026-04-26T17:10:08.469Z"}
{"level":"info","message":"GET / 304 - 20ms","timestamp":"2026-04-26T17:52:19.289Z"}
{"level":"info","message":"GET /script.js 304 - 6ms","timestamp":"2026-04-26T17:52:19.641Z"}
{"level":"info","message":"GET /style.css 200 - 26ms","timestamp":"2026-04-26T17:52:19.659Z"}
{"level":"info","message":"GET /api/deals 304 - 94ms","timestamp":"2026-04-26T17:52:20.281Z"}
{"level":"info","message":"GET /favicon.ico 304 - 3ms","timestamp":"2026-04-26T17:52:20.286Z"}
{"level":"info","message":"GET / 200 - 32ms","timestamp":"2026-04-26T17:53:42.171Z"}
{"level":"info","message":"GET /style.css 200 - 10ms","timestamp":"2026-04-26T17:53:42.239Z"}
{"level":"info","message":"GET /script.js 200 - 16ms","timestamp":"2026-04-26T17:53:42.247Z"}
{"level":"info","message":"GET /api/deals 304 - 29ms","timestamp":"2026-04-26T17:53:42.481Z"}
{"level":"info","message":"GET /favicon.ico 200 - 10ms","timestamp":"2026-04-26T17:53:42.495Z"}
{"level":"info","message":"GET / 200 - 34ms","timestamp":"2026-04-26T17:54:45.686Z"}
{"level":"info","message":"GET /style.css 200 - 19ms","timestamp":"2026-04-26T17:54:45.801Z"}
{"level":"info","message":"GET /script.js 200 - 25ms","timestamp":"2026-04-26T17:54:45.809Z"}
{"level":"info","message":"GET /api/deals 304 - 40ms","timestamp":"2026-04-26T17:54:45.937Z"}
{"level":"info","message":"GET /favicon.ico 200 - 8ms","timestamp":"2026-04-26T17:54:46.365Z"}
{"level":"info","message":"GET /favicon.ico 304 - 66ms","timestamp":"2026-04-26T20:27:15.389Z"}
{"level":"info","message":"GET / 304 - 27ms","timestamp":"2026-04-26T21:22:25.354Z"}
{"level":"info","message":"GET /style.css 304 - 23ms","timestamp":"2026-04-26T21:22:25.688Z"}
{"level":"info","message":"GET /script.js 304 - 27ms","timestamp":"2026-04-26T21:22:25.699Z"}
{"level":"info","message":"GET /api/deals 304 - 260ms","timestamp":"2026-04-26T21:22:26.412Z"}
{"level":"info","message":"GET /favicon.ico 304 - 14ms","timestamp":"2026-04-26T21:22:26.486Z"}
{"level":"info","message":"GET / 200 - 21ms","timestamp":"2026-04-27T05:13:38.425Z"}
{"level":"info","message":"GET /style.css 200 - 11ms","timestamp":"2026-04-27T05:13:38.677Z"}
{"level":"info","message":"GET /script.js 200 - 21ms","timestamp":"2026-04-27T05:13:38.696Z"}
{"level":"info","message":"GET /api/deals 304 - 74ms","timestamp":"2026-04-27T05:13:38.866Z"}
{"level":"info","message":"GET /favicon.ico 200 - 5ms","timestamp":"2026-04-27T05:13:39.066Z"}
{"level":"info","message":"GET / 200 - 24ms","timestamp":"2026-04-27T05:18:59.265Z"}
{"level":"info","message":"GET /style.css 200 - 28ms","timestamp":"2026-04-27T05:18:59.527Z"}
{"level":"info","message":"GET /script.js 200 - 29ms","timestamp":"2026-04-27T05:18:59.531Z"}
{"level":"info","message":"GET /api/deals 304 - 92ms","timestamp":"2026-04-27T05:18:59.925Z"}
{"level":"info","message":"GET /favicon.ico 200 - 7ms","timestamp":"2026-04-27T05:18:59.986Z"}
{"level":"info","message":"GET / 200 - 29ms","timestamp":"2026-04-27T09:44:45.671Z"}
{"level":"info","message":"GET /script.js 304 - 2ms","timestamp":"2026-04-27T09:44:46.023Z"}
{"level":"info","message":"GET /style.css 200 - 11ms","timestamp":"2026-04-27T09:44:46.029Z"}
{"level":"info","message":"GET /api/deals 304 - 151ms","timestamp":"2026-04-27T09:44:46.633Z"}
{"level":"info","message":"GET /favicon.ico 200 - 8ms","timestamp":"2026-04-27T09:44:46.750Z"}
{"level":"info","message":"GET / 304 - 13ms","timestamp":"2026-04-27T10:11:20.952Z"}
{"level":"info","message":"GET /style.css 304 - 14ms","timestamp":"2026-04-27T10:11:21.157Z"}
{"level":"info","message":"GET /script.js 200 - 44ms","timestamp":"2026-04-27T10:11:21.193Z"}
{"level":"info","message":"GET /favicon.ico 304 - 4ms","timestamp":"2026-04-27T10:11:21.528Z"}
{"level":"info","message":"GET / 304 - 88ms","timestamp":"2026-04-27T11:11:30.792Z"}
{"level":"info","message":"GET /style.css 304 - 5ms","timestamp":"2026-04-27T11:11:30.861Z"}
{"level":"info","message":"GET /script.js 200 - 24ms","timestamp":"2026-04-27T11:11:30.881Z"}
{"level":"info","message":"GET /api/deals 304 - 180ms","timestamp":"2026-04-27T11:11:31.136Z"}
{"level":"info","message":"GET /favicon.ico 304 - 6ms","timestamp":"2026-04-27T11:11:31.244Z"}
{"level":"info","message":"GET / 304 - 24ms","timestamp":"2026-04-27T11:29:10.004Z"}
{"level":"info","message":"GET /style.css 304 - 3ms","timestamp":"2026-04-27T11:29:10.520Z"}
{"level":"info","message":"GET /script.js 200 - 19ms","timestamp":"2026-04-27T11:29:10.551Z"}
{"level":"info","message":"GET /favicon.ico 304 - 5ms","timestamp":"2026-04-27T11:29:11.220Z"}
{"level":"info","message":"GET / 304 - 19ms","timestamp":"2026-04-27T12:12:32.948Z"}
{"level":"info","message":"GET /style.css 304 - 3ms","timestamp":"2026-04-27T12:12:33.215Z"}
{"level":"info","message":"GET /script.js 304 - 9ms","timestamp":"2026-04-27T12:12:33.222Z"}
{"level":"info","message":"GET /favicon.ico 304 - 3ms","timestamp":"2026-04-27T12:12:33.605Z"}
{"level":"info","message":"GET / 304 - 7ms","timestamp":"2026-04-27T12:14:17.561Z"}
{"level":"info","message":"GET /style.css 304 - 6ms","timestamp":"2026-04-27T12:14:17.798Z"}
{"level":"info","message":"GET /script.js 304 - 10ms","timestamp":"2026-04-27T12:14:17.804Z"}
{"level":"info","message":"GET /favicon.ico 304 - 5ms","timestamp":"2026-04-27T12:14:18.172Z"}
{"level":"info","message":"GET / 304 - 18ms","timestamp":"2026-04-27T13:17:13.856Z"}
{"level":"info","message":"GET /style.css 304 - 2ms","timestamp":"2026-04-27T13:17:14.152Z"}
{"level":"info","message":"GET /script.js 304 - 3ms","timestamp":"2026-04-27T13:17:14.154Z"}
{"level":"info","message":"GET /favicon.ico 304 - 8ms","timestamp":"2026-04-27T13:17:14.501Z"}
{"level":"info","message":"GET / 304 - 19ms","timestamp":"2026-04-27T13:21:47.336Z"}
{"level":"info","message":"GET /script.js 304 - 22ms","timestamp":"2026-04-27T13:21:47.580Z"}
{"level":"info","message":"GET /style.css 200 - 43ms","timestamp":"2026-04-27T13:21:47.600Z"}
{"level":"info","message":"GET /favicon.ico 304 - 6ms","timestamp":"2026-04-27T13:21:47.978Z"}
{"level":"info","message":"GET / 200 - 33ms","timestamp":"2026-04-27T17:22:43.127Z"}
{"level":"info","message":"GET /style.css 200 - 33ms","timestamp":"2026-04-27T17:22:43.343Z"}
{"level":"info","message":"GET /script.js 200 - 37ms","timestamp":"2026-04-27T17:22:43.351Z"}
{"level":"info","message":"GET /favicon.ico 200 - 6ms","timestamp":"2026-04-27T17:22:43.994Z"}
{"level":"info","message":"GET / 200 - 50ms","timestamp":"2026-04-27T21:44:28.297Z"}
{"level":"info","message":"GET /style.css 200 - 26ms","timestamp":"2026-04-27T21:44:28.683Z"}
{"level":"info","message":"GET /script.js 200 - 29ms","timestamp":"2026-04-27T21:44:28.691Z"}
{"level":"info","message":"GET /api/deals 304 - 228ms","timestamp":"2026-04-27T21:44:29.393Z"}
{"level":"info","message":"GET /favicon.ico 200 - 14ms","timestamp":"2026-04-27T21:44:29.417Z"}
{"level":"info","message":"GET / 200 - 31ms","timestamp":"2026-04-27T21:45:13.102Z"}
{"level":"info","message":"GET /script.js 200 - 26ms","timestamp":"2026-04-27T21:45:13.763Z"}
{"level":"info","message":"GET /style.css 200 - 48ms","timestamp":"2026-04-27T21:45:13.783Z"}
{"level":"info","message":"GET /api/deals 304 - 171ms","timestamp":"2026-04-27T21:45:14.885Z"}
{"level":"info","message":"GET /favicon.ico 200 - 106ms","timestamp":"2026-04-27T21:45:14.893Z"}
{"level":"info","message":"GET / 304 - 32ms","timestamp":"2026-04-27T21:51:36.886Z"}
{"level":"info","message":"GET /style.css 200 - 43ms","timestamp":"2026-04-27T21:51:37.238Z"}
{"level":"info","message":"GET /script.js 200 - 60ms","timestamp":"2026-04-27T21:51:37.256Z"}
{"level":"info","message":"GET /api/deals 304 - 102ms","timestamp":"2026-04-27T21:51:37.805Z"}
{"level":"info","message":"GET /favicon.ico 304 - 9ms","timestamp":"2026-04-27T21:51:37.956Z"}
{"level":"info","message":"GET / 304 - 12ms","timestamp":"2026-04-27T21:55:01.381Z"}
{"level":"info","message":"GET /style.css 304 - 23ms","timestamp":"2026-04-27T21:55:01.619Z"}
{"level":"info","message":"GET /script.js 200 - 53ms","timestamp":"2026-04-27T21:55:01.652Z"}
{"level":"info","message":"GET /api/deals 304 - 55ms","timestamp":"2026-04-27T21:55:02.098Z"}
{"level":"info","message":"GET /favicon.ico 304 - 7ms","timestamp":"2026-04-27T21:55:02.262Z"}
{"level":"info","message":"GET / 304 - 21ms","timestamp":"2026-04-27T22:09:13.094Z"}
{"level":"info","message":"GET /style.css 304 - 4ms","timestamp":"2026-04-27T22:09:13.369Z"}
{"level":"info","message":"GET /script.js 200 - 41ms","timestamp":"2026-04-27T22:09:13.419Z"}
{"level":"info","message":"GET /api/deals 304 - 193ms","timestamp":"2026-04-27T22:09:14.024Z"}
{"level":"info","message":"GET /favicon.ico 304 - 4ms","timestamp":"2026-04-27T22:09:14.126Z"}
{"level":"info","message":"GET / 304 - 29ms","timestamp":"2026-04-27T22:13:10.142Z"}
{"level":"info","message":"GET /style.css 304 - 16ms","timestamp":"2026-04-27T22:13:10.514Z"}
{"level":"info","message":"GET /script.js 200 - 37ms","timestamp":"2026-04-27T22:13:10.565Z"}
{"level":"info","message":"GET /api/deals 304 - 42ms","timestamp":"2026-04-27T22:13:10.967Z"}
{"level":"info","message":"GET /favicon.ico 304 - 4ms","timestamp":"2026-04-27T22:13:11.098Z"}
{"level":"info","message":"GET / 304 - 29ms","timestamp":"2026-04-27T22:15:44.216Z"}
{"level":"info","message":"GET /style.css 304 - 28ms","timestamp":"2026-04-27T22:15:44.378Z"}
{"level":"info","message":"GET /script.js 200 - 36ms","timestamp":"2026-04-27T22:15:44.407Z"}
{"level":"info","message":"GET /api/deals 304 - 61ms","timestamp":"2026-04-27T22:15:44.811Z"}
{"level":"info","message":"GET /favicon.ico 304 - 3ms","timestamp":"2026-04-27T22:15:44.965Z"}
{"level":"info","message":"GET / 304 - 28ms","timestamp":"2026-04-27T22:23:50.143Z"}
{"level":"info","message":"GET /style.css 304 - 8ms","timestamp":"2026-04-27T22:23:50.301Z"}
{"level":"info","message":"GET /script.js 200 - 42ms","timestamp":"2026-04-27T22:23:50.339Z"}
{"level":"info","message":"GET /api/deals 304 - 44ms","timestamp":"2026-04-27T22:23:50.741Z"}
{"level":"info","message":"GET /favicon.ico 304 - 4ms","timestamp":"2026-04-27T22:23:50.879Z"}
{"level":"info","message":"GET / 304 - 29ms","timestamp":"2026-04-27T22:24:25.462Z"}
{"level":"info","message":"GET /style.css 304 - 5ms","timestamp":"2026-04-27T22:24:25.654Z"}
{"level":"info","message":"GET /script.js 200 - 18ms","timestamp":"2026-04-27T22:24:25.670Z"}
{"level":"info","message":"GET /api/deals 304 - 44ms","timestamp":"2026-04-27T22:24:26.168Z"}
{"level":"info","message":"GET /favicon.ico 304 - 8ms","timestamp":"2026-04-27T22:24:26.328Z"}
{"level":"info","message":"GET / 304 - 30ms","timestamp":"2026-04-27T22:29:05.202Z"}
{"level":"info","message":"GET /style.css 304 - 24ms","timestamp":"2026-04-27T22:29:05.360Z"}
{"level":"info","message":"GET /script.js 200 - 53ms","timestamp":"2026-04-27T22:29:05.412Z"}
{"level":"info","message":"GET /api/deals 304 - 38ms","timestamp":"2026-04-27T22:29:05.800Z"}
{"level":"info","message":"GET /favicon.ico 304 - 3ms","timestamp":"2026-04-27T22:29:05.922Z"}
{"level":"info","message":"GET / 304 - 32ms","timestamp":"2026-04-27T22:30:41.465Z"}
{"level":"info","message":"GET /style.css 304 - 13ms","timestamp":"2026-04-27T22:30:41.722Z"}
{"level":"info","message":"GET /script.js 200 - 24ms","timestamp":"2026-04-27T22:30:41.743Z"}
{"level":"info","message":"GET /api/deals 304 - 45ms","timestamp":"2026-04-27T22:30:42.151Z"}
{"level":"info","message":"GET /favicon.ico 304 - 6ms","timestamp":"2026-04-27T22:30:42.282Z"}
{"level":"info","message":"GET / 304 - 31ms","timestamp":"2026-04-27T22:43:13.922Z"}
{"level":"info","message":"GET /style.css 304 - 13ms","timestamp":"2026-04-27T22:43:14.298Z"}
{"level":"info","message":"GET /script.js 200 - 53ms","timestamp":"2026-04-27T22:43:14.341Z"}
{"level":"info","message":"GET /api/deals 304 - 102ms","timestamp":"2026-04-27T22:43:14.834Z"}
{"level":"info","message":"GET /favicon.ico 304 - 5ms","timestamp":"2026-04-27T22:43:14.938Z"}
{"level":"info","message":"GET / 304 - 39ms","timestamp":"2026-04-27T22:57:12.867Z"}
{"level":"info","message":"GET /style.css 304 - 24ms","timestamp":"2026-04-27T22:57:13.243Z"}
{"level":"info","message":"GET /script.js 200 - 44ms","timestamp":"2026-04-27T22:57:13.267Z"}
{"level":"info","message":"GET /api/deals 304 - 81ms","timestamp":"2026-04-27T22:57:13.454Z"}
{"level":"info","message":"GET /favicon.ico 304 - 7ms","timestamp":"2026-04-27T22:57:13.910Z"}
{"level":"info","message":"GET / 304 - 20ms","timestamp":"2026-04-27T23:00:00.239Z"}
{"level":"info","message":"GET /style.css 304 - 7ms","timestamp":"2026-04-27T23:00:00.421Z"}
{"level":"info","message":"GET /script.js 304 - 9ms","timestamp":"2026-04-27T23:00:00.428Z"}
{"level":"info","message":"GET /api/deals 304 - 57ms","timestamp":"2026-04-27T23:00:00.865Z"}
{"level":"info","message":"GET /favicon.ico 304 - 11ms","timestamp":"2026-04-27T23:00:01.030Z"}
{"level":"info","message":"GET / 304 - 20ms","timestamp":"2026-04-27T23:05:12.389Z"}
{"level":"info","message":"GET /style.css 304 - 6ms","timestamp":"2026-04-27T23:05:12.739Z"}
{"level":"info","message":"GET /script.js 200 - 21ms","timestamp":"2026-04-27T23:05:12.759Z"}
{"level":"info","message":"GET /api/deals 304 - 95ms","timestamp":"2026-04-27T23:05:13.290Z"}
{"level":"info","message":"GET /favicon.ico 304 - 8ms","timestamp":"2026-04-27T23:05:13.398Z"}
{"level":"info","message":"GET / 304 - 25ms","timestamp":"2026-04-27T23:18:59.013Z"}
{"level":"info","message":"GET /style.css 304 - 29ms","timestamp":"2026-04-27T23:18:59.253Z"}
{"level":"info","message":"GET /script.js 200 - 37ms","timestamp":"2026-04-27T23:18:59.267Z"}
{"level":"info","message":"GET /api/deals 304 - 102ms","timestamp":"2026-04-27T23:18:59.491Z"}
{"level":"info","message":"GET /favicon.ico 304 - 7ms","timestamp":"2026-04-27T23:18:59.940Z"}
{"level":"info","message":"GET / 304 - 24ms","timestamp":"2026-04-28T05:42:49.068Z"}
{"level":"info","message":"GET /style.css 304 - 3ms","timestamp":"2026-04-28T05:42:49.102Z"}
{"level":"info","message":"GET /script.js 200 - 18ms","timestamp":"2026-04-28T05:42:49.118Z"}
{"level":"info","message":"GET /favicon.ico 304 - 5ms","timestamp":"2026-04-28T05:42:49.572Z"}
{"level":"info","message":"GET /api/deals 304 - 195ms","timestamp":"2026-04-28T05:42:49.627Z"}
{"level":"info","message":"GET / 304 - 5ms","timestamp":"2026-04-28T05:45:32.528Z"}
{"level":"info","message":"GET /style.css 304 - 4ms","timestamp":"2026-04-28T05:45:32.733Z"}
{"level":"info","message":"GET /script.js 304 - 1ms","timestamp":"2026-04-28T05:45:32.741Z"}
{"level":"info","message":"GET /api/deals 304 - 13ms","timestamp":"2026-04-28T05:45:32.854Z"}
{"level":"info","message":"GET /favicon.ico 304 - 4ms","timestamp":"2026-04-28T05:45:33.288Z"}
{"level":"info","message":"POST /api/deals 201 - 184ms","timestamp":"2026-04-28T05:55:14.578Z"}
{"level":"info","message":"GET /api/deals 200 - 29ms","timestamp":"2026-04-28T05:55:14.615Z"}
{"level":"info","message":"PUT /api/deals/69f04bc28f09efe76a8abd41 200 - 82ms","timestamp":"2026-04-28T05:56:09.678Z"}
{"level":"info","message":"GET /api/deals 200 - 24ms","timestamp":"2026-04-28T05:56:09.710Z"}
{"level":"error","message":"GET /api/deals/health 500 - 110ms","timestamp":"2026-04-28T06:00:15.115Z"}
{"level":"info","message":"GET / 304 - 20ms","timestamp":"2026-04-28T06:12:14.445Z"}
{"level":"info","message":"GET /style.css 304 - 9ms","timestamp":"2026-04-28T06:12:14.530Z"}
{"level":"info","message":"GET /script.js 200 - 54ms","timestamp":"2026-04-28T06:12:14.588Z"}
{"level":"info","message":"GET /api/deals 304 - 74ms","timestamp":"2026-04-28T06:12:14.703Z"}
{"level":"info","message":"GET /favicon.ico 304 - 2ms","timestamp":"2026-04-28T06:12:14.899Z"}
{"level":"info","message":"PUT /api/deals/69f04bc28f09efe76a8abd41 200 - 47ms","timestamp":"2026-04-28T06:13:02.129Z"}
{"level":"info","message":"GET /api/deals 200 - 8ms","timestamp":"2026-04-28T06:13:02.141Z"}
{"level":"info","message":"GET / 304 - 33ms","timestamp":"2026-04-28T07:46:22.596Z"}
{"level":"info","message":"GET /style.css 304 - 5ms","timestamp":"2026-04-28T07:46:22.885Z"}
{"level":"info","message":"GET /script.js 200 - 143ms","timestamp":"2026-04-28T07:46:23.117Z"}
{"level":"info","message":"GET /api/deals 304 - 210ms","timestamp":"2026-04-28T07:46:23.641Z"}
{"level":"info","message":"GET /favicon.ico 304 - 10ms","timestamp":"2026-04-28T07:46:23.654Z"}
{"level":"info","message":"GET / 304 - 4ms","timestamp":"2026-04-28T07:48:49.493Z"}
{"level":"info","message":"GET /style.css 304 - 2ms","timestamp":"2026-04-28T07:48:49.767Z"}
{"level":"info","message":"GET /script.js 304 - 4ms","timestamp":"2026-04-28T07:48:49.774Z"}
{"level":"info","message":"GET /api/deals 304 - 11ms","timestamp":"2026-04-28T07:48:50.151Z"}
{"level":"info","message":"GET /favicon.ico 304 - 3ms","timestamp":"2026-04-28T07:48:50.325Z"}
{"level":"info","message":"GET / 304 - 21ms","timestamp":"2026-04-28T08:02:28.284Z"}
{"level":"info","message":"GET /style.css 304 - 17ms","timestamp":"2026-04-28T08:02:28.566Z"}
{"level":"info","message":"GET /script.js 200 - 54ms","timestamp":"2026-04-28T08:02:28.609Z"}
{"level":"info","message":"GET /api/deals 304 - 83ms","timestamp":"2026-04-28T08:02:29.080Z"}
{"level":"info","message":"GET /favicon.ico 304 - 4ms","timestamp":"2026-04-28T08:02:29.189Z"}
{"level":"info","message":"GET / 304 - 3ms","timestamp":"2026-04-28T08:02:46.384Z"}
{"level":"info","message":"GET /style.css 304 - 5ms","timestamp":"2026-04-28T08:02:46.491Z"}
{"level":"info","message":"GET /script.js 304 - 6ms","timestamp":"2026-04-28T08:02:46.494Z"}
{"level":"info","message":"GET /api/deals 304 - 20ms","timestamp":"2026-04-28T08:02:46.887Z"}
{"level":"info","message":"GET /favicon.ico 304 - 2ms","timestamp":"2026-04-28T08:02:47.054Z"}
{"level":"info","message":"GET / 304 - 7ms","timestamp":"2026-04-28T08:08:29.045Z"}
{"level":"info","message":"GET /style.css 304 - 5ms","timestamp":"2026-04-28T08:08:29.138Z"}
{"level":"info","message":"GET /script.js 200 - 21ms","timestamp":"2026-04-28T08:08:29.172Z"}
{"level":"info","message":"GET /api/deals 304 - 23ms","timestamp":"2026-04-28T08:08:29.273Z"}
{"level":"info","message":"GET /favicon.ico 304 - 4ms","timestamp":"2026-04-28T08:08:29.914Z"}
{"level":"info","message":"GET / 304 - 18ms","timestamp":"2026-04-28T10:24:23.365Z"}
{"level":"info","message":"GET /style.css 304 - 19ms","timestamp":"2026-04-28T10:24:23.604Z"}
{"level":"info","message":"GET /script.js 200 - 41ms","timestamp":"2026-04-28T10:24:23.642Z"}
{"level":"info","message":"GET /favicon.ico 304 - 13ms","timestamp":"2026-04-28T10:24:23.998Z"}
{"level":"info","message":"GET / 304 - 9ms","timestamp":"2026-04-28T10:24:50.244Z"}
{"level":"info","message":"GET /style.css 304 - 6ms","timestamp":"2026-04-28T10:24:50.328Z"}
{"level":"info","message":"GET /script.js 200 - 23ms","timestamp":"2026-04-28T10:24:50.348Z"}
{"level":"info","message":"GET /api/deals 304 - 66ms","timestamp":"2026-04-28T10:24:50.497Z"}
{"level":"info","message":"GET /favicon.ico 304 - 5ms","timestamp":"2026-04-28T10:24:50.692Z"}
{"level":"info","message":"GET / 304 - 6ms","timestamp":"2026-04-28T11:01:17.880Z"}
{"level":"info","message":"GET /style.css 304 - 8ms","timestamp":"2026-04-28T11:01:18.245Z"}
{"level":"info","message":"GET /script.js 304 - 16ms","timestamp":"2026-04-28T11:01:18.258Z"}
{"level":"info","message":"GET /api/deals 304 - 146ms","timestamp":"2026-04-28T11:01:18.917Z"}
{"level":"info","message":"GET /favicon.ico 304 - 2ms","timestamp":"2026-04-28T11:01:18.960Z"}
{"level":"info","message":"GET / 304 - 24ms","timestamp":"2026-04-28T11:31:18.104Z"}
{"level":"info","message":"GET /style.css 304 - 14ms","timestamp":"2026-04-28T11:31:18.320Z"}
{"level":"info","message":"GET /script.js 200 - 23ms","timestamp":"2026-04-28T11:31:18.371Z"}
{"level":"info","message":"GET /api/deals 304 - 95ms","timestamp":"2026-04-28T11:31:18.747Z"}
{"level":"info","message":"GET /favicon.ico 304 - 4ms","timestamp":"2026-04-28T11:31:18.759Z"}
{"level":"info","message":"GET / 304 - 6ms","timestamp":"2026-04-28T11:52:59.901Z"}
{"level":"info","message":"GET /style.css 304 - 23ms","timestamp":"2026-04-28T11:53:00.109Z"}
{"level":"info","message":"GET /script.js 200 - 46ms","timestamp":"2026-04-28T11:53:00.137Z"}
{"level":"info","message":"GET /api/deals 304 - 97ms","timestamp":"2026-04-28T11:53:00.310Z"}
{"level":"info","message":"GET /favicon.ico 304 - 3ms","timestamp":"2026-04-28T11:53:00.617Z"}
{"level":"info","message":"GET /uploads/1777071561543-602808210-Raja_Hyundai_Mansa_Road_Bhatinda.xlsx 200 - 9ms","timestamp":"2026-04-28T11:54:05.789Z"}
{"level":"info","message":"GET / 304 - 21ms","timestamp":"2026-04-28T12:05:42.011Z"}
{"level":"info","message":"GET /style.css 304 - 29ms","timestamp":"2026-04-28T12:05:42.207Z"}
{"level":"info","message":"GET /script.js 200 - 52ms","timestamp":"2026-04-28T12:05:42.244Z"}
{"level":"info","message":"GET /favicon.ico 304 - 9ms","timestamp":"2026-04-28T12:05:42.706Z"}
{"level":"info","message":"GET / 304 - 10ms","timestamp":"2026-04-28T12:06:06.696Z"}
{"level":"info","message":"GET /style.css 304 - 10ms","timestamp":"2026-04-28T12:06:06.811Z"}
{"level":"info","message":"GET /script.js 200 - 27ms","timestamp":"2026-04-28T12:06:06.834Z"}
{"level":"info","message":"GET /api/deals 304 - 160ms","timestamp":"2026-04-28T12:06:07.277Z"}
{"level":"info","message":"GET /favicon.ico 304 - 4ms","timestamp":"2026-04-28T12:06:07.331Z"}
{"level":"info","message":"GET / 304 - 87ms","timestamp":"2026-04-28T12:22:40.062Z"}
{"level":"info","message":"GET /style.css 304 - 35ms","timestamp":"2026-04-28T12:22:40.328Z"}
{"level":"info","message":"GET /script.js 200 - 134ms","timestamp":"2026-04-28T12:22:40.431Z"}
{"level":"info","message":"GET /api/deals 304 - 123ms","timestamp":"2026-04-28T12:22:40.835Z"}
{"level":"info","message":"GET /favicon.ico 304 - 5ms","timestamp":"2026-04-28T12:22:40.895Z"}
{"level":"info","message":"GET / 304 - 20ms","timestamp":"2026-04-28T12:30:54.269Z"}
{"level":"info","message":"GET /style.css 304 - 8ms","timestamp":"2026-04-28T12:30:54.462Z"}
{"level":"info","message":"GET /script.js 200 - 217ms","timestamp":"2026-04-28T12:30:54.646Z"}
{"level":"info","message":"GET /api/deals 304 - 231ms","timestamp":"2026-04-28T12:30:55.204Z"}
{"level":"info","message":"GET /favicon.ico 304 - 15ms","timestamp":"2026-04-28T12:30:55.228Z"}
{"level":"info","message":"GET /favicon.ico 304 - 3ms","timestamp":"2026-04-28T12:32:05.707Z"}
{"level":"info","message":"GET /favicon.ico 304 - 3ms","timestamp":"2026-04-28T12:32:06.187Z"}
{"level":"info","message":"GET /favicon.ico 304 - 2ms","timestamp":"2026-04-28T12:32:06.940Z"}
{"level":"info","message":"GET / 304 - 14ms","timestamp":"2026-04-28T12:40:42.487Z"}
{"level":"info","message":"GET /style.css 304 - 5ms","timestamp":"2026-04-28T12:40:42.753Z"}
{"level":"info","message":"GET /script.js 200 - 58ms","timestamp":"2026-04-28T12:40:42.808Z"}
{"level":"info","message":"GET /api/deals 304 - 93ms","timestamp":"2026-04-28T12:40:42.974Z"}
{"level":"info","message":"GET /favicon.ico 304 - 4ms","timestamp":"2026-04-28T12:40:43.277Z"}
{"level":"info","message":"GET / 304 - 12ms","timestamp":"2026-04-28T12:41:51.560Z"}
{"level":"info","message":"GET /style.css 304 - 4ms","timestamp":"2026-04-28T12:41:51.808Z"}
{"level":"info","message":"GET /script.js 200 - 28ms","timestamp":"2026-04-28T12:41:51.834Z"}
{"level":"info","message":"GET /api/deals 304 - 32ms","timestamp":"2026-04-28T12:41:52.155Z"}
{"level":"info","message":"GET /favicon.ico 304 - 2ms","timestamp":"2026-04-28T12:41:52.241Z"}
{"level":"info","message":"GET / 304 - 9ms","timestamp":"2026-04-28T12:42:41.189Z"}
{"level":"info","message":"GET /style.css 304 - 4ms","timestamp":"2026-04-28T12:42:41.309Z"}
{"level":"info","message":"GET /script.js 200 - 20ms","timestamp":"2026-04-28T12:42:41.324Z"}
{"level":"info","message":"GET /api/deals 304 - 27ms","timestamp":"2026-04-28T12:42:41.631Z"}
{"level":"info","message":"GET /favicon.ico 304 - 2ms","timestamp":"2026-04-28T12:42:41.716Z"}
{"level":"info","message":"GET / 304 - 9ms","timestamp":"2026-04-28T12:43:12.703Z"}
{"level":"info","message":"GET /style.css 304 - 23ms","timestamp":"2026-04-28T12:43:12.832Z"}
{"level":"info","message":"GET /script.js 200 - 60ms","timestamp":"2026-04-28T12:43:12.875Z"}
{"level":"info","message":"GET /api/deals 304 - 30ms","timestamp":"2026-04-28T12:43:13.206Z"}
{"level":"info","message":"GET /favicon.ico 304 - 3ms","timestamp":"2026-04-28T12:43:13.310Z"}
{"level":"info","message":"GET / 304 - 10ms","timestamp":"2026-04-28T12:43:56.218Z"}
{"level":"info","message":"GET /style.css 304 - 20ms","timestamp":"2026-04-28T12:43:56.378Z"}
{"level":"info","message":"GET /script.js 200 - 43ms","timestamp":"2026-04-28T12:43:56.404Z"}
{"level":"info","message":"GET /api/deals 304 - 36ms","timestamp":"2026-04-28T12:43:56.520Z"}
{"level":"info","message":"GET /favicon.ico 304 - 5ms","timestamp":"2026-04-28T12:43:56.982Z"}
{"level":"info","message":"GET / 304 - 12ms","timestamp":"2026-04-28T12:46:23.769Z"}
{"level":"info","message":"GET /style.css 304 - 24ms","timestamp":"2026-04-28T12:46:23.936Z"}
{"level":"info","message":"GET /script.js 200 - 65ms","timestamp":"2026-04-28T12:46:23.985Z"}
{"level":"info","message":"GET /api/deals 304 - 25ms","timestamp":"2026-04-28T12:46:24.288Z"}
{"level":"info","message":"GET /favicon.ico 304 - 14ms","timestamp":"2026-04-28T12:46:24.401Z"}
{"level":"info","message":"GET / 304 - 17ms","timestamp":"2026-04-28T12:57:41.561Z"}
{"level":"info","message":"GET /style.css 304 - 1ms","timestamp":"2026-04-28T12:57:41.765Z"}
{"level":"info","message":"GET /script.js 200 - 11ms","timestamp":"2026-04-28T12:57:41.781Z"}
{"level":"info","message":"GET /api/deals 304 - 83ms","timestamp":"2026-04-28T12:57:42.003Z"}
{"level":"info","message":"GET /favicon.ico 304 - 3ms","timestamp":"2026-04-28T12:57:42.302Z"}
{"level":"info","message":"POST /api/deals 201 - 2742ms","timestamp":"2026-04-28T13:02:43.398Z"}
{"level":"info","message":"GET /api/deals 200 - 43ms","timestamp":"2026-04-28T13:02:43.457Z"}
{"level":"info","message":"GET / 304 - 38ms","timestamp":"2026-04-28T13:03:18.911Z"}
{"level":"info","message":"GET /style.css 304 - 5ms","timestamp":"2026-04-28T13:03:19.119Z"}
{"level":"info","message":"GET /script.js 304 - 2ms","timestamp":"2026-04-28T13:03:19.126Z"}
{"level":"info","message":"GET /api/deals 304 - 112ms","timestamp":"2026-04-28T13:03:19.782Z"}
{"level":"info","message":"GET /favicon.ico 304 - 4ms","timestamp":"2026-04-28T13:03:19.934Z"}
{"level":"info","message":"GET / 304 - 33ms","timestamp":"2026-04-28T13:14:56.442Z"}
{"level":"info","message":"GET /style.css 304 - 28ms","timestamp":"2026-04-28T13:14:56.868Z"}
{"level":"info","message":"GET /script.js 200 - 70ms","timestamp":"2026-04-28T13:14:56.916Z"}
{"level":"info","message":"GET /api/deals 304 - 134ms","timestamp":"2026-04-28T13:14:57.180Z"}
{"level":"info","message":"GET /favicon.ico 304 - 3ms","timestamp":"2026-04-28T13:14:57.685Z"}
{"level":"error","message":"GET /api/deals/health 500 - 308ms","timestamp":"2026-04-28T13:21:20.482Z"}
{"level":"info","message":"GET /favicon.ico 304 - 16ms","timestamp":"2026-04-28T13:21:31.810Z"}
{"level":"info","message":"GET / 304 - 455ms","timestamp":"2026-04-28T13:37:56.877Z"}
{"level":"info","message":"GET /style.css 304 - 14ms","timestamp":"2026-04-28T13:37:57.049Z"}
{"level":"info","message":"GET /script.js 200 - 53ms","timestamp":"2026-04-28T13:37:57.149Z"}
{"level":"info","message":"GET /api/deals 304 - 336ms","timestamp":"2026-04-28T13:37:58.091Z"}
{"level":"info","message":"GET /favicon.ico 304 - 8ms","timestamp":"2026-04-28T13:37:58.102Z"}
{"level":"info","message":"GET /favicon.ico 304 - 78ms","timestamp":"2026-04-28T13:39:46.038Z"}
{"level":"info","message":"GET /favicon.ico 304 - 240ms","timestamp":"2026-04-28T13:42:00.086Z"}
{"level":"info","message":"GET / 304 - 37ms","timestamp":"2026-04-28T13:48:08.663Z"}
{"level":"info","message":"GET /style.css 304 - 44ms","timestamp":"2026-04-28T13:48:09.082Z"}
{"level":"info","message":"GET /script.js 200 - 118ms","timestamp":"2026-04-28T13:48:09.194Z"}
{"level":"info","message":"GET /favicon.ico 304 - 10ms","timestamp":"2026-04-28T13:48:09.934Z"}
{"level":"info","message":"GET / 304 - 29ms","timestamp":"2026-04-28T13:59:10.208Z"}
{"level":"info","message":"GET /style.css 304 - 17ms","timestamp":"2026-04-28T13:59:10.568Z"}
{"level":"info","message":"GET /script.js 200 - 67ms","timestamp":"2026-04-28T13:59:10.627Z"}
{"level":"info","message":"GET /favicon.ico 304 - 4ms","timestamp":"2026-04-28T13:59:11.256Z"}
{"level":"info","message":"GET / 304 - 25ms","timestamp":"2026-04-28T14:04:14.959Z"}
{"level":"info","message":"GET /script.js 200 - 17ms","timestamp":"2026-04-28T14:04:15.343Z"}
{"level":"info","message":"GET /style.css 200 - 30ms","timestamp":"2026-04-28T14:04:15.352Z"}
{"level":"info","message":"GET /api/deals 304 - 181ms","timestamp":"2026-04-28T14:04:16.011Z"}
{"level":"info","message":"GET /favicon.ico 304 - 13ms","timestamp":"2026-04-28T14:04:16.033Z"}
{"level":"info","message":"GET / 304 - 36ms","timestamp":"2026-04-28T14:05:21.248Z"}
{"level":"info","message":"GET /style.css 304 - 10ms","timestamp":"2026-04-28T14:05:21.388Z"}
{"level":"info","message":"GET /script.js 304 - 48ms","timestamp":"2026-04-28T14:05:21.426Z"}
{"level":"info","message":"GET /api/deals 304 - 75ms","timestamp":"2026-04-28T14:05:21.615Z"}
{"level":"info","message":"GET /favicon.ico 304 - 8ms","timestamp":"2026-04-28T14:05:22.082Z"}
{"level":"error","message":"GET /api/deals/health 500 - 218ms","timestamp":"2026-04-28T14:06:49.972Z"}
{"level":"error","message":"GET /api/deals/health 500 - 18ms","timestamp":"2026-04-28T14:06:50.007Z"}
{"level":"error","message":"GET /api/deals/health 500 - 13ms","timestamp":"2026-04-28T14:06:55.946Z"}
{"level":"error","message":"GET /api/deals/health 500 - 14ms","timestamp":"2026-04-28T14:06:55.970Z"}
{"level":"error","message":"GET /api/deals/health 500 - 21ms","timestamp":"2026-04-28T14:09:47.663Z"}
{"level":"error","message":"GET /api/deals/health 500 - 16ms","timestamp":"2026-04-28T14:09:47.686Z"}
{"level":"info","message":"GET / 304 - 26ms","timestamp":"2026-04-28T16:19:53.264Z"}
{"level":"info","message":"GET /style.css 304 - 6ms","timestamp":"2026-04-28T16:19:53.643Z"}
{"level":"info","message":"GET /script.js 304 - 24ms","timestamp":"2026-04-28T16:19:53.664Z"}
{"level":"info","message":"GET /api/deals 304 - 111ms","timestamp":"2026-04-28T16:19:54.391Z"}
{"level":"info","message":"GET /favicon.ico 304 - 4ms","timestamp":"2026-04-28T16:19:54.398Z"}
{"level":"error","message":"GET /api/deals/health 500 - 301ms","timestamp":"2026-04-28T16:28:38.585Z"}
{"level":"error","message":"GET /api/deals/health 500 - 7ms","timestamp":"2026-04-28T16:28:38.622Z"}
{"level":"error","message":"GET / 500 - 167ms","timestamp":"2026-04-28T17:12:51.206Z"}
{"level":"error","message":"GET /favicon.ico 500 - 4ms","timestamp":"2026-04-28T17:12:51.351Z"}
{"level":"info","message":"GET / 200 - 43ms","timestamp":"2026-04-28T17:19:08.796Z"}
{"level":"info","message":"GET /css/style.css 200 - 19ms","timestamp":"2026-04-28T17:19:09.053Z"}
{"level":"info","message":"GET /js/main.js 200 - 51ms","timestamp":"2026-04-28T17:19:09.093Z"}
{"level":"info","message":"GET /css/layout.css 200 - 19ms","timestamp":"2026-04-28T17:19:09.107Z"}
{"level":"info","message":"GET /css/base.css 200 - 31ms","timestamp":"2026-04-28T17:19:09.115Z"}
{"level":"info","message":"GET /css/components.css 200 - 33ms","timestamp":"2026-04-28T17:19:09.121Z"}
{"level":"info","message":"GET /css/forms.css 200 - 35ms","timestamp":"2026-04-28T17:19:09.125Z"}
{"level":"info","message":"GET /css/tables.css 200 - 57ms","timestamp":"2026-04-28T17:19:09.147Z"}
{"level":"info","message":"GET /css/pages.css 200 - 50ms","timestamp":"2026-04-28T17:19:09.155Z"}
{"level":"info","message":"GET /css/utilities.css 200 - 7ms","timestamp":"2026-04-28T17:19:09.161Z"}
{"level":"info","message":"GET /css/ppt.css 200 - 11ms","timestamp":"2026-04-28T17:19:09.164Z"}
{"level":"info","message":"GET /js/helpers.js 200 - 8ms","timestamp":"2026-04-28T17:19:09.255Z"}
{"level":"info","message":"GET /js/dealForm.js 200 - 7ms","timestamp":"2026-04-28T17:19:09.257Z"}
{"level":"info","message":"GET /js/ppt.js 200 - 9ms","timestamp":"2026-04-28T17:19:09.259Z"}
{"level":"info","message":"GET /js/records.js 200 - 14ms","timestamp":"2026-04-28T17:19:09.268Z"}
{"level":"info","message":"GET /js/summary.js 200 - 17ms","timestamp":"2026-04-28T17:19:09.270Z"}
{"level":"info","message":"GET /js/health.js 200 - 18ms","timestamp":"2026-04-28T17:19:09.272Z"}
{"level":"info","message":"GET /js/ui.js 200 - 10ms","timestamp":"2026-04-28T17:19:09.279Z"}
{"level":"info","message":"GET /favicon.ico 200 - 3ms","timestamp":"2026-04-28T17:19:09.305Z"}
{"level":"info","message":"GET /css/style.css 304 - 6ms","timestamp":"2026-04-28T17:19:48.753Z"}
{"level":"info","message":"GET /css/base.css 304 - 8ms","timestamp":"2026-04-28T17:19:48.757Z"}
{"level":"info","message":"GET /css/layout.css 304 - 3ms","timestamp":"2026-04-28T17:19:48.762Z"}
{"level":"info","message":"GET /css/components.css 304 - 4ms","timestamp":"2026-04-28T17:19:48.764Z"}
{"level":"info","message":"GET /css/tables.css 304 - 6ms","timestamp":"2026-04-28T17:19:48.767Z"}
{"level":"info","message":"GET /css/forms.css 304 - 12ms","timestamp":"2026-04-28T17:19:48.773Z"}
{"level":"info","message":"GET /css/pages.css 304 - 7ms","timestamp":"2026-04-28T17:19:48.782Z"}
{"level":"info","message":"GET /css/ppt.css 304 - 9ms","timestamp":"2026-04-28T17:19:48.786Z"}
{"level":"info","message":"GET /css/utilities.css 304 - 1ms","timestamp":"2026-04-28T17:19:48.789Z"}
{"level":"info","message":"GET /.well-known/appspecific/com.chrome.devtools.json 200 - 6ms","timestamp":"2026-04-28T17:19:48.803Z"}
{"level":"info","message":"GET / 304 - 212ms","timestamp":"2026-04-28T17:22:59.143Z"}
{"level":"info","message":"GET /css/style.css 304 - 4ms","timestamp":"2026-04-28T17:22:59.258Z"}
{"level":"info","message":"GET /js/main.js 304 - 32ms","timestamp":"2026-04-28T17:22:59.288Z"}
{"level":"info","message":"GET /css/base.css 304 - 10ms","timestamp":"2026-04-28T17:22:59.303Z"}
{"level":"info","message":"GET /css/layout.css 304 - 11ms","timestamp":"2026-04-28T17:22:59.307Z"}
{"level":"info","message":"GET /css/components.css 304 - 12ms","timestamp":"2026-04-28T17:22:59.309Z"}
{"level":"info","message":"GET /css/forms.css 304 - 14ms","timestamp":"2026-04-28T17:22:59.313Z"}
{"level":"info","message":"GET /css/pages.css 304 - 20ms","timestamp":"2026-04-28T17:22:59.319Z"}
{"level":"info","message":"GET /css/ppt.css 304 - 21ms","timestamp":"2026-04-28T17:22:59.322Z"}
{"level":"info","message":"GET /css/tables.css 304 - 7ms","timestamp":"2026-04-28T17:22:59.336Z"}
{"level":"info","message":"GET /css/utilities.css 304 - 7ms","timestamp":"2026-04-28T17:22:59.340Z"}
{"level":"info","message":"GET /js/dealForm.js 304 - 4ms","timestamp":"2026-04-28T17:22:59.425Z"}
{"level":"info","message":"GET /js/ppt.js 304 - 12ms","timestamp":"2026-04-28T17:22:59.438Z"}
{"level":"info","message":"GET /js/records.js 304 - 16ms","timestamp":"2026-04-28T17:22:59.452Z"}
{"level":"info","message":"GET /js/helpers.js 200 - 54ms","timestamp":"2026-04-28T17:22:59.472Z"}
{"level":"info","message":"GET /js/summary.js 304 - 19ms","timestamp":"2026-04-28T17:22:59.475Z"}
{"level":"info","message":"GET /js/health.js 304 - 23ms","timestamp":"2026-04-28T17:22:59.480Z"}
{"level":"info","message":"GET /js/ui.js 200 - 26ms","timestamp":"2026-04-28T17:22:59.486Z"}
{"level":"info","message":"GET /components/topbar.html 200 - 17ms","timestamp":"2026-04-28T17:22:59.513Z"}
{"level":"info","message":"GET /components/sidebar.html 200 - 21ms","timestamp":"2026-04-28T17:22:59.522Z"}
{"level":"info","message":"GET /new-deal.html 200 - 37ms","timestamp":"2026-04-28T17:22:59.564Z"}
{"level":"info","message":"GET /records.html 200 - 64ms","timestamp":"2026-04-28T17:22:59.591Z"}
{"level":"info","message":"GET /summary.html 200 - 75ms","timestamp":"2026-04-28T17:22:59.605Z"}
{"level":"info","message":"GET /health.html 200 - 80ms","timestamp":"2026-04-28T17:22:59.615Z"}
{"level":"info","message":"GET /favicon.ico 304 - 6ms","timestamp":"2026-04-28T17:22:59.759Z"}
{"level":"info","message":"GET /css/style.css 304 - 7ms","timestamp":"2026-04-28T17:22:59.763Z"}
{"level":"info","message":"GET /css/base.css 304 - 10ms","timestamp":"2026-04-28T17:22:59.853Z"}
{"level":"info","message":"GET /css/layout.css 304 - 46ms","timestamp":"2026-04-28T17:22:59.890Z"}
{"level":"info","message":"GET /css/components.css 304 - 45ms","timestamp":"2026-04-28T17:22:59.893Z"}
{"level":"info","message":"GET /css/forms.css 304 - 61ms","timestamp":"2026-04-28T17:22:59.910Z"}
{"level":"info","message":"GET /css/tables.css 304 - 78ms","timestamp":"2026-04-28T17:22:59.927Z"}
{"level":"info","message":"GET /css/pages.css 304 - 2ms","timestamp":"2026-04-28T17:22:59.938Z"}
{"level":"info","message":"GET /css/ppt.css 304 - 4ms","timestamp":"2026-04-28T17:22:59.943Z"}
{"level":"info","message":"GET /css/utilities.css 304 - 12ms","timestamp":"2026-04-28T17:22:59.953Z"}
{"level":"info","message":"GET /api/deals 304 - 198ms","timestamp":"2026-04-28T17:23:00.008Z"}
{"level":"error","message":"GET /api/deals/health 500 - 143ms","timestamp":"2026-04-28T17:23:07.640Z"}
{"level":"error","message":"GET /api/deals/health 500 - 17ms","timestamp":"2026-04-28T17:23:07.666Z"}
{"level":"error","message":"GET /api/deals/health 500 - 15ms","timestamp":"2026-04-28T17:23:15.634Z"}
{"level":"error","message":"GET /api/deals/health 500 - 10ms","timestamp":"2026-04-28T17:23:15.652Z"}
{"level":"info","message":"GET /css/style.css 304 - 11ms","timestamp":"2026-04-28T17:24:09.340Z"}
{"level":"info","message":"GET /css/base.css 304 - 13ms","timestamp":"2026-04-28T17:24:09.343Z"}
{"level":"info","message":"GET /css/layout.css 304 - 12ms","timestamp":"2026-04-28T17:24:09.344Z"}
{"level":"info","message":"GET /css/components.css 304 - 12ms","timestamp":"2026-04-28T17:24:09.345Z"}
{"level":"info","message":"GET /css/forms.css 304 - 13ms","timestamp":"2026-04-28T17:24:09.347Z"}
{"level":"info","message":"GET /css/tables.css 304 - 14ms","timestamp":"2026-04-28T17:24:09.349Z"}
{"level":"info","message":"GET /css/pages.css 304 - 2ms","timestamp":"2026-04-28T17:24:09.352Z"}
{"level":"info","message":"GET /css/ppt.css 304 - 5ms","timestamp":"2026-04-28T17:24:09.360Z"}
{"level":"info","message":"GET /css/utilities.css 304 - 5ms","timestamp":"2026-04-28T17:24:09.361Z"}
{"level":"info","message":"GET /.well-known/appspecific/com.chrome.devtools.json 304 - 5ms","timestamp":"2026-04-28T17:24:09.385Z"}
{"level":"info","message":"GET / 304 - 9ms","timestamp":"2026-04-28T17:25:08.133Z"}
{"level":"info","message":"GET /css/style.css 304 - 3ms","timestamp":"2026-04-28T17:25:08.197Z"}
{"level":"info","message":"GET /js/main.js 304 - 2ms","timestamp":"2026-04-28T17:25:08.212Z"}
{"level":"info","message":"GET /css/base.css 304 - 6ms","timestamp":"2026-04-28T17:25:08.281Z"}
{"level":"info","message":"GET /css/layout.css 304 - 27ms","timestamp":"2026-04-28T17:25:08.295Z"}
{"level":"info","message":"GET /css/components.css 304 - 5ms","timestamp":"2026-04-28T17:25:08.302Z"}
{"level":"info","message":"GET /css/ppt.css 304 - 14ms","timestamp":"2026-04-28T17:25:08.319Z"}
{"level":"info","message":"GET /css/utilities.css 304 - 6ms","timestamp":"2026-04-28T17:25:08.320Z"}
{"level":"info","message":"GET /css/forms.css 304 - 15ms","timestamp":"2026-04-28T17:25:08.329Z"}
{"level":"info","message":"GET /css/tables.css 304 - 14ms","timestamp":"2026-04-28T17:25:08.331Z"}
{"level":"info","message":"GET /css/pages.css 304 - 16ms","timestamp":"2026-04-28T17:25:08.334Z"}
{"level":"info","message":"GET /.well-known/appspecific/com.chrome.devtools.json 304 - 1ms","timestamp":"2026-04-28T17:25:08.338Z"}
{"level":"info","message":"GET /js/helpers.js 304 - 3ms","timestamp":"2026-04-28T17:25:08.543Z"}
{"level":"info","message":"GET /js/dealForm.js 304 - 4ms","timestamp":"2026-04-28T17:25:08.545Z"}
{"level":"info","message":"GET /js/ppt.js 304 - 4ms","timestamp":"2026-04-28T17:25:08.551Z"}
{"level":"info","message":"GET /js/records.js 304 - 4ms","timestamp":"2026-04-28T17:25:08.552Z"}
{"level":"info","message":"GET /js/summary.js 304 - 8ms","timestamp":"2026-04-28T17:25:08.557Z"}
{"level":"info","message":"GET /js/health.js 304 - 11ms","timestamp":"2026-04-28T17:25:08.561Z"}
{"level":"info","message":"GET /js/ui.js 304 - 4ms","timestamp":"2026-04-28T17:25:08.563Z"}
{"level":"info","message":"GET /components/topbar.html 304 - 20ms","timestamp":"2026-04-28T17:25:08.613Z"}
{"level":"info","message":"GET /components/sidebar.html 304 - 20ms","timestamp":"2026-04-28T17:25:08.616Z"}
{"level":"info","message":"GET /new-deal.html 304 - 4ms","timestamp":"2026-04-28T17:25:08.631Z"}
{"level":"info","message":"GET /records.html 304 - 13ms","timestamp":"2026-04-28T17:25:08.641Z"}
{"level":"info","message":"GET /summary.html 304 - 15ms","timestamp":"2026-04-28T17:25:08.644Z"}
{"level":"info","message":"GET /health.html 304 - 8ms","timestamp":"2026-04-28T17:25:08.648Z"}
{"level":"info","message":"GET /css/style.css 304 - 27ms","timestamp":"2026-04-28T17:25:08.694Z"}
{"level":"info","message":"GET /api/deals 304 - 64ms","timestamp":"2026-04-28T17:25:08.745Z"}
{"level":"info","message":"GET /favicon.ico 304 - 55ms","timestamp":"2026-04-28T17:25:08.750Z"}
{"level":"info","message":"GET /css/base.css 304 - 15ms","timestamp":"2026-04-28T17:25:08.763Z"}
{"level":"info","message":"GET /css/layout.css 304 - 20ms","timestamp":"2026-04-28T17:25:08.769Z"}
{"level":"info","message":"GET /css/components.css 304 - 5ms","timestamp":"2026-04-28T17:25:08.779Z"}
{"level":"info","message":"GET /css/forms.css 304 - 9ms","timestamp":"2026-04-28T17:25:08.785Z"}
{"level":"info","message":"GET /css/tables.css 304 - 19ms","timestamp":"2026-04-28T17:25:08.795Z"}
{"level":"info","message":"GET /css/pages.css 304 - 23ms","timestamp":"2026-04-28T17:25:08.801Z"}
{"level":"info","message":"GET /css/ppt.css 304 - 3ms","timestamp":"2026-04-28T17:25:08.808Z"}
{"level":"info","message":"GET /css/utilities.css 304 - 4ms","timestamp":"2026-04-28T17:25:08.811Z"}
{"level":"info","message":"GET / 304 - 5ms","timestamp":"2026-04-28T17:25:10.029Z"}
{"level":"info","message":"GET /css/style.css 304 - 7ms","timestamp":"2026-04-28T17:25:10.091Z"}
{"level":"info","message":"GET /js/main.js 304 - 4ms","timestamp":"2026-04-28T17:25:10.122Z"}
{"level":"info","message":"GET /css/base.css 304 - 3ms","timestamp":"2026-04-28T17:25:10.140Z"}
{"level":"info","message":"GET /css/layout.css 304 - 5ms","timestamp":"2026-04-28T17:25:10.143Z"}
{"level":"info","message":"GET /css/components.css 304 - 2ms","timestamp":"2026-04-28T17:25:10.146Z"}
{"level":"info","message":"GET /css/forms.css 304 - 9ms","timestamp":"2026-04-28T17:25:10.155Z"}
{"level":"info","message":"GET /css/tables.css 304 - 2ms","timestamp":"2026-04-28T17:25:10.165Z"}
{"level":"info","message":"GET /css/pages.css 304 - 7ms","timestamp":"2026-04-28T17:25:10.171Z"}
{"level":"info","message":"GET /css/ppt.css 304 - 5ms","timestamp":"2026-04-28T17:25:10.183Z"}
{"level":"info","message":"GET /css/utilities.css 304 - 7ms","timestamp":"2026-04-28T17:25:10.185Z"}
{"level":"info","message":"GET /.well-known/appspecific/com.chrome.devtools.json 304 - 8ms","timestamp":"2026-04-28T17:25:10.187Z"}
{"level":"info","message":"GET /js/helpers.js 304 - 5ms","timestamp":"2026-04-28T17:25:10.386Z"}
{"level":"info","message":"GET /js/dealForm.js 304 - 7ms","timestamp":"2026-04-28T17:25:10.390Z"}
{"level":"info","message":"GET /js/ppt.js 304 - 8ms","timestamp":"2026-04-28T17:25:10.395Z"}
{"level":"info","message":"GET /js/records.js 304 - 15ms","timestamp":"2026-04-28T17:25:10.403Z"}
{"level":"info","message":"GET /js/summary.js 304 - 18ms","timestamp":"2026-04-28T17:25:10.407Z"}
{"level":"info","message":"GET /js/health.js 304 - 30ms","timestamp":"2026-04-28T17:25:10.423Z"}
{"level":"info","message":"GET /js/ui.js 304 - 3ms","timestamp":"2026-04-28T17:25:10.430Z"}
{"level":"info","message":"GET /components/topbar.html 304 - 1ms","timestamp":"2026-04-28T17:25:10.444Z"}
{"level":"info","message":"GET /components/sidebar.html 304 - 2ms","timestamp":"2026-04-28T17:25:10.445Z"}
{"level":"info","message":"GET /new-deal.html 304 - 22ms","timestamp":"2026-04-28T17:25:10.481Z"}
{"level":"info","message":"GET /records.html 304 - 30ms","timestamp":"2026-04-28T17:25:10.501Z"}
{"level":"info","message":"GET /summary.html 304 - 32ms","timestamp":"2026-04-28T17:25:10.506Z"}
{"level":"info","message":"GET /health.html 304 - 37ms","timestamp":"2026-04-28T17:25:10.511Z"}
{"level":"info","message":"GET /css/style.css 304 - 6ms","timestamp":"2026-04-28T17:25:10.535Z"}
{"level":"info","message":"GET /favicon.ico 304 - 30ms","timestamp":"2026-04-28T17:25:10.558Z"}
{"level":"info","message":"GET /api/deals 304 - 31ms","timestamp":"2026-04-28T17:25:10.578Z"}
{"level":"info","message":"GET /css/base.css 304 - 20ms","timestamp":"2026-04-28T17:25:10.581Z"}
{"level":"info","message":"GET /css/layout.css 304 - 26ms","timestamp":"2026-04-28T17:25:10.589Z"}
{"level":"info","message":"GET /css/components.css 304 - 27ms","timestamp":"2026-04-28T17:25:10.591Z"}
{"level":"info","message":"GET /css/forms.css 304 - 29ms","timestamp":"2026-04-28T17:25:10.594Z"}
{"level":"info","message":"GET /css/tables.css 304 - 17ms","timestamp":"2026-04-28T17:25:10.596Z"}
{"level":"info","message":"GET /css/pages.css 304 - 1ms","timestamp":"2026-04-28T17:25:10.599Z"}
{"level":"info","message":"GET /css/ppt.css 304 - 2ms","timestamp":"2026-04-28T17:25:10.603Z"}
{"level":"info","message":"GET /css/utilities.css 304 - 5ms","timestamp":"2026-04-28T17:25:10.607Z"}
{"level":"info","message":"GET / 304 - 508ms","timestamp":"2026-04-29T12:26:45.589Z"}
{"level":"info","message":"GET /css/style.css 304 - 12ms","timestamp":"2026-04-29T12:26:45.737Z"}
{"level":"info","message":"GET /js/main.js 304 - 52ms","timestamp":"2026-04-29T12:26:45.787Z"}
{"level":"info","message":"GET /css/components.css 304 - 44ms","timestamp":"2026-04-29T12:26:45.852Z"}
{"level":"info","message":"GET /css/forms.css 304 - 48ms","timestamp":"2026-04-29T12:26:45.872Z"}
{"level":"info","message":"GET /css/layout.css 304 - 53ms","timestamp":"2026-04-29T12:26:45.905Z"}
{"level":"info","message":"GET /css/tables.css 304 - 142ms","timestamp":"2026-04-29T12:26:45.986Z"}
{"level":"info","message":"GET /css/pages.css 304 - 180ms","timestamp":"2026-04-29T12:26:46.025Z"}
{"level":"info","message":"GET /css/base.css 304 - 198ms","timestamp":"2026-04-29T12:26:46.050Z"}
{"level":"info","message":"GET /css/ppt.css 304 - 24ms","timestamp":"2026-04-29T12:26:46.110Z"}
{"level":"info","message":"GET /css/utilities.css 304 - 67ms","timestamp":"2026-04-29T12:26:46.154Z"}
{"level":"info","message":"GET /js/helpers.js 304 - 4ms","timestamp":"2026-04-29T12:26:46.406Z"}
{"level":"info","message":"GET /js/ppt.js 304 - 35ms","timestamp":"2026-04-29T12:26:46.437Z"}
{"level":"info","message":"GET /js/records.js 304 - 69ms","timestamp":"2026-04-29T12:26:46.472Z"}
{"level":"info","message":"GET /js/summary.js 304 - 83ms","timestamp":"2026-04-29T12:26:46.487Z"}
{"level":"info","message":"GET /js/health.js 304 - 97ms","timestamp":"2026-04-29T12:26:46.502Z"}
{"level":"info","message":"GET /js/ui.js 304 - 127ms","timestamp":"2026-04-29T12:26:46.532Z"}
{"level":"info","message":"GET /js/dealForm.js 304 - 14ms","timestamp":"2026-04-29T12:26:46.571Z"}
{"level":"info","message":"GET /components/topbar.html 304 - 12ms","timestamp":"2026-04-29T12:26:46.604Z"}
{"level":"info","message":"GET /components/sidebar.html 304 - 61ms","timestamp":"2026-04-29T12:26:46.654Z"}
{"level":"info","message":"GET /favicon.ico 304 - 13ms","timestamp":"2026-04-29T12:26:46.776Z"}
{"level":"info","message":"GET /pages/new-deal.html 304 - 53ms","timestamp":"2026-04-29T12:26:46.909Z"}
{"level":"info","message":"GET /pages/records.html 304 - 72ms","timestamp":"2026-04-29T12:26:46.958Z"}
{"level":"info","message":"GET /pages/summary.html 304 - 97ms","timestamp":"2026-04-29T12:26:46.989Z"}
{"level":"info","message":"GET /pages/health.html 304 - 104ms","timestamp":"2026-04-29T12:26:47.012Z"}
{"level":"info","message":"GET /api/deals 304 - 574ms","timestamp":"2026-04-29T12:26:48.042Z"}
{"level":"info","message":"GET /api/deals/health 200 - 141ms","timestamp":"2026-04-29T12:27:25.125Z"}
{"level":"info","message":"GET /api/deals/health 200 - 19ms","timestamp":"2026-04-29T12:27:25.160Z"}
{"level":"info","message":"GET /api/deals/health 200 - 20ms","timestamp":"2026-04-29T12:27:28.262Z"}
{"level":"info","message":"GET /api/deals/health 200 - 45ms","timestamp":"2026-04-29T12:27:28.320Z"}
{"level":"info","message":"GET / 304 - 40ms","timestamp":"2026-04-29T12:29:21.853Z"}
{"level":"info","message":"GET /css/style.css 304 - 5ms","timestamp":"2026-04-29T12:29:22.119Z"}
{"level":"info","message":"GET /js/main.js 304 - 6ms","timestamp":"2026-04-29T12:29:22.121Z"}
{"level":"info","message":"GET /css/components.css 304 - 3ms","timestamp":"2026-04-29T12:29:22.153Z"}
{"level":"info","message":"GET /css/base.css 304 - 3ms","timestamp":"2026-04-29T12:29:22.160Z"}
{"level":"info","message":"GET /css/forms.css 304 - 9ms","timestamp":"2026-04-29T12:29:22.192Z"}
{"level":"info","message":"GET /css/tables.css 304 - 11ms","timestamp":"2026-04-29T12:29:22.210Z"}
{"level":"info","message":"GET /css/utilities.css 304 - 14ms","timestamp":"2026-04-29T12:29:22.215Z"}
{"level":"info","message":"GET /css/layout.css 304 - 17ms","timestamp":"2026-04-29T12:29:22.219Z"}
{"level":"info","message":"GET /css/pages.css 304 - 17ms","timestamp":"2026-04-29T12:29:22.223Z"}
{"level":"info","message":"GET /css/ppt.css 304 - 19ms","timestamp":"2026-04-29T12:29:22.226Z"}
{"level":"info","message":"GET /js/helpers.js 304 - 3ms","timestamp":"2026-04-29T12:29:22.393Z"}
{"level":"info","message":"GET /js/ppt.js 304 - 5ms","timestamp":"2026-04-29T12:29:22.396Z"}
{"level":"info","message":"GET /js/records.js 304 - 7ms","timestamp":"2026-04-29T12:29:22.399Z"}
{"level":"info","message":"GET /js/summary.js 304 - 3ms","timestamp":"2026-04-29T12:29:22.404Z"}
{"level":"info","message":"GET /js/dealForm.js 304 - 4ms","timestamp":"2026-04-29T12:29:22.407Z"}
{"level":"info","message":"GET /js/health.js 304 - 6ms","timestamp":"2026-04-29T12:29:22.409Z"}
{"level":"info","message":"GET /js/ui.js 200 - 9ms","timestamp":"2026-04-29T12:29:22.422Z"}
{"level":"info","message":"GET /components/topbar.html 304 - 3ms","timestamp":"2026-04-29T12:29:22.434Z"}
{"level":"info","message":"GET /components/sidebar.html 304 - 4ms","timestamp":"2026-04-29T12:29:22.436Z"}
{"level":"info","message":"GET /pages/records.html 304 - 5ms","timestamp":"2026-04-29T12:29:22.451Z"}
{"level":"info","message":"GET /pages/new-deal.html 304 - 6ms","timestamp":"2026-04-29T12:29:22.453Z"}
{"level":"info","message":"GET /favicon.ico 304 - 24ms","timestamp":"2026-04-29T12:29:22.468Z"}
{"level":"info","message":"GET /pages/health.html 304 - 3ms","timestamp":"2026-04-29T12:29:22.473Z"}
{"level":"info","message":"GET /pages/summary.html 200 - 22ms","timestamp":"2026-04-29T12:29:22.482Z"}
{"level":"info","message":"GET /api/deals 304 - 59ms","timestamp":"2026-04-29T12:29:22.703Z"}
{"level":"info","message":"GET /uploads/1777071033634-547563814-Raja_Hyundai_Guniana_Road_Bhatinda.xlsx 200 - 8ms","timestamp":"2026-04-29T12:31:17.872Z"}
{"level":"info","message":"DELETE /api/deals/69f1f047559579db1971d6a5 200 - 202ms","timestamp":"2026-04-29T12:32:14.015Z"}
{"level":"info","message":"GET /api/deals 200 - 22ms","timestamp":"2026-04-29T12:32:14.041Z"}
{"level":"info","message":"GET / 304 - 5ms","timestamp":"2026-04-29T12:32:30.328Z"}
{"level":"info","message":"GET /css/style.css 304 - 4ms","timestamp":"2026-04-29T12:32:30.385Z"}
{"level":"info","message":"GET /js/main.js 304 - 9ms","timestamp":"2026-04-29T12:32:30.391Z"}
{"level":"info","message":"GET /css/base.css 304 - 2ms","timestamp":"2026-04-29T12:32:30.404Z"}
{"level":"info","message":"GET /css/layout.css 304 - 5ms","timestamp":"2026-04-29T12:32:30.416Z"}
{"level":"info","message":"GET /css/components.css 304 - 9ms","timestamp":"2026-04-29T12:32:30.430Z"}
{"level":"info","message":"GET /css/tables.css 304 - 7ms","timestamp":"2026-04-29T12:32:30.433Z"}
{"level":"info","message":"GET /css/ppt.css 304 - 4ms","timestamp":"2026-04-29T12:32:30.440Z"}
{"level":"info","message":"GET /css/forms.css 304 - 6ms","timestamp":"2026-04-29T12:32:30.443Z"}
{"level":"info","message":"GET /css/pages.css 304 - 7ms","timestamp":"2026-04-29T12:32:30.445Z"}
{"level":"info","message":"GET /css/utilities.css 304 - 1ms","timestamp":"2026-04-29T12:32:30.448Z"}
{"level":"info","message":"GET /js/helpers.js 304 - 2ms","timestamp":"2026-04-29T12:32:30.554Z"}
{"level":"info","message":"GET /js/dealForm.js 304 - 3ms","timestamp":"2026-04-29T12:32:30.556Z"}
{"level":"info","message":"GET /js/ppt.js 304 - 5ms","timestamp":"2026-04-29T12:32:30.558Z"}
{"level":"info","message":"GET /js/records.js 304 - 2ms","timestamp":"2026-04-29T12:32:30.561Z"}
{"level":"info","message":"GET /js/summary.js 304 - 2ms","timestamp":"2026-04-29T12:32:30.564Z"}
{"level":"info","message":"GET /js/health.js 304 - 2ms","timestamp":"2026-04-29T12:32:30.565Z"}
{"level":"info","message":"GET /js/ui.js 304 - 5ms","timestamp":"2026-04-29T12:32:30.568Z"}
{"level":"info","message":"GET /components/topbar.html 304 - 3ms","timestamp":"2026-04-29T12:32:30.581Z"}
{"level":"info","message":"GET /components/sidebar.html 304 - 3ms","timestamp":"2026-04-29T12:32:30.583Z"}
{"level":"info","message":"GET /favicon.ico 304 - 6ms","timestamp":"2026-04-29T12:32:30.594Z"}
{"level":"info","message":"GET /pages/new-deal.html 304 - 2ms","timestamp":"2026-04-29T12:32:30.598Z"}
{"level":"info","message":"GET /pages/records.html 304 - 3ms","timestamp":"2026-04-29T12:32:30.600Z"}
{"level":"info","message":"GET /pages/summary.html 304 - 3ms","timestamp":"2026-04-29T12:32:30.605Z"}
{"level":"info","message":"GET /pages/health.html 304 - 7ms","timestamp":"2026-04-29T12:32:30.611Z"}
{"level":"info","message":"GET /api/deals 304 - 25ms","timestamp":"2026-04-29T12:32:30.645Z"}
{"level":"info","message":"PUT /api/deals/69f1e22f559579db1971d6a1 200 - 93ms","timestamp":"2026-04-29T12:33:53.102Z"}
{"level":"info","message":"GET /api/deals 200 - 40ms","timestamp":"2026-04-29T12:33:54.380Z"}
{"level":"info","message":"PUT /api/deals/69f1e22f559579db1971d6a1 200 - 23ms","timestamp":"2026-04-29T12:34:14.469Z"}
{"level":"info","message":"GET /api/deals 200 - 43ms","timestamp":"2026-04-29T12:34:15.823Z"}
{"level":"info","message":"GET / 304 - 2ms","timestamp":"2026-04-29T12:46:38.610Z"}
{"level":"info","message":"GET /css/style.css 304 - 4ms","timestamp":"2026-04-29T12:46:38.883Z"}
{"level":"info","message":"GET /js/main.js 304 - 1ms","timestamp":"2026-04-29T12:46:38.907Z"}
{"level":"info","message":"GET /css/base.css 304 - 1ms","timestamp":"2026-04-29T12:46:38.942Z"}
{"level":"info","message":"GET /css/layout.css 304 - 4ms","timestamp":"2026-04-29T12:46:38.948Z"}
{"level":"info","message":"GET /css/components.css 304 - 15ms","timestamp":"2026-04-29T12:46:38.960Z"}
{"level":"info","message":"GET /css/forms.css 304 - 21ms","timestamp":"2026-04-29T12:46:38.968Z"}
{"level":"info","message":"GET /css/ppt.css 304 - 4ms","timestamp":"2026-04-29T12:46:38.980Z"}
{"level":"info","message":"GET /css/tables.css 304 - 6ms","timestamp":"2026-04-29T12:46:38.983Z"}
{"level":"info","message":"GET /css/pages.css 304 - 10ms","timestamp":"2026-04-29T12:46:38.989Z"}
{"level":"info","message":"GET /css/utilities.css 304 - 2ms","timestamp":"2026-04-29T12:46:38.997Z"}
{"level":"info","message":"GET /js/helpers.js 304 - 1ms","timestamp":"2026-04-29T12:46:39.158Z"}
{"level":"info","message":"GET /js/dealForm.js 304 - 2ms","timestamp":"2026-04-29T12:46:39.159Z"}
{"level":"info","message":"GET /js/ppt.js 304 - 5ms","timestamp":"2026-04-29T12:46:39.162Z"}
{"level":"info","message":"GET /js/records.js 304 - 3ms","timestamp":"2026-04-29T12:46:39.163Z"}
{"level":"info","message":"GET /js/summary.js 304 - 6ms","timestamp":"2026-04-29T12:46:39.167Z"}
{"level":"info","message":"GET /js/health.js 304 - 5ms","timestamp":"2026-04-29T12:46:39.169Z"}
{"level":"info","message":"GET /js/ui.js 304 - 3ms","timestamp":"2026-04-29T12:46:39.170Z"}
{"level":"info","message":"GET /components/topbar.html 304 - 2ms","timestamp":"2026-04-29T12:46:39.178Z"}
{"level":"info","message":"GET /components/sidebar.html 304 - 6ms","timestamp":"2026-04-29T12:46:39.183Z"}
{"level":"info","message":"GET /favicon.ico 304 - 2ms","timestamp":"2026-04-29T12:46:39.190Z"}
{"level":"info","message":"GET /pages/new-deal.html 304 - 2ms","timestamp":"2026-04-29T12:46:39.193Z"}
{"level":"info","message":"GET /pages/records.html 304 - 2ms","timestamp":"2026-04-29T12:46:39.194Z"}
{"level":"info","message":"GET /pages/summary.html 304 - 4ms","timestamp":"2026-04-29T12:46:39.196Z"}
{"level":"info","message":"GET /pages/health.html 304 - 7ms","timestamp":"2026-04-29T12:46:39.200Z"}
{"level":"info","message":"GET /api/deals 304 - 17ms","timestamp":"2026-04-29T12:46:39.225Z"}
{"level":"info","message":"GET / 304 - 30ms","timestamp":"2026-04-29T13:02:58.607Z"}
{"level":"info","message":"GET /css/style.css 304 - 4ms","timestamp":"2026-04-29T13:02:58.939Z"}
{"level":"info","message":"GET /js/main.js 304 - 5ms","timestamp":"2026-04-29T13:02:58.942Z"}
{"level":"info","message":"GET /css/base.css 304 - 15ms","timestamp":"2026-04-29T13:02:59.002Z"}
{"level":"info","message":"GET /css/components.css 304 - 8ms","timestamp":"2026-04-29T13:02:59.004Z"}
{"level":"info","message":"GET /css/forms.css 304 - 6ms","timestamp":"2026-04-29T13:02:59.006Z"}
{"level":"info","message":"GET /css/ppt.css 304 - 10ms","timestamp":"2026-04-29T13:02:59.010Z"}
{"level":"info","message":"GET /css/pages.css 304 - 12ms","timestamp":"2026-04-29T13:02:59.029Z"}
{"level":"info","message":"GET /css/tables.css 304 - 12ms","timestamp":"2026-04-29T13:02:59.034Z"}
{"level":"info","message":"GET /css/layout.css 304 - 6ms","timestamp":"2026-04-29T13:02:59.049Z"}
{"level":"info","message":"GET /css/utilities.css 304 - 8ms","timestamp":"2026-04-29T13:02:59.053Z"}
{"level":"info","message":"GET /js/dealForm.js 304 - 2ms","timestamp":"2026-04-29T13:02:59.233Z"}
{"level":"info","message":"GET /js/helpers.js 304 - 3ms","timestamp":"2026-04-29T13:02:59.235Z"}
{"level":"info","message":"GET /js/ppt.js 304 - 5ms","timestamp":"2026-04-29T13:02:59.237Z"}
{"level":"info","message":"GET /js/records.js 304 - 11ms","timestamp":"2026-04-29T13:02:59.249Z"}
{"level":"info","message":"GET /js/summary.js 304 - 12ms","timestamp":"2026-04-29T13:02:59.251Z"}
{"level":"info","message":"GET /js/health.js 304 - 13ms","timestamp":"2026-04-29T13:02:59.253Z"}
{"level":"info","message":"GET /js/ui.js 304 - 14ms","timestamp":"2026-04-29T13:02:59.255Z"}
{"level":"info","message":"GET /components/topbar.html 304 - 14ms","timestamp":"2026-04-29T13:02:59.284Z"}
{"level":"info","message":"GET /components/sidebar.html 304 - 11ms","timestamp":"2026-04-29T13:02:59.292Z"}
{"level":"info","message":"GET /favicon.ico 304 - 18ms","timestamp":"2026-04-29T13:02:59.306Z"}
{"level":"info","message":"GET /pages/new-deal.html 304 - 3ms","timestamp":"2026-04-29T13:02:59.400Z"}
{"level":"info","message":"GET /pages/records.html 304 - 3ms","timestamp":"2026-04-29T13:02:59.401Z"}
{"level":"info","message":"GET /pages/summary.html 304 - 4ms","timestamp":"2026-04-29T13:02:59.403Z"}
{"level":"info","message":"GET /pages/health.html 304 - 2ms","timestamp":"2026-04-29T13:02:59.406Z"}
{"level":"info","message":"GET /api/deals 304 - 81ms","timestamp":"2026-04-29T13:02:59.617Z"}
{"level":"info","message":"PUT /api/deals/69f1e22f559579db1971d6a1 200 - 123ms","timestamp":"2026-04-29T13:03:16.851Z"}
{"level":"info","message":"GET /api/deals 200 - 49ms","timestamp":"2026-04-29T13:03:19.774Z"}
{"level":"info","message":"PUT /api/deals/69f1e22f559579db1971d6a1 200 - 28ms","timestamp":"2026-04-29T13:06:26.550Z"}
{"level":"info","message":"GET /api/deals 200 - 33ms","timestamp":"2026-04-29T13:06:28.104Z"}
{"level":"info","message":"GET / 304 - 40ms","timestamp":"2026-04-29T13:12:12.687Z"}
{"level":"info","message":"GET /css/style.css 304 - 62ms","timestamp":"2026-04-29T13:12:12.893Z"}
{"level":"info","message":"GET /js/main.js 304 - 36ms","timestamp":"2026-04-29T13:12:12.912Z"}
{"level":"info","message":"GET /css/base.css 304 - 22ms","timestamp":"2026-04-29T13:12:12.944Z"}
{"level":"info","message":"GET /css/pages.css 304 - 20ms","timestamp":"2026-04-29T13:12:12.948Z"}
{"level":"info","message":"GET /css/layout.css 304 - 26ms","timestamp":"2026-04-29T13:12:12.955Z"}
{"level":"info","message":"GET /css/components.css 304 - 29ms","timestamp":"2026-04-29T13:12:12.959Z"}
{"level":"info","message":"GET /css/forms.css 304 - 30ms","timestamp":"2026-04-29T13:12:12.962Z"}
{"level":"info","message":"GET /css/tables.css 304 - 36ms","timestamp":"2026-04-29T13:12:12.976Z"}
{"level":"info","message":"GET /css/ppt.css 304 - 5ms","timestamp":"2026-04-29T13:12:12.988Z"}
{"level":"info","message":"GET /css/utilities.css 304 - 9ms","timestamp":"2026-04-29T13:12:12.993Z"}
{"level":"info","message":"GET /js/helpers.js 304 - 2ms","timestamp":"2026-04-29T13:12:13.190Z"}
{"level":"info","message":"GET /js/ppt.js 304 - 4ms","timestamp":"2026-04-29T13:12:13.193Z"}
{"level":"info","message":"GET /js/records.js 304 - 5ms","timestamp":"2026-04-29T13:12:13.194Z"}
{"level":"info","message":"GET /js/summary.js 304 - 6ms","timestamp":"2026-04-29T13:12:13.202Z"}
{"level":"info","message":"GET /js/health.js 304 - 7ms","timestamp":"2026-04-29T13:12:13.203Z"}
{"level":"info","message":"GET /js/dealForm.js 200 - 24ms","timestamp":"2026-04-29T13:12:13.213Z"}
{"level":"info","message":"GET /js/ui.js 200 - 18ms","timestamp":"2026-04-29T13:12:13.224Z"}
{"level":"info","message":"GET /components/topbar.html 304 - 2ms","timestamp":"2026-04-29T13:12:13.243Z"}
{"level":"info","message":"GET /components/sidebar.html 304 - 4ms","timestamp":"2026-04-29T13:12:13.245Z"}
{"level":"info","message":"GET /favicon.ico 304 - 2ms","timestamp":"2026-04-29T13:12:13.249Z"}
{"level":"info","message":"GET /pages/records.html 304 - 5ms","timestamp":"2026-04-29T13:12:13.259Z"}
{"level":"info","message":"GET /pages/summary.html 304 - 9ms","timestamp":"2026-04-29T13:12:13.264Z"}
{"level":"info","message":"GET /pages/health.html 304 - 2ms","timestamp":"2026-04-29T13:12:13.270Z"}
{"level":"info","message":"GET /pages/new-deal.html 200 - 20ms","timestamp":"2026-04-29T13:12:13.273Z"}
{"level":"info","message":"GET /api/deals 304 - 71ms","timestamp":"2026-04-29T13:12:13.495Z"}
{"level":"info","message":"POST /api/deals 201 - 339ms","timestamp":"2026-04-29T13:13:59.735Z"}
{"level":"info","message":"GET /api/deals 200 - 108ms","timestamp":"2026-04-29T13:14:01.513Z"}
{"level":"info","message":"GET / 304 - 36ms","timestamp":"2026-04-29T17:03:14.638Z"}
{"level":"info","message":"GET /css/style.css 304 - 9ms","timestamp":"2026-04-29T17:03:14.807Z"}
{"level":"info","message":"GET /js/main.js 304 - 51ms","timestamp":"2026-04-29T17:03:14.852Z"}
{"level":"info","message":"GET /css/base.css 304 - 17ms","timestamp":"2026-04-29T17:03:14.898Z"}
{"level":"info","message":"GET /css/layout.css 304 - 43ms","timestamp":"2026-04-29T17:03:14.928Z"}
{"level":"info","message":"GET /css/components.css 304 - 46ms","timestamp":"2026-04-29T17:03:14.935Z"}
{"level":"info","message":"GET /css/forms.css 304 - 72ms","timestamp":"2026-04-29T17:03:14.965Z"}
{"level":"info","message":"GET /css/tables.css 304 - 81ms","timestamp":"2026-04-29T17:03:14.977Z"}
{"level":"info","message":"GET /css/pages.css 304 - 117ms","timestamp":"2026-04-29T17:03:15.014Z"}
{"level":"info","message":"GET /css/ppt.css 304 - 4ms","timestamp":"2026-04-29T17:03:15.033Z"}
{"level":"info","message":"GET /css/utilities.css 304 - 13ms","timestamp":"2026-04-29T17:03:15.045Z"}
{"level":"info","message":"GET /js/helpers.js 304 - 5ms","timestamp":"2026-04-29T17:03:15.255Z"}
{"level":"info","message":"GET /js/dealForm.js 304 - 7ms","timestamp":"2026-04-29T17:03:15.258Z"}
{"level":"info","message":"GET /js/ppt.js 304 - 9ms","timestamp":"2026-04-29T17:03:15.261Z"}
{"level":"info","message":"GET /js/records.js 304 - 9ms","timestamp":"2026-04-29T17:03:15.263Z"}
{"level":"info","message":"GET /js/summary.js 304 - 11ms","timestamp":"2026-04-29T17:03:15.264Z"}
{"level":"info","message":"GET /js/health.js 304 - 1ms","timestamp":"2026-04-29T17:03:15.270Z"}
{"level":"info","message":"GET /js/ui.js 304 - 2ms","timestamp":"2026-04-29T17:03:15.278Z"}
{"level":"info","message":"GET /components/topbar.html 304 - 5ms","timestamp":"2026-04-29T17:03:15.291Z"}
{"level":"info","message":"GET /components/sidebar.html 304 - 1ms","timestamp":"2026-04-29T17:03:15.295Z"}
{"level":"info","message":"GET /pages/summary.html 304 - 5ms","timestamp":"2026-04-29T17:03:15.315Z"}
{"level":"info","message":"GET /pages/records.html 304 - 7ms","timestamp":"2026-04-29T17:03:15.318Z"}
{"level":"info","message":"GET /pages/health.html 304 - 8ms","timestamp":"2026-04-29T17:03:15.321Z"}
{"level":"info","message":"GET /pages/new-deal.html 304 - 13ms","timestamp":"2026-04-29T17:03:15.327Z"}
{"level":"info","message":"GET /favicon.ico 304 - 3ms","timestamp":"2026-04-29T17:03:15.485Z"}
{"level":"info","message":"GET /api/deals 304 - 123ms","timestamp":"2026-04-29T17:03:15.642Z"}
{"level":"info","message":"GET / 304 - 20ms","timestamp":"2026-04-29T17:13:37.201Z"}
{"level":"info","message":"GET /js/main.js 304 - 9ms","timestamp":"2026-04-29T17:13:37.336Z"}
{"level":"info","message":"GET /css/style.css 304 - 6ms","timestamp":"2026-04-29T17:13:37.338Z"}
{"level":"info","message":"GET /css/base.css 304 - 7ms","timestamp":"2026-04-29T17:13:37.367Z"}
{"level":"info","message":"GET /css/layout.css 304 - 8ms","timestamp":"2026-04-29T17:13:37.370Z"}
{"level":"info","message":"GET /css/components.css 304 - 7ms","timestamp":"2026-04-29T17:13:37.401Z"}
{"level":"info","message":"GET /css/forms.css 304 - 8ms","timestamp":"2026-04-29T17:13:37.403Z"}
{"level":"info","message":"GET /css/tables.css 304 - 9ms","timestamp":"2026-04-29T17:13:37.405Z"}
{"level":"info","message":"GET /css/pages.css 304 - 13ms","timestamp":"2026-04-29T17:13:37.410Z"}
{"level":"info","message":"GET /css/ppt.css 304 - 17ms","timestamp":"2026-04-29T17:13:37.415Z"}
{"level":"info","message":"GET /css/utilities.css 304 - 18ms","timestamp":"2026-04-29T17:13:37.417Z"}
{"level":"info","message":"GET /js/helpers.js 304 - 3ms","timestamp":"2026-04-29T17:13:37.617Z"}
{"level":"info","message":"GET /js/dealForm.js 304 - 4ms","timestamp":"2026-04-29T17:13:37.619Z"}
{"level":"info","message":"GET /js/ppt.js 304 - 6ms","timestamp":"2026-04-29T17:13:37.621Z"}
{"level":"info","message":"GET /js/records.js 304 - 6ms","timestamp":"2026-04-29T17:13:37.622Z"}
{"level":"info","message":"GET /js/summary.js 304 - 10ms","timestamp":"2026-04-29T17:13:37.627Z"}
{"level":"info","message":"GET /js/health.js 304 - 7ms","timestamp":"2026-04-29T17:13:37.631Z"}
{"level":"info","message":"GET /js/ui.js 304 - 1ms","timestamp":"2026-04-29T17:13:37.634Z"}
{"level":"info","message":"GET /components/topbar.html 304 - 4ms","timestamp":"2026-04-29T17:13:37.646Z"}
{"level":"info","message":"GET /components/sidebar.html 304 - 5ms","timestamp":"2026-04-29T17:13:37.648Z"}
{"level":"info","message":"GET /favicon.ico 304 - 6ms","timestamp":"2026-04-29T17:13:37.662Z"}
{"level":"info","message":"GET /pages/new-deal.html 304 - 2ms","timestamp":"2026-04-29T17:13:37.669Z"}
{"level":"info","message":"GET /pages/summary.html 304 - 3ms","timestamp":"2026-04-29T17:13:37.671Z"}
{"level":"info","message":"GET /pages/health.html 304 - 5ms","timestamp":"2026-04-29T17:13:37.679Z"}
{"level":"info","message":"GET /pages/records.html 304 - 8ms","timestamp":"2026-04-29T17:13:37.683Z"}
{"level":"info","message":"GET /api/deals 304 - 144ms","timestamp":"2026-04-29T17:13:38.073Z"}
{"level":"info","message":"GET /api/deals/health 200 - 171ms","timestamp":"2026-04-29T17:13:48.885Z"}
{"level":"info","message":"GET /api/deals/health 200 - 34ms","timestamp":"2026-04-29T17:13:48.933Z"}
{"level":"info","message":"GET / 304 - 43ms","timestamp":"2026-04-29T17:19:16.277Z"}
{"level":"info","message":"GET /css/style.css 304 - 14ms","timestamp":"2026-04-29T17:19:16.555Z"}
{"level":"info","message":"GET /js/main.js 304 - 16ms","timestamp":"2026-04-29T17:19:16.567Z"}
{"level":"info","message":"GET /css/base.css 304 - 28ms","timestamp":"2026-04-29T17:19:16.604Z"}
{"level":"info","message":"GET /css/layout.css 304 - 45ms","timestamp":"2026-04-29T17:19:16.623Z"}
{"level":"info","message":"GET /css/components.css 304 - 51ms","timestamp":"2026-04-29T17:19:16.635Z"}
{"level":"info","message":"GET /css/forms.css 304 - 52ms","timestamp":"2026-04-29T17:19:16.637Z"}
{"level":"info","message":"GET /css/tables.css 304 - 5ms","timestamp":"2026-04-29T17:19:16.646Z"}
{"level":"info","message":"GET /css/pages.css 304 - 8ms","timestamp":"2026-04-29T17:19:16.650Z"}
{"level":"info","message":"GET /css/ppt.css 304 - 10ms","timestamp":"2026-04-29T17:19:16.654Z"}
{"level":"info","message":"GET /css/utilities.css 304 - 4ms","timestamp":"2026-04-29T17:19:16.656Z"}
{"level":"info","message":"GET /js/helpers.js 304 - 2ms","timestamp":"2026-04-29T17:19:16.851Z"}
{"level":"info","message":"GET /js/dealForm.js 304 - 4ms","timestamp":"2026-04-29T17:19:16.853Z"}
{"level":"info","message":"GET /js/ppt.js 304 - 4ms","timestamp":"2026-04-29T17:19:16.854Z"}
{"level":"info","message":"GET /js/records.js 304 - 13ms","timestamp":"2026-04-29T17:19:16.863Z"}
{"level":"info","message":"GET /js/summary.js 304 - 5ms","timestamp":"2026-04-29T17:19:16.866Z"}
{"level":"info","message":"GET /js/health.js 304 - 7ms","timestamp":"2026-04-29T17:19:16.869Z"}
{"level":"info","message":"GET /js/ui.js 304 - 4ms","timestamp":"2026-04-29T17:19:16.874Z"}
{"level":"info","message":"GET /components/topbar.html 304 - 4ms","timestamp":"2026-04-29T17:19:16.892Z"}
{"level":"info","message":"GET /components/sidebar.html 304 - 11ms","timestamp":"2026-04-29T17:19:16.900Z"}
{"level":"info","message":"GET /pages/records.html 304 - 4ms","timestamp":"2026-04-29T17:19:16.923Z"}
{"level":"info","message":"GET /pages/summary.html 304 - 7ms","timestamp":"2026-04-29T17:19:16.926Z"}
{"level":"info","message":"GET /pages/health.html 304 - 11ms","timestamp":"2026-04-29T17:19:16.931Z"}
{"level":"info","message":"GET /favicon.ico 304 - 16ms","timestamp":"2026-04-29T17:19:16.933Z"}
{"level":"info","message":"GET /pages/new-deal.html 200 - 21ms","timestamp":"2026-04-29T17:19:16.939Z"}
{"level":"info","message":"GET /api/deals 304 - 54ms","timestamp":"2026-04-29T17:19:17.221Z"}
{"level":"info","message":"GET / 304 - 14ms","timestamp":"2026-04-29T17:23:37.034Z"}
{"level":"info","message":"GET /css/style.css 304 - 13ms","timestamp":"2026-04-29T17:23:37.203Z"}
{"level":"info","message":"GET /js/main.js 304 - 39ms","timestamp":"2026-04-29T17:23:37.235Z"}
{"level":"info","message":"GET /css/base.css 304 - 17ms","timestamp":"2026-04-29T17:23:37.256Z"}
{"level":"info","message":"GET /css/layout.css 304 - 19ms","timestamp":"2026-04-29T17:23:37.265Z"}
{"level":"info","message":"GET /css/components.css 304 - 20ms","timestamp":"2026-04-29T17:23:37.267Z"}
{"level":"info","message":"GET /css/forms.css 304 - 26ms","timestamp":"2026-04-29T17:23:37.276Z"}
{"level":"info","message":"GET /css/tables.css 304 - 7ms","timestamp":"2026-04-29T17:23:37.287Z"}
{"level":"info","message":"GET /css/pages.css 304 - 10ms","timestamp":"2026-04-29T17:23:37.292Z"}
{"level":"info","message":"GET /css/ppt.css 304 - 13ms","timestamp":"2026-04-29T17:23:37.297Z"}
{"level":"info","message":"GET /css/utilities.css 304 - 3ms","timestamp":"2026-04-29T17:23:37.307Z"}
{"level":"info","message":"GET /js/helpers.js 304 - 4ms","timestamp":"2026-04-29T17:23:37.523Z"}
{"level":"info","message":"GET /js/dealForm.js 304 - 4ms","timestamp":"2026-04-29T17:23:37.524Z"}
{"level":"info","message":"GET /js/ppt.js 304 - 8ms","timestamp":"2026-04-29T17:23:37.528Z"}
{"level":"info","message":"GET /js/records.js 304 - 10ms","timestamp":"2026-04-29T17:23:37.530Z"}
{"level":"info","message":"GET /js/summary.js 304 - 3ms","timestamp":"2026-04-29T17:23:37.532Z"}
{"level":"info","message":"GET /js/health.js 304 - 3ms","timestamp":"2026-04-29T17:23:37.538Z"}
{"level":"info","message":"GET /js/ui.js 200 - 10ms","timestamp":"2026-04-29T17:23:37.545Z"}
{"level":"info","message":"GET /components/topbar.html 304 - 3ms","timestamp":"2026-04-29T17:23:37.555Z"}
{"level":"info","message":"GET /components/sidebar.html 304 - 7ms","timestamp":"2026-04-29T17:23:37.560Z"}
{"level":"info","message":"GET /favicon.ico 304 - 11ms","timestamp":"2026-04-29T17:23:37.575Z"}
{"level":"info","message":"GET /pages/records.html 304 - 37ms","timestamp":"2026-04-29T17:23:37.607Z"}
{"level":"info","message":"GET /pages/summary.html 304 - 20ms","timestamp":"2026-04-29T17:23:37.612Z"}
{"level":"info","message":"GET /pages/health.html 304 - 27ms","timestamp":"2026-04-29T17:23:37.621Z"}
{"level":"info","message":"GET /pages/new-deal.html 200 - 76ms","timestamp":"2026-04-29T17:23:37.645Z"}
{"level":"info","message":"GET /api/deals 304 - 58ms","timestamp":"2026-04-29T17:23:37.899Z"}
{"level":"info","message":"GET / 304 - 18ms","timestamp":"2026-04-29T17:25:15.862Z"}
{"level":"info","message":"GET /js/main.js 304 - 35ms","timestamp":"2026-04-29T17:25:16.174Z"}
{"level":"info","message":"GET /css/style.css 304 - 115ms","timestamp":"2026-04-29T17:25:16.224Z"}
{"level":"info","message":"GET /css/utilities.css 304 - 18ms","timestamp":"2026-04-29T17:25:16.264Z"}
{"level":"info","message":"GET /css/components.css 304 - 22ms","timestamp":"2026-04-29T17:25:16.279Z"}
{"level":"info","message":"GET /css/base.css 304 - 16ms","timestamp":"2026-04-29T17:25:16.299Z"}
{"level":"info","message":"GET /css/layout.css 304 - 32ms","timestamp":"2026-04-29T17:25:16.316Z"}
{"level":"info","message":"GET /css/forms.css 304 - 42ms","timestamp":"2026-04-29T17:25:16.332Z"}
{"level":"info","message":"GET /css/tables.css 304 - 49ms","timestamp":"2026-04-29T17:25:16.347Z"}
{"level":"info","message":"GET /css/pages.css 304 - 9ms","timestamp":"2026-04-29T17:25:16.359Z"}
{"level":"info","message":"GET /css/ppt.css 304 - 13ms","timestamp":"2026-04-29T17:25:16.363Z"}
{"level":"info","message":"GET /js/dealForm.js 304 - 3ms","timestamp":"2026-04-29T17:25:16.563Z"}
{"level":"info","message":"GET /js/ppt.js 304 - 3ms","timestamp":"2026-04-29T17:25:16.564Z"}
{"level":"info","message":"GET /js/helpers.js 304 - 6ms","timestamp":"2026-04-29T17:25:16.566Z"}
{"level":"info","message":"GET /js/records.js 304 - 5ms","timestamp":"2026-04-29T17:25:16.567Z"}
{"level":"info","message":"GET /js/summary.js 304 - 3ms","timestamp":"2026-04-29T17:25:16.574Z"}
{"level":"info","message":"GET /js/health.js 304 - 4ms","timestamp":"2026-04-29T17:25:16.576Z"}
{"level":"info","message":"GET /js/ui.js 304 - 1ms","timestamp":"2026-04-29T17:25:16.580Z"}
{"level":"info","message":"GET /components/topbar.html 304 - 2ms","timestamp":"2026-04-29T17:25:16.594Z"}
{"level":"info","message":"GET /components/sidebar.html 304 - 3ms","timestamp":"2026-04-29T17:25:16.596Z"}
{"level":"info","message":"GET /favicon.ico 304 - 3ms","timestamp":"2026-04-29T17:25:16.610Z"}
{"level":"info","message":"GET /pages/new-deal.html 304 - 4ms","timestamp":"2026-04-29T17:25:16.612Z"}
{"level":"info","message":"GET /pages/records.html 304 - 3ms","timestamp":"2026-04-29T17:25:16.617Z"}
{"level":"info","message":"GET /pages/summary.html 304 - 4ms","timestamp":"2026-04-29T17:25:16.622Z"}
{"level":"info","message":"GET /pages/health.html 304 - 13ms","timestamp":"2026-04-29T17:25:16.629Z"}
{"level":"info","message":"GET /api/deals 304 - 95ms","timestamp":"2026-04-29T17:25:16.955Z"}
{"level":"info","message":"GET / 304 - 46ms","timestamp":"2026-04-29T17:26:20.358Z"}
{"level":"info","message":"GET /css/style.css 304 - 80ms","timestamp":"2026-04-29T17:26:20.557Z"}
{"level":"info","message":"GET /js/main.js 304 - 26ms","timestamp":"2026-04-29T17:26:20.576Z"}
{"level":"info","message":"GET /css/base.css 304 - 2ms","timestamp":"2026-04-29T17:26:20.711Z"}
{"level":"info","message":"GET /css/layout.css 304 - 4ms","timestamp":"2026-04-29T17:26:20.714Z"}
{"level":"info","message":"GET /css/ppt.css 304 - 5ms","timestamp":"2026-04-29T17:26:20.726Z"}
{"level":"info","message":"GET /css/components.css 304 - 7ms","timestamp":"2026-04-29T17:26:20.729Z"}
{"level":"info","message":"GET /css/forms.css 304 - 12ms","timestamp":"2026-04-29T17:26:20.735Z"}
{"level":"info","message":"GET /css/tables.css 304 - 15ms","timestamp":"2026-04-29T17:26:20.738Z"}
{"level":"info","message":"GET /css/pages.css 304 - 16ms","timestamp":"2026-04-29T17:26:20.741Z"}
{"level":"info","message":"GET /css/utilities.css 304 - 17ms","timestamp":"2026-04-29T17:26:20.742Z"}
{"level":"info","message":"GET /js/helpers.js 304 - 1ms","timestamp":"2026-04-29T17:26:20.905Z"}
{"level":"info","message":"GET /js/dealForm.js 304 - 2ms","timestamp":"2026-04-29T17:26:20.908Z"}
{"level":"info","message":"GET /js/ppt.js 304 - 2ms","timestamp":"2026-04-29T17:26:20.909Z"}
{"level":"info","message":"GET /js/records.js 304 - 3ms","timestamp":"2026-04-29T17:26:20.914Z"}
{"level":"info","message":"GET /js/summary.js 304 - 5ms","timestamp":"2026-04-29T17:26:20.917Z"}
{"level":"info","message":"GET /js/health.js 304 - 6ms","timestamp":"2026-04-29T17:26:20.919Z"}
{"level":"info","message":"GET /js/ui.js 304 - 1ms","timestamp":"2026-04-29T17:26:20.921Z"}
{"level":"info","message":"GET /components/topbar.html 304 - 1ms","timestamp":"2026-04-29T17:26:20.929Z"}
{"level":"info","message":"GET /components/sidebar.html 304 - 3ms","timestamp":"2026-04-29T17:26:20.931Z"}
{"level":"info","message":"GET /favicon.ico 304 - 2ms","timestamp":"2026-04-29T17:26:20.944Z"}
{"level":"info","message":"GET /pages/new-deal.html 304 - 8ms","timestamp":"2026-04-29T17:26:20.954Z"}
{"level":"info","message":"GET /pages/records.html 304 - 8ms","timestamp":"2026-04-29T17:26:20.956Z"}
{"level":"info","message":"GET /pages/summary.html 304 - 9ms","timestamp":"2026-04-29T17:26:20.958Z"}
{"level":"info","message":"GET /pages/health.html 304 - 9ms","timestamp":"2026-04-29T17:26:20.960Z"}
{"level":"info","message":"GET /api/deals 304 - 59ms","timestamp":"2026-04-29T17:26:21.259Z"}
{"level":"info","message":"GET / 304 - 25ms","timestamp":"2026-04-29T17:31:46.485Z"}
{"level":"info","message":"GET /css/style.css 304 - 6ms","timestamp":"2026-04-29T17:31:46.613Z"}
{"level":"info","message":"GET /js/main.js 304 - 26ms","timestamp":"2026-04-29T17:31:46.637Z"}
{"level":"info","message":"GET /css/base.css 304 - 24ms","timestamp":"2026-04-29T17:31:46.667Z"}
{"level":"info","message":"GET /css/components.css 304 - 20ms","timestamp":"2026-04-29T17:31:46.673Z"}
{"level":"info","message":"GET /css/layout.css 304 - 27ms","timestamp":"2026-04-29T17:31:46.679Z"}
{"level":"info","message":"GET /css/forms.css 304 - 22ms","timestamp":"2026-04-29T17:31:46.682Z"}
{"level":"info","message":"GET /css/tables.css 304 - 23ms","timestamp":"2026-04-29T17:31:46.685Z"}
{"level":"info","message":"GET /css/pages.css 304 - 5ms","timestamp":"2026-04-29T17:31:46.694Z"}
{"level":"info","message":"GET /css/ppt.css 304 - 7ms","timestamp":"2026-04-29T17:31:46.698Z"}
{"level":"info","message":"GET /css/utilities.css 304 - 2ms","timestamp":"2026-04-29T17:31:46.702Z"}
{"level":"info","message":"GET /js/helpers.js 304 - 2ms","timestamp":"2026-04-29T17:31:46.886Z"}
{"level":"info","message":"GET /js/dealForm.js 304 - 4ms","timestamp":"2026-04-29T17:31:46.889Z"}
{"level":"info","message":"GET /js/ppt.js 304 - 5ms","timestamp":"2026-04-29T17:31:46.890Z"}
{"level":"info","message":"GET /js/records.js 304 - 2ms","timestamp":"2026-04-29T17:31:46.893Z"}
{"level":"info","message":"GET /js/summary.js 304 - 5ms","timestamp":"2026-04-29T17:31:46.897Z"}
{"level":"info","message":"GET /js/health.js 304 - 5ms","timestamp":"2026-04-29T17:31:46.900Z"}
{"level":"info","message":"GET /js/ui.js 304 - 8ms","timestamp":"2026-04-29T17:31:46.905Z"}
{"level":"info","message":"GET /components/topbar.html 304 - 4ms","timestamp":"2026-04-29T17:31:46.921Z"}
{"level":"info","message":"GET /components/sidebar.html 304 - 15ms","timestamp":"2026-04-29T17:31:46.931Z"}
{"level":"info","message":"GET /favicon.ico 304 - 5ms","timestamp":"2026-04-29T17:31:46.944Z"}
{"level":"info","message":"GET /pages/records.html 304 - 4ms","timestamp":"2026-04-29T17:31:47.065Z"}
{"level":"info","message":"GET /pages/summary.html 304 - 5ms","timestamp":"2026-04-29T17:31:47.067Z"}
{"level":"info","message":"GET /pages/health.html 304 - 8ms","timestamp":"2026-04-29T17:31:47.071Z"}
{"level":"info","message":"GET /pages/new-deal.html 200 - 21ms","timestamp":"2026-04-29T17:31:47.081Z"}
{"level":"info","message":"GET /api/deals 304 - 109ms","timestamp":"2026-04-29T17:31:47.295Z"}
{"level":"info","message":"GET / 304 - 43ms","timestamp":"2026-04-29T17:37:15.951Z"}
{"level":"info","message":"GET /css/style.css 304 - 30ms","timestamp":"2026-04-29T17:37:16.201Z"}
{"level":"info","message":"GET /js/main.js 304 - 9ms","timestamp":"2026-04-29T17:37:16.205Z"}
{"level":"info","message":"GET /css/base.css 304 - 2ms","timestamp":"2026-04-29T17:37:16.220Z"}
{"level":"info","message":"GET /css/layout.css 304 - 4ms","timestamp":"2026-04-29T17:37:16.223Z"}
{"level":"info","message":"GET /css/forms.css 304 - 3ms","timestamp":"2026-04-29T17:37:16.238Z"}
{"level":"info","message":"GET /css/tables.css 304 - 11ms","timestamp":"2026-04-29T17:37:16.247Z"}
{"level":"info","message":"GET /css/components.css 304 - 4ms","timestamp":"2026-04-29T17:37:16.254Z"}
{"level":"info","message":"GET /css/pages.css 304 - 6ms","timestamp":"2026-04-29T17:37:16.257Z"}
{"level":"info","message":"GET /css/ppt.css 304 - 14ms","timestamp":"2026-04-29T17:37:16.284Z"}
{"level":"info","message":"GET /css/utilities.css 304 - 27ms","timestamp":"2026-04-29T17:37:16.298Z"}
{"level":"info","message":"GET /js/helpers.js 304 - 2ms","timestamp":"2026-04-29T17:37:16.501Z"}
{"level":"info","message":"GET /js/records.js 304 - 4ms","timestamp":"2026-04-29T17:37:16.505Z"}
{"level":"info","message":"GET /js/summary.js 304 - 6ms","timestamp":"2026-04-29T17:37:16.512Z"}
{"level":"info","message":"GET /js/health.js 304 - 4ms","timestamp":"2026-04-29T17:37:16.514Z"}
{"level":"info","message":"GET /js/dealForm.js 200 - 29ms","timestamp":"2026-04-29T17:37:16.529Z"}
{"level":"info","message":"GET /js/ppt.js 200 - 33ms","timestamp":"2026-04-29T17:37:16.533Z"}
{"level":"info","message":"GET /js/ui.js 200 - 18ms","timestamp":"2026-04-29T17:37:16.540Z"}
{"level":"info","message":"GET /components/topbar.html 304 - 4ms","timestamp":"2026-04-29T17:37:16.554Z"}
{"level":"info","message":"GET /components/sidebar.html 304 - 17ms","timestamp":"2026-04-29T17:37:16.569Z"}
{"level":"info","message":"GET /pages/records.html 304 - 4ms","timestamp":"2026-04-29T17:37:16.590Z"}
{"level":"info","message":"GET /pages/health.html 304 - 7ms","timestamp":"2026-04-29T17:37:16.593Z"}
{"level":"info","message":"GET /pages/summary.html 304 - 8ms","timestamp":"2026-04-29T17:37:16.595Z"}
{"level":"info","message":"GET /favicon.ico 304 - 13ms","timestamp":"2026-04-29T17:37:16.597Z"}
{"level":"info","message":"GET /pages/new-deal.html 200 - 15ms","timestamp":"2026-04-29T17:37:16.600Z"}
{"level":"info","message":"GET /api/deals 304 - 57ms","timestamp":"2026-04-29T17:37:16.803Z"}
{"level":"info","message":"POST /api/deals 201 - 210ms","timestamp":"2026-04-29T17:40:35.868Z"}
{"level":"info","message":"GET /api/deals 200 - 85ms","timestamp":"2026-04-29T17:40:37.377Z"}
{"level":"info","message":"GET / 304 - 43ms","timestamp":"2026-04-29T17:45:25.946Z"}
{"level":"info","message":"GET /css/style.css 304 - 12ms","timestamp":"2026-04-29T17:45:26.101Z"}
{"level":"info","message":"GET /js/main.js 304 - 14ms","timestamp":"2026-04-29T17:45:26.105Z"}
{"level":"info","message":"GET /css/base.css 304 - 3ms","timestamp":"2026-04-29T17:45:26.241Z"}
{"level":"info","message":"GET /css/layout.css 304 - 5ms","timestamp":"2026-04-29T17:45:26.244Z"}
{"level":"info","message":"GET /css/forms.css 304 - 7ms","timestamp":"2026-04-29T17:45:26.255Z"}
{"level":"info","message":"GET /css/components.css 304 - 6ms","timestamp":"2026-04-29T17:45:26.263Z"}
{"level":"info","message":"GET /css/ppt.css 304 - 10ms","timestamp":"2026-04-29T17:45:26.268Z"}
{"level":"info","message":"GET /css/utilities.css 304 - 11ms","timestamp":"2026-04-29T17:45:26.270Z"}
{"level":"info","message":"GET /css/tables.css 304 - 12ms","timestamp":"2026-04-29T17:45:26.272Z"}
{"level":"info","message":"GET /css/pages.css 304 - 13ms","timestamp":"2026-04-29T17:45:26.275Z"}
{"level":"info","message":"GET /js/helpers.js 304 - 6ms","timestamp":"2026-04-29T17:45:26.450Z"}
{"level":"info","message":"GET /js/dealForm.js 304 - 7ms","timestamp":"2026-04-29T17:45:26.452Z"}
{"level":"info","message":"GET /js/ppt.js 304 - 8ms","timestamp":"2026-04-29T17:45:26.453Z"}
{"level":"info","message":"GET /js/records.js 304 - 9ms","timestamp":"2026-04-29T17:45:26.455Z"}
{"level":"info","message":"GET /js/summary.js 304 - 11ms","timestamp":"2026-04-29T17:45:26.459Z"}
{"level":"info","message":"GET /js/health.js 304 - 6ms","timestamp":"2026-04-29T17:45:26.464Z"}
{"level":"info","message":"GET /js/ui.js 304 - 2ms","timestamp":"2026-04-29T17:45:26.468Z"}
{"level":"info","message":"GET /components/topbar.html 304 - 2ms","timestamp":"2026-04-29T17:45:26.482Z"}
{"level":"info","message":"GET /components/sidebar.html 304 - 4ms","timestamp":"2026-04-29T17:45:26.485Z"}
{"level":"info","message":"GET /pages/records.html 304 - 10ms","timestamp":"2026-04-29T17:45:26.507Z"}
{"level":"info","message":"GET /pages/summary.html 304 - 8ms","timestamp":"2026-04-29T17:45:26.509Z"}
{"level":"info","message":"GET /pages/health.html 304 - 8ms","timestamp":"2026-04-29T17:45:26.514Z"}
{"level":"info","message":"GET /pages/new-deal.html 200 - 28ms","timestamp":"2026-04-29T17:45:26.522Z"}
{"level":"info","message":"GET /favicon.ico 304 - 8ms","timestamp":"2026-04-29T17:45:26.525Z"}
{"level":"info","message":"GET /api/deals 304 - 95ms","timestamp":"2026-04-29T17:45:26.809Z"}
{"level":"info","message":"GET / 304 - 36ms","timestamp":"2026-04-29T17:47:18.275Z"}
{"level":"info","message":"GET /css/style.css 304 - 42ms","timestamp":"2026-04-29T17:47:18.464Z"}
{"level":"info","message":"GET /js/main.js 304 - 17ms","timestamp":"2026-04-29T17:47:18.471Z"}
{"level":"info","message":"GET /css/base.css 304 - 2ms","timestamp":"2026-04-29T17:47:18.485Z"}
{"level":"info","message":"GET /css/layout.css 304 - 5ms","timestamp":"2026-04-29T17:47:18.489Z"}
{"level":"info","message":"GET /css/components.css 304 - 3ms","timestamp":"2026-04-29T17:47:18.500Z"}
{"level":"info","message":"GET /css/pages.css 304 - 6ms","timestamp":"2026-04-29T17:47:18.508Z"}
{"level":"info","message":"GET /css/ppt.css 304 - 13ms","timestamp":"2026-04-29T17:47:18.515Z"}
{"level":"info","message":"GET /css/forms.css 304 - 13ms","timestamp":"2026-04-29T17:47:18.518Z"}
{"level":"info","message":"GET /css/tables.css 304 - 16ms","timestamp":"2026-04-29T17:47:18.521Z"}
{"level":"info","message":"GET /css/utilities.css 304 - 22ms","timestamp":"2026-04-29T17:47:18.529Z"}
{"level":"info","message":"GET /js/helpers.js 304 - 3ms","timestamp":"2026-04-29T17:47:18.687Z"}
{"level":"info","message":"GET /js/dealForm.js 304 - 4ms","timestamp":"2026-04-29T17:47:18.689Z"}
{"level":"info","message":"GET /js/ppt.js 304 - 10ms","timestamp":"2026-04-29T17:47:18.695Z"}
{"level":"info","message":"GET /js/records.js 304 - 12ms","timestamp":"2026-04-29T17:47:18.698Z"}
{"level":"info","message":"GET /js/summary.js 304 - 2ms","timestamp":"2026-04-29T17:47:18.702Z"}
{"level":"info","message":"GET /js/health.js 304 - 5ms","timestamp":"2026-04-29T17:47:18.706Z"}
{"level":"info","message":"GET /js/ui.js 304 - 9ms","timestamp":"2026-04-29T17:47:18.712Z"}
{"level":"info","message":"GET /components/topbar.html 304 - 2ms","timestamp":"2026-04-29T17:47:18.723Z"}
{"level":"info","message":"GET /components/sidebar.html 304 - 5ms","timestamp":"2026-04-29T17:47:18.727Z"}
{"level":"info","message":"GET /favicon.ico 304 - 2ms","timestamp":"2026-04-29T17:47:18.738Z"}
{"level":"info","message":"GET /pages/new-deal.html 304 - 6ms","timestamp":"2026-04-29T17:47:18.750Z"}
{"level":"info","message":"GET /pages/records.html 304 - 6ms","timestamp":"2026-04-29T17:47:18.751Z"}
{"level":"info","message":"GET /pages/summary.html 304 - 7ms","timestamp":"2026-04-29T17:47:18.754Z"}
{"level":"info","message":"GET /pages/health.html 304 - 7ms","timestamp":"2026-04-29T17:47:18.756Z"}
{"level":"info","message":"GET /api/deals 304 - 61ms","timestamp":"2026-04-29T17:47:18.990Z"}
{"level":"info","message":"GET / 304 - 195ms","timestamp":"2026-04-29T17:56:57.670Z"}
{"level":"info","message":"GET /css/style.css 304 - 87ms","timestamp":"2026-04-29T17:56:58.075Z"}
{"level":"info","message":"GET /js/main.js 304 - 51ms","timestamp":"2026-04-29T17:56:58.094Z"}
{"level":"info","message":"GET /css/base.css 304 - 20ms","timestamp":"2026-04-29T17:56:58.121Z"}
{"level":"info","message":"GET /css/layout.css 304 - 13ms","timestamp":"2026-04-29T17:56:58.126Z"}
{"level":"info","message":"GET /css/components.css 304 - 18ms","timestamp":"2026-04-29T17:56:58.134Z"}
{"level":"info","message":"GET /css/forms.css 304 - 21ms","timestamp":"2026-04-29T17:56:58.139Z"}
{"level":"info","message":"GET /css/tables.css 304 - 34ms","timestamp":"2026-04-29T17:56:58.153Z"}
{"level":"info","message":"GET /css/pages.css 304 - 5ms","timestamp":"2026-04-29T17:56:58.156Z"}
{"level":"info","message":"GET /css/ppt.css 304 - 6ms","timestamp":"2026-04-29T17:56:58.165Z"}
{"level":"info","message":"GET /css/utilities.css 304 - 7ms","timestamp":"2026-04-29T17:56:58.167Z"}
{"level":"info","message":"GET /js/helpers.js 304 - 3ms","timestamp":"2026-04-29T17:56:58.392Z"}
{"level":"info","message":"GET /js/ppt.js 304 - 8ms","timestamp":"2026-04-29T17:56:58.397Z"}
{"level":"info","message":"GET /js/dealForm.js 304 - 11ms","timestamp":"2026-04-29T17:56:58.401Z"}
{"level":"info","message":"GET /js/records.js 304 - 15ms","timestamp":"2026-04-29T17:56:58.406Z"}
{"level":"info","message":"GET /js/summary.js 304 - 18ms","timestamp":"2026-04-29T17:56:58.421Z"}
{"level":"info","message":"GET /js/health.js 304 - 7ms","timestamp":"2026-04-29T17:56:58.426Z"}
{"level":"info","message":"GET /js/ui.js 304 - 13ms","timestamp":"2026-04-29T17:56:58.433Z"}
{"level":"info","message":"GET /components/topbar.html 304 - 6ms","timestamp":"2026-04-29T17:56:58.454Z"}
{"level":"info","message":"GET /components/sidebar.html 304 - 12ms","timestamp":"2026-04-29T17:56:58.463Z"}
{"level":"info","message":"GET /favicon.ico 304 - 4ms","timestamp":"2026-04-29T17:56:58.476Z"}
{"level":"info","message":"GET /pages/records.html 304 - 4ms","timestamp":"2026-04-29T17:56:58.490Z"}
{"level":"info","message":"GET /pages/new-deal.html 304 - 6ms","timestamp":"2026-04-29T17:56:58.501Z"}
{"level":"info","message":"GET /pages/summary.html 304 - 7ms","timestamp":"2026-04-29T17:56:58.503Z"}
{"level":"info","message":"GET /pages/health.html 304 - 6ms","timestamp":"2026-04-29T17:56:58.505Z"}
{"level":"info","message":"GET /api/deals 304 - 118ms","timestamp":"2026-04-29T17:56:59.052Z"}
{"level":"info","message":"GET /api/deals/health 200 - 202ms","timestamp":"2026-04-29T17:57:31.683Z"}
{"level":"info","message":"GET /api/deals/health 200 - 15ms","timestamp":"2026-04-29T17:57:31.706Z"}
{"level":"info","message":"GET /api/deals/health 200 - 22ms","timestamp":"2026-04-29T17:57:37.293Z"}
{"level":"info","message":"GET /api/deals/health 200 - 26ms","timestamp":"2026-04-29T17:57:37.326Z"}
{"level":"info","message":"GET / 304 - 43ms","timestamp":"2026-04-29T18:04:38.000Z"}
{"level":"info","message":"GET /css/style.css 304 - 8ms","timestamp":"2026-04-29T18:04:38.252Z"}
{"level":"info","message":"GET /js/main.js 304 - 20ms","timestamp":"2026-04-29T18:04:38.269Z"}
{"level":"info","message":"GET /css/base.css 304 - 35ms","timestamp":"2026-04-29T18:04:38.315Z"}
{"level":"info","message":"GET /css/layout.css 304 - 17ms","timestamp":"2026-04-29T18:04:38.329Z"}
{"level":"info","message":"GET /css/components.css 304 - 13ms","timestamp":"2026-04-29T18:04:38.355Z"}
{"level":"info","message":"GET /css/forms.css 304 - 17ms","timestamp":"2026-04-29T18:04:38.362Z"}
{"level":"info","message":"GET /css/tables.css 304 - 29ms","timestamp":"2026-04-29T18:04:38.375Z"}
{"level":"info","message":"GET /css/pages.css 304 - 31ms","timestamp":"2026-04-29T18:04:38.379Z"}
{"level":"info","message":"GET /css/ppt.css 304 - 33ms","timestamp":"2026-04-29T18:04:38.385Z"}
{"level":"info","message":"GET /css/utilities.css 304 - 15ms","timestamp":"2026-04-29T18:04:38.397Z"}
{"level":"info","message":"GET /js/helpers.js 304 - 4ms","timestamp":"2026-04-29T18:04:38.609Z"}
{"level":"info","message":"GET /js/dealForm.js 304 - 5ms","timestamp":"2026-04-29T18:04:38.611Z"}
{"level":"info","message":"GET /js/ppt.js 304 - 7ms","timestamp":"2026-04-29T18:04:38.613Z"}
{"level":"info","message":"GET /js/records.js 304 - 8ms","timestamp":"2026-04-29T18:04:38.615Z"}
{"level":"info","message":"GET /js/summary.js 304 - 11ms","timestamp":"2026-04-29T18:04:38.618Z"}
{"level":"info","message":"GET /js/health.js 304 - 15ms","timestamp":"2026-04-29T18:04:38.622Z"}
{"level":"info","message":"GET /js/ui.js 304 - 1ms","timestamp":"2026-04-29T18:04:38.627Z"}
{"level":"info","message":"GET /components/topbar.html 304 - 4ms","timestamp":"2026-04-29T18:04:38.640Z"}
{"level":"info","message":"GET /components/sidebar.html 304 - 4ms","timestamp":"2026-04-29T18:04:38.643Z"}
{"level":"info","message":"GET /favicon.ico 304 - 4ms","timestamp":"2026-04-29T18:04:38.657Z"}
{"level":"info","message":"GET /pages/new-deal.html 304 - 7ms","timestamp":"2026-04-29T18:04:38.668Z"}
{"level":"info","message":"GET /pages/records.html 304 - 12ms","timestamp":"2026-04-29T18:04:38.676Z"}
{"level":"info","message":"GET /pages/summary.html 304 - 14ms","timestamp":"2026-04-29T18:04:38.679Z"}
{"level":"info","message":"GET /pages/health.html 304 - 15ms","timestamp":"2026-04-29T18:04:38.681Z"}
{"level":"info","message":"GET /api/deals 304 - 83ms","timestamp":"2026-04-29T18:04:38.972Z"}
{"level":"info","message":"GET / 304 - 29ms","timestamp":"2026-04-29T18:13:25.263Z"}
{"level":"info","message":"GET /css/style.css 304 - 4ms","timestamp":"2026-04-29T18:13:25.621Z"}
{"level":"info","message":"GET /js/main.js 304 - 16ms","timestamp":"2026-04-29T18:13:25.635Z"}
{"level":"info","message":"GET /css/base.css 304 - 15ms","timestamp":"2026-04-29T18:13:25.681Z"}
{"level":"info","message":"GET /css/layout.css 304 - 14ms","timestamp":"2026-04-29T18:13:25.682Z"}
{"level":"info","message":"GET /css/components.css 304 - 37ms","timestamp":"2026-04-29T18:13:25.716Z"}
{"level":"info","message":"GET /css/forms.css 304 - 36ms","timestamp":"2026-04-29T18:13:25.722Z"}
{"level":"info","message":"GET /css/pages.css 304 - 33ms","timestamp":"2026-04-29T18:13:25.728Z"}
{"level":"info","message":"GET /css/tables.css 304 - 29ms","timestamp":"2026-04-29T18:13:25.744Z"}
{"level":"info","message":"GET /css/ppt.css 304 - 4ms","timestamp":"2026-04-29T18:13:25.751Z"}
{"level":"info","message":"GET /css/utilities.css 304 - 9ms","timestamp":"2026-04-29T18:13:25.758Z"}
{"level":"info","message":"GET /js/helpers.js 304 - 3ms","timestamp":"2026-04-29T18:13:25.959Z"}
{"level":"info","message":"GET /js/dealForm.js 304 - 4ms","timestamp":"2026-04-29T18:13:25.961Z"}
{"level":"info","message":"GET /js/ppt.js 304 - 4ms","timestamp":"2026-04-29T18:13:25.962Z"}
{"level":"info","message":"GET /js/records.js 304 - 2ms","timestamp":"2026-04-29T18:13:25.965Z"}
{"level":"info","message":"GET /js/summary.js 304 - 2ms","timestamp":"2026-04-29T18:13:25.966Z"}
{"level":"info","message":"GET /js/health.js 304 - 5ms","timestamp":"2026-04-29T18:13:25.969Z"}
{"level":"info","message":"GET /js/ui.js 304 - 3ms","timestamp":"2026-04-29T18:13:25.970Z"}
{"level":"info","message":"GET /components/topbar.html 304 - 1ms","timestamp":"2026-04-29T18:13:25.980Z"}
{"level":"info","message":"GET /components/sidebar.html 304 - 2ms","timestamp":"2026-04-29T18:13:25.981Z"}
{"level":"info","message":"GET /pages/summary.html 304 - 5ms","timestamp":"2026-04-29T18:13:25.994Z"}
{"level":"info","message":"GET /pages/records.html 304 - 11ms","timestamp":"2026-04-29T18:13:25.999Z"}
{"level":"info","message":"GET /pages/health.html 304 - 16ms","timestamp":"2026-04-29T18:13:26.008Z"}
{"level":"info","message":"GET /pages/new-deal.html 200 - 27ms","timestamp":"2026-04-29T18:13:26.018Z"}
{"level":"info","message":"GET /favicon.ico 304 - 2ms","timestamp":"2026-04-29T18:13:26.156Z"}
{"level":"info","message":"GET /api/deals 304 - 68ms","timestamp":"2026-04-29T18:13:26.233Z"}
{"level":"info","message":"GET / 304 - 5ms","timestamp":"2026-04-29T18:14:26.365Z"}
{"level":"info","message":"GET /css/style.css 304 - 6ms","timestamp":"2026-04-29T18:14:26.638Z"}
{"level":"info","message":"GET /js/main.js 304 - 5ms","timestamp":"2026-04-29T18:14:26.641Z"}
{"level":"info","message":"GET /css/base.css 304 - 6ms","timestamp":"2026-04-29T18:14:26.682Z"}
{"level":"info","message":"GET /css/layout.css 304 - 8ms","timestamp":"2026-04-29T18:14:26.685Z"}
{"level":"info","message":"GET /css/forms.css 304 - 3ms","timestamp":"2026-04-29T18:14:26.693Z"}
{"level":"info","message":"GET /css/components.css 304 - 4ms","timestamp":"2026-04-29T18:14:26.695Z"}
{"level":"info","message":"GET /css/ppt.css 304 - 2ms","timestamp":"2026-04-29T18:14:26.699Z"}
{"level":"info","message":"GET /css/utilities.css 304 - 4ms","timestamp":"2026-04-29T18:14:26.701Z"}
{"level":"info","message":"GET /css/tables.css 304 - 7ms","timestamp":"2026-04-29T18:14:26.705Z"}
{"level":"info","message":"GET /css/pages.css 304 - 10ms","timestamp":"2026-04-29T18:14:26.708Z"}
{"level":"info","message":"GET /js/helpers.js 304 - 2ms","timestamp":"2026-04-29T18:14:26.870Z"}
{"level":"info","message":"GET /js/dealForm.js 304 - 3ms","timestamp":"2026-04-29T18:14:26.872Z"}
{"level":"info","message":"GET /js/ppt.js 304 - 5ms","timestamp":"2026-04-29T18:14:26.874Z"}
{"level":"info","message":"GET /js/records.js 304 - 1ms","timestamp":"2026-04-29T18:14:26.875Z"}
{"level":"info","message":"GET /js/summary.js 304 - 2ms","timestamp":"2026-04-29T18:14:26.880Z"}
{"level":"info","message":"GET /js/health.js 304 - 3ms","timestamp":"2026-04-29T18:14:26.881Z"}
{"level":"info","message":"GET /js/ui.js 304 - 3ms","timestamp":"2026-04-29T18:14:26.882Z"}
{"level":"info","message":"GET /components/topbar.html 304 - 1ms","timestamp":"2026-04-29T18:14:26.893Z"}
{"level":"info","message":"GET /components/sidebar.html 304 - 2ms","timestamp":"2026-04-29T18:14:26.894Z"}
{"level":"info","message":"GET /pages/records.html 304 - 3ms","timestamp":"2026-04-29T18:14:26.904Z"}
{"level":"info","message":"GET /pages/summary.html 304 - 4ms","timestamp":"2026-04-29T18:14:26.911Z"}
{"level":"info","message":"GET /pages/health.html 304 - 3ms","timestamp":"2026-04-29T18:14:26.912Z"}
{"level":"info","message":"GET /pages/new-deal.html 200 - 16ms","timestamp":"2026-04-29T18:14:26.917Z"}
{"level":"info","message":"GET /favicon.ico 304 - 9ms","timestamp":"2026-04-29T18:14:26.918Z"}
{"level":"info","message":"GET /api/deals 304 - 26ms","timestamp":"2026-04-29T18:14:27.144Z"}
{"level":"info","message":"GET / 304 - 5ms","timestamp":"2026-04-29T18:16:35.556Z"}
{"level":"info","message":"GET /css/style.css 304 - 3ms","timestamp":"2026-04-29T18:16:35.734Z"}
{"level":"info","message":"GET /js/main.js 304 - 3ms","timestamp":"2026-04-29T18:16:35.741Z"}
{"level":"info","message":"GET /css/base.css 304 - 1ms","timestamp":"2026-04-29T18:16:35.764Z"}
{"level":"info","message":"GET /css/layout.css 304 - 2ms","timestamp":"2026-04-29T18:16:35.766Z"}
{"level":"info","message":"GET /css/components.css 304 - 2ms","timestamp":"2026-04-29T18:16:35.771Z"}
{"level":"info","message":"GET /css/forms.css 304 - 8ms","timestamp":"2026-04-29T18:16:35.778Z"}
{"level":"info","message":"GET /css/tables.css 304 - 2ms","timestamp":"2026-04-29T18:16:35.782Z"}
{"level":"info","message":"GET /css/pages.css 304 - 2ms","timestamp":"2026-04-29T18:16:35.785Z"}
{"level":"info","message":"GET /css/ppt.css 304 - 19ms","timestamp":"2026-04-29T18:16:35.803Z"}
{"level":"info","message":"GET /css/utilities.css 304 - 1ms","timestamp":"2026-04-29T18:16:35.814Z"}
{"level":"info","message":"GET /js/helpers.js 304 - 2ms","timestamp":"2026-04-29T18:16:36.017Z"}
{"level":"info","message":"GET /js/dealForm.js 304 - 3ms","timestamp":"2026-04-29T18:16:36.018Z"}
{"level":"info","message":"GET /js/ppt.js 304 - 3ms","timestamp":"2026-04-29T18:16:36.019Z"}
{"level":"info","message":"GET /js/records.js 304 - 4ms","timestamp":"2026-04-29T18:16:36.020Z"}
{"level":"info","message":"GET /js/ui.js 304 - 7ms","timestamp":"2026-04-29T18:16:36.029Z"}
{"level":"info","message":"GET /js/summary.js 304 - 4ms","timestamp":"2026-04-29T18:16:36.031Z"}
{"level":"info","message":"GET /js/health.js 304 - 5ms","timestamp":"2026-04-29T18:16:36.033Z"}
{"level":"info","message":"GET /components/topbar.html 304 - 3ms","timestamp":"2026-04-29T18:16:36.041Z"}
{"level":"info","message":"GET /components/sidebar.html 304 - 3ms","timestamp":"2026-04-29T18:16:36.043Z"}
{"level":"info","message":"GET /favicon.ico 304 - 2ms","timestamp":"2026-04-29T18:16:36.053Z"}
{"level":"info","message":"GET /pages/records.html 304 - 6ms","timestamp":"2026-04-29T18:16:36.064Z"}
{"level":"info","message":"GET /pages/summary.html 304 - 7ms","timestamp":"2026-04-29T18:16:36.065Z"}
{"level":"info","message":"GET /pages/health.html 304 - 4ms","timestamp":"2026-04-29T18:16:36.066Z"}
{"level":"info","message":"GET /pages/new-deal.html 200 - 14ms","timestamp":"2026-04-29T18:16:36.068Z"}
{"level":"info","message":"GET /api/deals 304 - 16ms","timestamp":"2026-04-29T18:16:36.203Z"}
{"level":"info","message":"GET / 304 - 5ms","timestamp":"2026-04-29T18:19:31.533Z"}
{"level":"info","message":"GET /css/style.css 304 - 9ms","timestamp":"2026-04-29T18:19:31.809Z"}
{"level":"info","message":"GET /js/main.js 304 - 31ms","timestamp":"2026-04-29T18:19:31.835Z"}
{"level":"info","message":"GET /css/base.css 304 - 33ms","timestamp":"2026-04-29T18:19:31.873Z"}
{"level":"info","message":"GET /css/layout.css 304 - 11ms","timestamp":"2026-04-29T18:19:31.877Z"}
{"level":"info","message":"GET /css/components.css 304 - 13ms","timestamp":"2026-04-29T18:19:31.881Z"}
{"level":"info","message":"GET /css/forms.css 304 - 18ms","timestamp":"2026-04-29T18:19:31.887Z"}
{"level":"info","message":"GET /css/tables.css 304 - 25ms","timestamp":"2026-04-29T18:19:31.894Z"}
{"level":"info","message":"GET /css/pages.css 304 - 5ms","timestamp":"2026-04-29T18:19:31.897Z"}
{"level":"info","message":"GET /css/ppt.css 304 - 9ms","timestamp":"2026-04-29T18:19:31.903Z"}
{"level":"info","message":"GET /css/utilities.css 304 - 1ms","timestamp":"2026-04-29T18:19:31.907Z"}
{"level":"info","message":"GET /js/helpers.js 304 - 2ms","timestamp":"2026-04-29T18:19:32.117Z"}
{"level":"info","message":"GET /js/dealForm.js 304 - 3ms","timestamp":"2026-04-29T18:19:32.119Z"}
{"level":"info","message":"GET /js/ppt.js 304 - 2ms","timestamp":"2026-04-29T18:19:32.120Z"}
{"level":"info","message":"GET /js/records.js 304 - 5ms","timestamp":"2026-04-29T18:19:32.123Z"}
{"level":"info","message":"GET /js/summary.js 304 - 3ms","timestamp":"2026-04-29T18:19:32.125Z"}
{"level":"info","message":"GET /js/health.js 304 - 1ms","timestamp":"2026-04-29T18:19:32.128Z"}
{"level":"info","message":"GET /js/ui.js 304 - 3ms","timestamp":"2026-04-29T18:19:32.131Z"}
{"level":"info","message":"GET /components/topbar.html 304 - 2ms","timestamp":"2026-04-29T18:19:32.139Z"}
{"level":"info","message":"GET /components/sidebar.html 304 - 2ms","timestamp":"2026-04-29T18:19:32.140Z"}
{"level":"info","message":"GET /pages/records.html 304 - 2ms","timestamp":"2026-04-29T18:19:32.148Z"}
{"level":"info","message":"GET /pages/summary.html 304 - 4ms","timestamp":"2026-04-29T18:19:32.151Z"}
{"level":"info","message":"GET /pages/health.html 304 - 1ms","timestamp":"2026-04-29T18:19:32.153Z"}
{"level":"info","message":"GET /pages/new-deal.html 200 - 10ms","timestamp":"2026-04-29T18:19:32.156Z"}
{"level":"info","message":"GET /favicon.ico 304 - 6ms","timestamp":"2026-04-29T18:19:32.158Z"}
{"level":"info","message":"GET /api/deals 304 - 19ms","timestamp":"2026-04-29T18:19:32.322Z"}
{"level":"info","message":"GET / 304 - 4ms","timestamp":"2026-04-29T18:20:15.100Z"}
{"level":"info","message":"GET /css/style.css 304 - 1ms","timestamp":"2026-04-29T18:20:15.342Z"}
{"level":"info","message":"GET /js/main.js 304 - 3ms","timestamp":"2026-04-29T18:20:15.350Z"}
{"level":"info","message":"GET /css/base.css 304 - 3ms","timestamp":"2026-04-29T18:20:15.381Z"}
{"level":"info","message":"GET /css/layout.css 304 - 7ms","timestamp":"2026-04-29T18:20:15.386Z"}
{"level":"info","message":"GET /css/components.css 304 - 3ms","timestamp":"2026-04-29T18:20:15.394Z"}
{"level":"info","message":"GET /css/forms.css 304 - 3ms","timestamp":"2026-04-29T18:20:15.397Z"}
{"level":"info","message":"GET /css/ppt.css 304 - 6ms","timestamp":"2026-04-29T18:20:15.408Z"}
{"level":"info","message":"GET /css/utilities.css 304 - 5ms","timestamp":"2026-04-29T18:20:15.410Z"}
{"level":"info","message":"GET /css/tables.css 304 - 5ms","timestamp":"2026-04-29T18:20:15.412Z"}
{"level":"info","message":"GET /css/pages.css 304 - 8ms","timestamp":"2026-04-29T18:20:15.415Z"}
{"level":"info","message":"GET /js/helpers.js 304 - 1ms","timestamp":"2026-04-29T18:20:15.593Z"}
{"level":"info","message":"GET /js/dealForm.js 304 - 3ms","timestamp":"2026-04-29T18:20:15.595Z"}
{"level":"info","message":"GET /js/ppt.js 304 - 4ms","timestamp":"2026-04-29T18:20:15.596Z"}
{"level":"info","message":"GET /js/records.js 304 - 5ms","timestamp":"2026-04-29T18:20:15.598Z"}
{"level":"info","message":"GET /js/summary.js 304 - 5ms","timestamp":"2026-04-29T18:20:15.605Z"}
{"level":"info","message":"GET /js/health.js 304 - 6ms","timestamp":"2026-04-29T18:20:15.607Z"}
{"level":"info","message":"GET /js/ui.js 304 - 2ms","timestamp":"2026-04-29T18:20:15.610Z"}
{"level":"info","message":"GET /components/topbar.html 304 - 4ms","timestamp":"2026-04-29T18:20:15.623Z"}
{"level":"info","message":"GET /components/sidebar.html 304 - 5ms","timestamp":"2026-04-29T18:20:15.625Z"}
{"level":"info","message":"GET /pages/records.html 304 - 4ms","timestamp":"2026-04-29T18:20:15.638Z"}
{"level":"info","message":"GET /pages/summary.html 304 - 6ms","timestamp":"2026-04-29T18:20:15.642Z"}
{"level":"info","message":"GET /pages/health.html 304 - 5ms","timestamp":"2026-04-29T18:20:15.644Z"}
{"level":"info","message":"GET /pages/new-deal.html 200 - 18ms","timestamp":"2026-04-29T18:20:15.651Z"}
{"level":"info","message":"GET /favicon.ico 304 - 14ms","timestamp":"2026-04-29T18:20:15.654Z"}
{"level":"info","message":"GET /api/deals 304 - 44ms","timestamp":"2026-04-29T18:20:15.868Z"}
{"level":"info","message":"GET / 304 - 4ms","timestamp":"2026-04-29T18:21:27.352Z"}
{"level":"info","message":"GET /css/style.css 304 - 8ms","timestamp":"2026-04-29T18:21:27.614Z"}
{"level":"info","message":"GET /js/main.js 304 - 2ms","timestamp":"2026-04-29T18:21:27.617Z"}
{"level":"info","message":"GET /css/base.css 304 - 6ms","timestamp":"2026-04-29T18:21:27.658Z"}
{"level":"info","message":"GET /css/layout.css 304 - 8ms","timestamp":"2026-04-29T18:21:27.661Z"}
{"level":"info","message":"GET /css/tables.css 304 - 2ms","timestamp":"2026-04-29T18:21:27.664Z"}
{"level":"info","message":"GET /css/components.css 304 - 2ms","timestamp":"2026-04-29T18:21:27.667Z"}
{"level":"info","message":"GET /css/forms.css 304 - 4ms","timestamp":"2026-04-29T18:21:27.669Z"}
{"level":"info","message":"GET /css/ppt.css 304 - 4ms","timestamp":"2026-04-29T18:21:27.670Z"}
{"level":"info","message":"GET /css/pages.css 304 - 5ms","timestamp":"2026-04-29T18:21:27.671Z"}
{"level":"info","message":"GET /css/utilities.css 304 - 0ms","timestamp":"2026-04-29T18:21:27.673Z"}
{"level":"info","message":"GET /js/helpers.js 304 - 1ms","timestamp":"2026-04-29T18:21:27.851Z"}
{"level":"info","message":"GET /js/dealForm.js 304 - 2ms","timestamp":"2026-04-29T18:21:27.853Z"}
{"level":"info","message":"GET /js/ppt.js 304 - 3ms","timestamp":"2026-04-29T18:21:27.854Z"}
{"level":"info","message":"GET /js/records.js 304 - 2ms","timestamp":"2026-04-29T18:21:27.857Z"}
{"level":"info","message":"GET /js/summary.js 304 - 2ms","timestamp":"2026-04-29T18:21:27.858Z"}
{"level":"info","message":"GET /js/health.js 304 - 6ms","timestamp":"2026-04-29T18:21:27.862Z"}
{"level":"info","message":"GET /js/ui.js 304 - 1ms","timestamp":"2026-04-29T18:21:27.864Z"}
{"level":"info","message":"GET /components/topbar.html 304 - 1ms","timestamp":"2026-04-29T18:21:27.872Z"}
{"level":"info","message":"GET /components/sidebar.html 304 - 2ms","timestamp":"2026-04-29T18:21:27.873Z"}
{"level":"info","message":"GET /pages/records.html 304 - 2ms","timestamp":"2026-04-29T18:21:27.887Z"}
{"level":"info","message":"GET /pages/summary.html 304 - 4ms","timestamp":"2026-04-29T18:21:27.889Z"}
{"level":"info","message":"GET /pages/health.html 304 - 7ms","timestamp":"2026-04-29T18:21:27.893Z"}
{"level":"info","message":"GET /pages/new-deal.html 200 - 11ms","timestamp":"2026-04-29T18:21:27.895Z"}
{"level":"info","message":"GET /favicon.ico 304 - 6ms","timestamp":"2026-04-29T18:21:27.897Z"}
{"level":"info","message":"GET /api/deals 304 - 30ms","timestamp":"2026-04-29T18:21:28.157Z"}
{"level":"info","message":"GET / 304 - 2ms","timestamp":"2026-04-29T18:22:03.761Z"}
{"level":"info","message":"GET /css/style.css 304 - 16ms","timestamp":"2026-04-29T18:22:03.887Z"}
{"level":"info","message":"GET /js/main.js 304 - 1ms","timestamp":"2026-04-29T18:22:03.952Z"}
{"level":"info","message":"GET /css/base.css 304 - 17ms","timestamp":"2026-04-29T18:22:03.971Z"}
{"level":"info","message":"GET /css/layout.css 304 - 26ms","timestamp":"2026-04-29T18:22:03.985Z"}
{"level":"info","message":"GET /css/components.css 304 - 30ms","timestamp":"2026-04-29T18:22:03.990Z"}
{"level":"info","message":"GET /css/forms.css 304 - 35ms","timestamp":"2026-04-29T18:22:04.001Z"}
{"level":"info","message":"GET /css/tables.css 304 - 40ms","timestamp":"2026-04-29T18:22:04.009Z"}
{"level":"info","message":"GET /css/pages.css 304 - 53ms","timestamp":"2026-04-29T18:22:04.022Z"}
{"level":"info","message":"GET /css/ppt.css 304 - 2ms","timestamp":"2026-04-29T18:22:04.026Z"}
{"level":"info","message":"GET /css/utilities.css 304 - 9ms","timestamp":"2026-04-29T18:22:04.033Z"}
{"level":"info","message":"GET /js/helpers.js 304 - 2ms","timestamp":"2026-04-29T18:22:04.222Z"}
{"level":"info","message":"GET /js/dealForm.js 304 - 2ms","timestamp":"2026-04-29T18:22:04.223Z"}
{"level":"info","message":"GET /js/ppt.js 304 - 5ms","timestamp":"2026-04-29T18:22:04.226Z"}
{"level":"info","message":"GET /js/records.js 304 - 4ms","timestamp":"2026-04-29T18:22:04.227Z"}
{"level":"info","message":"GET /js/summary.js 304 - 5ms","timestamp":"2026-04-29T18:22:04.230Z"}
{"level":"info","message":"GET /js/health.js 304 - 8ms","timestamp":"2026-04-29T18:22:04.233Z"}
{"level":"info","message":"GET /js/ui.js 304 - 1ms","timestamp":"2026-04-29T18:22:04.235Z"}
{"level":"info","message":"GET /components/topbar.html 304 - 1ms","timestamp":"2026-04-29T18:22:04.242Z"}
{"level":"info","message":"GET /components/sidebar.html 304 - 2ms","timestamp":"2026-04-29T18:22:04.243Z"}
{"level":"info","message":"GET /favicon.ico 304 - 2ms","timestamp":"2026-04-29T18:22:04.256Z"}
{"level":"info","message":"GET /pages/records.html 304 - 2ms","timestamp":"2026-04-29T18:22:04.261Z"}
{"level":"info","message":"GET /pages/summary.html 304 - 6ms","timestamp":"2026-04-29T18:22:04.265Z"}
{"level":"info","message":"GET /pages/health.html 304 - 6ms","timestamp":"2026-04-29T18:22:04.266Z"}
{"level":"info","message":"GET /pages/new-deal.html 200 - 10ms","timestamp":"2026-04-29T18:22:04.268Z"}
{"level":"info","message":"GET /api/deals 304 - 15ms","timestamp":"2026-04-29T18:22:04.457Z"}
{"level":"info","message":"GET / 304 - 4ms","timestamp":"2026-04-29T18:24:19.890Z"}
{"level":"info","message":"GET /css/style.css 304 - 54ms","timestamp":"2026-04-29T18:24:20.161Z"}
{"level":"info","message":"GET /js/main.js 304 - 20ms","timestamp":"2026-04-29T18:24:20.167Z"}
{"level":"info","message":"GET /css/base.css 304 - 4ms","timestamp":"2026-04-29T18:24:20.175Z"}
{"level":"info","message":"GET /css/layout.css 304 - 4ms","timestamp":"2026-04-29T18:24:20.177Z"}
{"level":"info","message":"GET /css/components.css 304 - 15ms","timestamp":"2026-04-29T18:24:20.196Z"}
{"level":"info","message":"GET /css/ppt.css 304 - 35ms","timestamp":"2026-04-29T18:24:20.224Z"}
{"level":"info","message":"GET /css/forms.css 304 - 83ms","timestamp":"2026-04-29T18:24:20.273Z"}
{"level":"info","message":"GET /css/tables.css 304 - 96ms","timestamp":"2026-04-29T18:24:20.290Z"}
{"level":"info","message":"GET /css/pages.css 304 - 104ms","timestamp":"2026-04-29T18:24:20.298Z"}
{"level":"info","message":"GET /css/utilities.css 304 - 10ms","timestamp":"2026-04-29T18:24:20.306Z"}
{"level":"info","message":"GET /js/helpers.js 304 - 1ms","timestamp":"2026-04-29T18:24:20.605Z"}
{"level":"info","message":"GET /js/dealForm.js 304 - 2ms","timestamp":"2026-04-29T18:24:20.608Z"}
{"level":"info","message":"GET /js/ppt.js 304 - 3ms","timestamp":"2026-04-29T18:24:20.609Z"}
{"level":"info","message":"GET /js/records.js 304 - 3ms","timestamp":"2026-04-29T18:24:20.610Z"}
{"level":"info","message":"GET /js/summary.js 304 - 7ms","timestamp":"2026-04-29T18:24:20.614Z"}
{"level":"info","message":"GET /js/health.js 304 - 5ms","timestamp":"2026-04-29T18:24:20.616Z"}
{"level":"info","message":"GET /js/ui.js 304 - 6ms","timestamp":"2026-04-29T18:24:20.619Z"}
{"level":"info","message":"GET /components/topbar.html 304 - 1ms","timestamp":"2026-04-29T18:24:20.628Z"}
{"level":"info","message":"GET /components/sidebar.html 304 - 2ms","timestamp":"2026-04-29T18:24:20.629Z"}
{"level":"info","message":"GET /favicon.ico 304 - 3ms","timestamp":"2026-04-29T18:24:20.644Z"}
{"level":"info","message":"GET /pages/records.html 304 - 3ms","timestamp":"2026-04-29T18:24:20.651Z"}
{"level":"info","message":"GET /pages/summary.html 304 - 5ms","timestamp":"2026-04-29T18:24:20.653Z"}
{"level":"info","message":"GET /pages/health.html 304 - 5ms","timestamp":"2026-04-29T18:24:20.654Z"}
{"level":"info","message":"GET /pages/new-deal.html 200 - 12ms","timestamp":"2026-04-29T18:24:20.656Z"}
{"level":"info","message":"GET /api/deals 304 - 29ms","timestamp":"2026-04-29T18:24:20.852Z"}
{"level":"info","message":"GET / 304 - 4ms","timestamp":"2026-04-29T18:27:44.324Z"}
{"level":"info","message":"GET /css/style.css 304 - 4ms","timestamp":"2026-04-29T18:27:44.595Z"}
{"level":"info","message":"GET /js/main.js 304 - 1ms","timestamp":"2026-04-29T18:27:44.607Z"}
{"level":"info","message":"GET /css/base.css 304 - 3ms","timestamp":"2026-04-29T18:27:44.644Z"}
{"level":"info","message":"GET /css/layout.css 304 - 6ms","timestamp":"2026-04-29T18:27:44.648Z"}
{"level":"info","message":"GET /css/pages.css 304 - 2ms","timestamp":"2026-04-29T18:27:44.654Z"}
{"level":"info","message":"GET /css/components.css 304 - 2ms","timestamp":"2026-04-29T18:27:44.656Z"}
{"level":"info","message":"GET /css/forms.css 304 - 17ms","timestamp":"2026-04-29T18:27:44.670Z"}
{"level":"info","message":"GET /css/tables.css 304 - 15ms","timestamp":"2026-04-29T18:27:44.672Z"}
{"level":"info","message":"GET /css/ppt.css 304 - 16ms","timestamp":"2026-04-29T18:27:44.674Z"}
{"level":"info","message":"GET /css/utilities.css 304 - 21ms","timestamp":"2026-04-29T18:27:44.680Z"}
{"level":"info","message":"GET /js/helpers.js 304 - 1ms","timestamp":"2026-04-29T18:27:44.890Z"}
{"level":"info","message":"GET /js/dealForm.js 304 - 1ms","timestamp":"2026-04-29T18:27:44.891Z"}
{"level":"info","message":"GET /js/ppt.js 304 - 2ms","timestamp":"2026-04-29T18:27:44.892Z"}
{"level":"info","message":"GET /js/records.js 304 - 3ms","timestamp":"2026-04-29T18:27:44.896Z"}
{"level":"info","message":"GET /js/summary.js 304 - 4ms","timestamp":"2026-04-29T18:27:44.898Z"}
{"level":"info","message":"GET /js/health.js 304 - 7ms","timestamp":"2026-04-29T18:27:44.901Z"}
{"level":"info","message":"GET /js/ui.js 304 - 1ms","timestamp":"2026-04-29T18:27:44.904Z"}
{"level":"info","message":"GET /components/topbar.html 304 - 2ms","timestamp":"2026-04-29T18:27:44.912Z"}
{"level":"info","message":"GET /components/sidebar.html 304 - 4ms","timestamp":"2026-04-29T18:27:44.915Z"}
{"level":"info","message":"GET /favicon.ico 304 - 2ms","timestamp":"2026-04-29T18:27:44.923Z"}
{"level":"info","message":"GET /pages/records.html 304 - 3ms","timestamp":"2026-04-29T18:27:44.927Z"}
{"level":"info","message":"GET /pages/summary.html 304 - 7ms","timestamp":"2026-04-29T18:27:44.933Z"}
{"level":"info","message":"GET /pages/health.html 304 - 11ms","timestamp":"2026-04-29T18:27:44.937Z"}
{"level":"info","message":"GET /pages/new-deal.html 200 - 15ms","timestamp":"2026-04-29T18:27:44.939Z"}
{"level":"info","message":"GET /api/deals 304 - 20ms","timestamp":"2026-04-29T18:27:45.095Z"}
{"level":"info","message":"GET / 304 - 23ms","timestamp":"2026-04-29T18:36:08.537Z"}
{"level":"info","message":"GET /css/style.css 304 - 5ms","timestamp":"2026-04-29T18:36:08.814Z"}
{"level":"info","message":"GET /js/main.js 304 - 5ms","timestamp":"2026-04-29T18:36:08.816Z"}
{"level":"info","message":"GET /css/base.css 304 - 7ms","timestamp":"2026-04-29T18:36:08.848Z"}
{"level":"info","message":"GET /css/layout.css 304 - 16ms","timestamp":"2026-04-29T18:36:08.861Z"}
{"level":"info","message":"GET /css/pages.css 304 - 3ms","timestamp":"2026-04-29T18:36:08.866Z"}
{"level":"info","message":"GET /css/forms.css 304 - 7ms","timestamp":"2026-04-29T18:36:08.875Z"}
{"level":"info","message":"GET /css/utilities.css 304 - 8ms","timestamp":"2026-04-29T18:36:08.877Z"}
{"level":"info","message":"GET /css/components.css 304 - 11ms","timestamp":"2026-04-29T18:36:08.882Z"}
{"level":"info","message":"GET /css/tables.css 304 - 12ms","timestamp":"2026-04-29T18:36:08.883Z"}
{"level":"info","message":"GET /css/ppt.css 304 - 13ms","timestamp":"2026-04-29T18:36:08.885Z"}
{"level":"info","message":"GET /js/helpers.js 304 - 1ms","timestamp":"2026-04-29T18:36:09.095Z"}
{"level":"info","message":"GET /js/ppt.js 304 - 5ms","timestamp":"2026-04-29T18:36:09.101Z"}
{"level":"info","message":"GET /js/records.js 304 - 6ms","timestamp":"2026-04-29T18:36:09.103Z"}
{"level":"info","message":"GET /js/summary.js 304 - 7ms","timestamp":"2026-04-29T18:36:09.109Z"}
{"level":"info","message":"GET /js/dealForm.js 200 - 18ms","timestamp":"2026-04-29T18:36:09.114Z"}
{"level":"info","message":"GET /js/health.js 304 - 10ms","timestamp":"2026-04-29T18:36:09.117Z"}
{"level":"info","message":"GET /js/ui.js 304 - 11ms","timestamp":"2026-04-29T18:36:09.118Z"}
{"level":"info","message":"GET /components/topbar.html 304 - 2ms","timestamp":"2026-04-29T18:36:09.129Z"}
{"level":"info","message":"GET /components/sidebar.html 304 - 2ms","timestamp":"2026-04-29T18:36:09.130Z"}
{"level":"info","message":"GET /pages/records.html 304 - 2ms","timestamp":"2026-04-29T18:36:09.147Z"}
{"level":"info","message":"GET /pages/summary.html 304 - 7ms","timestamp":"2026-04-29T18:36:09.152Z"}
{"level":"info","message":"GET /pages/health.html 304 - 8ms","timestamp":"2026-04-29T18:36:09.153Z"}
{"level":"info","message":"GET /pages/new-deal.html 200 - 16ms","timestamp":"2026-04-29T18:36:09.159Z"}
{"level":"info","message":"GET /favicon.ico 304 - 2ms","timestamp":"2026-04-29T18:36:09.302Z"}
{"level":"info","message":"GET /api/deals 304 - 104ms","timestamp":"2026-04-29T18:36:09.423Z"}
{"level":"info","message":"GET / 304 - 4ms","timestamp":"2026-04-29T18:39:02.011Z"}
{"level":"info","message":"GET /css/style.css 304 - 4ms","timestamp":"2026-04-29T18:39:02.331Z"}
{"level":"info","message":"GET /js/main.js 304 - 0ms","timestamp":"2026-04-29T18:39:02.334Z"}
{"level":"info","message":"GET /css/base.css 304 - 5ms","timestamp":"2026-04-29T18:39:02.364Z"}
{"level":"info","message":"GET /css/layout.css 304 - 7ms","timestamp":"2026-04-29T18:39:02.367Z"}
{"level":"info","message":"GET /css/components.css 304 - 3ms","timestamp":"2026-04-29T18:39:02.372Z"}
{"level":"info","message":"GET /css/tables.css 304 - 1ms","timestamp":"2026-04-29T18:39:02.374Z"}
{"level":"info","message":"GET /css/forms.css 200 - 11ms","timestamp":"2026-04-29T18:39:02.381Z"}
{"level":"info","message":"GET /css/pages.css 304 - 2ms","timestamp":"2026-04-29T18:39:02.393Z"}
{"level":"info","message":"GET /css/ppt.css 304 - 3ms","timestamp":"2026-04-29T18:39:02.395Z"}
{"level":"info","message":"GET /css/utilities.css 304 - 1ms","timestamp":"2026-04-29T18:39:02.400Z"}
{"level":"info","message":"GET /js/helpers.js 304 - 2ms","timestamp":"2026-04-29T18:39:02.580Z"}
{"level":"info","message":"GET /js/dealForm.js 304 - 3ms","timestamp":"2026-04-29T18:39:02.581Z"}
{"level":"info","message":"GET /js/ppt.js 304 - 4ms","timestamp":"2026-04-29T18:39:02.583Z"}
{"level":"info","message":"GET /js/records.js 304 - 3ms","timestamp":"2026-04-29T18:39:02.586Z"}
{"level":"info","message":"GET /js/summary.js 304 - 4ms","timestamp":"2026-04-29T18:39:02.592Z"}
{"level":"info","message":"GET /js/health.js 304 - 3ms","timestamp":"2026-04-29T18:39:02.594Z"}
{"level":"info","message":"GET /js/ui.js 304 - 4ms","timestamp":"2026-04-29T18:39:02.597Z"}
{"level":"info","message":"GET /components/topbar.html 304 - 2ms","timestamp":"2026-04-29T18:39:02.605Z"}
{"level":"info","message":"GET /components/sidebar.html 304 - 2ms","timestamp":"2026-04-29T18:39:02.606Z"}
{"level":"info","message":"GET /pages/new-deal.html 304 - 2ms","timestamp":"2026-04-29T18:39:02.614Z"}
{"level":"info","message":"GET /pages/records.html 304 - 4ms","timestamp":"2026-04-29T18:39:02.617Z"}
{"level":"info","message":"GET /pages/summary.html 304 - 4ms","timestamp":"2026-04-29T18:39:02.618Z"}
{"level":"info","message":"GET /pages/health.html 304 - 4ms","timestamp":"2026-04-29T18:39:02.624Z"}
{"level":"info","message":"GET /favicon.ico 304 - 1ms","timestamp":"2026-04-29T18:39:02.793Z"}
{"level":"info","message":"GET /api/deals 304 - 20ms","timestamp":"2026-04-29T18:39:02.810Z"}
{"level":"info","message":"GET /pages/new-deal.html 304 - 2ms","timestamp":"2026-04-29T18:39:11.667Z"}
{"level":"info","message":"GET /pages/records.html 304 - 3ms","timestamp":"2026-04-29T18:39:11.672Z"}
{"level":"info","message":"GET /pages/summary.html 304 - 4ms","timestamp":"2026-04-29T18:39:11.679Z"}
{"level":"info","message":"GET /pages/health.html 304 - 4ms","timestamp":"2026-04-29T18:39:11.682Z"}
{"level":"info","message":"GET /favicon.ico 304 - 2ms","timestamp":"2026-04-29T18:39:11.826Z"}
{"level":"info","message":"GET /api/deals 304 - 20ms","timestamp":"2026-04-29T18:39:11.852Z"}
{"level":"info","message":"GET /pages/new-deal.html 304 - 4ms","timestamp":"2026-04-29T18:39:13.381Z"}
{"level":"info","message":"GET /pages/records.html 304 - 3ms","timestamp":"2026-04-29T18:39:13.383Z"}
{"level":"info","message":"GET /pages/summary.html 304 - 4ms","timestamp":"2026-04-29T18:39:13.384Z"}
{"level":"info","message":"GET /pages/health.html 304 - 5ms","timestamp":"2026-04-29T18:39:13.385Z"}
{"level":"info","message":"GET /favicon.ico 304 - 1ms","timestamp":"2026-04-29T18:39:13.387Z"}
{"level":"info","message":"GET /api/deals 304 - 22ms","timestamp":"2026-04-29T18:39:13.542Z"}
{"level":"info","message":"GET /favicon.ico 304 - 4ms","timestamp":"2026-04-29T18:39:20.797Z"}
{"level":"info","message":"GET /pages/new-deal.html 304 - 2ms","timestamp":"2026-04-29T18:39:20.803Z"}
{"level":"info","message":"GET /pages/summary.html 304 - 3ms","timestamp":"2026-04-29T18:39:20.805Z"}
{"level":"info","message":"GET /pages/records.html 304 - 12ms","timestamp":"2026-04-29T18:39:20.814Z"}
{"level":"info","message":"GET /pages/health.html 304 - 1ms","timestamp":"2026-04-29T18:39:20.817Z"}
{"level":"info","message":"GET /api/deals 304 - 20ms","timestamp":"2026-04-29T18:39:20.998Z"}
{"level":"info","message":"GET / 304 - 7ms","timestamp":"2026-04-29T18:41:43.212Z"}
{"level":"info","message":"GET /css/style.css 304 - 4ms","timestamp":"2026-04-29T18:41:43.471Z"}
{"level":"info","message":"GET /js/main.js 304 - 3ms","timestamp":"2026-04-29T18:41:43.477Z"}
{"level":"info","message":"GET /css/base.css 304 - 2ms","timestamp":"2026-04-29T18:41:43.508Z"}
{"level":"info","message":"GET /css/layout.css 304 - 4ms","timestamp":"2026-04-29T18:41:43.511Z"}
{"level":"info","message":"GET /css/components.css 304 - 2ms","timestamp":"2026-04-29T18:41:43.519Z"}
{"level":"info","message":"GET /css/forms.css 304 - 1ms","timestamp":"2026-04-29T18:41:43.521Z"}
{"level":"info","message":"GET /css/tables.css 304 - 5ms","timestamp":"2026-04-29T18:41:43.525Z"}
{"level":"info","message":"GET /css/pages.css 304 - 3ms","timestamp":"2026-04-29T18:41:43.526Z"}
{"level":"info","message":"GET /css/ppt.css 304 - 2ms","timestamp":"2026-04-29T18:41:43.532Z"}
{"level":"info","message":"GET /css/utilities.css 304 - 2ms","timestamp":"2026-04-29T18:41:43.539Z"}
{"level":"info","message":"GET /js/helpers.js 304 - 2ms","timestamp":"2026-04-29T18:41:43.714Z"}
{"level":"info","message":"GET /js/dealForm.js 304 - 3ms","timestamp":"2026-04-29T18:41:43.715Z"}
{"level":"info","message":"GET /js/ppt.js 304 - 4ms","timestamp":"2026-04-29T18:41:43.717Z"}
{"level":"info","message":"GET /js/records.js 304 - 3ms","timestamp":"2026-04-29T18:41:43.722Z"}
{"level":"info","message":"GET /js/summary.js 304 - 3ms","timestamp":"2026-04-29T18:41:43.724Z"}
{"level":"info","message":"GET /js/health.js 304 - 6ms","timestamp":"2026-04-29T18:41:43.727Z"}
{"level":"info","message":"GET /js/ui.js 304 - 4ms","timestamp":"2026-04-29T18:41:43.730Z"}
{"level":"info","message":"GET /components/topbar.html 304 - 1ms","timestamp":"2026-04-29T18:41:43.738Z"}
{"level":"info","message":"GET /components/sidebar.html 304 - 2ms","timestamp":"2026-04-29T18:41:43.739Z"}
{"level":"info","message":"GET /favicon.ico 304 - 3ms","timestamp":"2026-04-29T18:41:43.756Z"}
{"level":"info","message":"GET /pages/records.html 304 - 4ms","timestamp":"2026-04-29T18:41:43.758Z"}
{"level":"info","message":"GET /pages/summary.html 304 - 8ms","timestamp":"2026-04-29T18:41:43.763Z"}
{"level":"info","message":"GET /pages/health.html 304 - 1ms","timestamp":"2026-04-29T18:41:43.765Z"}
{"level":"info","message":"GET /pages/new-deal.html 200 - 13ms","timestamp":"2026-04-29T18:41:43.767Z"}
{"level":"info","message":"GET /api/deals 304 - 22ms","timestamp":"2026-04-29T18:41:43.943Z"}
{"level":"info","message":"GET / 304 - 7ms","timestamp":"2026-04-29T18:42:25.449Z"}
{"level":"info","message":"GET /css/style.css 304 - 11ms","timestamp":"2026-04-29T18:42:25.617Z"}
{"level":"info","message":"GET /js/main.js 304 - 1ms","timestamp":"2026-04-29T18:42:25.620Z"}
{"level":"info","message":"GET /css/base.css 304 - 3ms","timestamp":"2026-04-29T18:42:25.667Z"}
{"level":"info","message":"GET /css/layout.css 304 - 6ms","timestamp":"2026-04-29T18:42:25.670Z"}
{"level":"info","message":"GET /css/components.css 304 - 2ms","timestamp":"2026-04-29T18:42:25.676Z"}
{"level":"info","message":"GET /css/forms.css 304 - 4ms","timestamp":"2026-04-29T18:42:25.679Z"}
{"level":"info","message":"GET /css/tables.css 304 - 1ms","timestamp":"2026-04-29T18:42:25.687Z"}
{"level":"info","message":"GET /css/pages.css 304 - 4ms","timestamp":"2026-04-29T18:42:25.690Z"}
{"level":"info","message":"GET /css/ppt.css 304 - 5ms","timestamp":"2026-04-29T18:42:25.691Z"}
{"level":"info","message":"GET /css/utilities.css 304 - 2ms","timestamp":"2026-04-29T18:42:25.694Z"}
{"level":"info","message":"GET /js/helpers.js 304 - 1ms","timestamp":"2026-04-29T18:42:25.892Z"}
{"level":"info","message":"GET /js/dealForm.js 304 - 3ms","timestamp":"2026-04-29T18:42:25.909Z"}
{"level":"info","message":"GET /js/ppt.js 304 - 17ms","timestamp":"2026-04-29T18:42:25.919Z"}
{"level":"info","message":"GET /js/records.js 304 - 22ms","timestamp":"2026-04-29T18:42:25.924Z"}
{"level":"info","message":"GET /js/summary.js 304 - 30ms","timestamp":"2026-04-29T18:42:25.933Z"}
{"level":"info","message":"GET /js/health.js 304 - 32ms","timestamp":"2026-04-29T18:42:25.935Z"}
{"level":"info","message":"GET /js/ui.js 304 - 37ms","timestamp":"2026-04-29T18:42:25.940Z"}
{"level":"info","message":"GET /components/topbar.html 304 - 1ms","timestamp":"2026-04-29T18:42:25.950Z"}
{"level":"info","message":"GET /components/sidebar.html 304 - 7ms","timestamp":"2026-04-29T18:42:25.957Z"}
{"level":"info","message":"GET /favicon.ico 304 - 26ms","timestamp":"2026-04-29T18:42:25.985Z"}
{"level":"info","message":"GET /pages/records.html 304 - 34ms","timestamp":"2026-04-29T18:42:25.999Z"}
{"level":"info","message":"GET /pages/summary.html 304 - 38ms","timestamp":"2026-04-29T18:42:26.004Z"}
{"level":"info","message":"GET /pages/health.html 304 - 41ms","timestamp":"2026-04-29T18:42:26.009Z"}
{"level":"info","message":"GET /pages/new-deal.html 200 - 53ms","timestamp":"2026-04-29T18:42:26.017Z"}
{"level":"info","message":"GET /api/deals 304 - 42ms","timestamp":"2026-04-29T18:42:26.208Z"}
{"level":"info","message":"GET / 304 - 5ms","timestamp":"2026-04-29T18:45:14.196Z"}
{"level":"info","message":"GET /css/style.css 304 - 2ms","timestamp":"2026-04-29T18:45:14.450Z"}
{"level":"info","message":"GET /js/main.js 304 - 4ms","timestamp":"2026-04-29T18:45:14.470Z"}
{"level":"info","message":"GET /css/base.css 304 - 5ms","timestamp":"2026-04-29T18:45:14.500Z"}
{"level":"info","message":"GET /css/layout.css 304 - 11ms","timestamp":"2026-04-29T18:45:14.507Z"}
{"level":"info","message":"GET /css/components.css 304 - 14ms","timestamp":"2026-04-29T18:45:14.512Z"}
{"level":"info","message":"GET /css/forms.css 304 - 14ms","timestamp":"2026-04-29T18:45:14.513Z"}
{"level":"info","message":"GET /css/tables.css 304 - 12ms","timestamp":"2026-04-29T18:45:14.528Z"}
{"level":"info","message":"GET /css/pages.css 304 - 5ms","timestamp":"2026-04-29T18:45:14.531Z"}
{"level":"info","message":"GET /css/ppt.css 304 - 4ms","timestamp":"2026-04-29T18:45:14.536Z"}
{"level":"info","message":"GET /css/utilities.css 304 - 11ms","timestamp":"2026-04-29T18:45:14.544Z"}
{"level":"info","message":"GET /js/helpers.js 304 - 2ms","timestamp":"2026-04-29T18:45:14.748Z"}
{"level":"info","message":"GET /js/dealForm.js 304 - 2ms","timestamp":"2026-04-29T18:45:14.749Z"}
{"level":"info","message":"GET /js/ppt.js 304 - 4ms","timestamp":"2026-04-29T18:45:14.752Z"}
{"level":"info","message":"GET /js/records.js 304 - 3ms","timestamp":"2026-04-29T18:45:14.753Z"}
{"level":"info","message":"GET /js/summary.js 304 - 4ms","timestamp":"2026-04-29T18:45:14.754Z"}
{"level":"info","message":"GET /js/health.js 304 - 4ms","timestamp":"2026-04-29T18:45:14.756Z"}
{"level":"info","message":"GET /js/ui.js 304 - 3ms","timestamp":"2026-04-29T18:45:14.760Z"}
{"level":"info","message":"GET /components/topbar.html 304 - 1ms","timestamp":"2026-04-29T18:45:14.767Z"}
{"level":"info","message":"GET /components/sidebar.html 304 - 2ms","timestamp":"2026-04-29T18:45:14.768Z"}
{"level":"info","message":"GET /favicon.ico 304 - 1ms","timestamp":"2026-04-29T18:45:14.778Z"}
{"level":"info","message":"GET /pages/records.html 304 - 5ms","timestamp":"2026-04-29T18:45:14.785Z"}
{"level":"info","message":"GET /pages/summary.html 304 - 6ms","timestamp":"2026-04-29T18:45:14.786Z"}
{"level":"info","message":"GET /pages/health.html 304 - 8ms","timestamp":"2026-04-29T18:45:14.789Z"}
{"level":"info","message":"GET /pages/new-deal.html 200 - 15ms","timestamp":"2026-04-29T18:45:14.794Z"}
{"level":"info","message":"GET /api/deals 304 - 51ms","timestamp":"2026-04-29T18:45:15.049Z"}
{"level":"info","message":"GET / 304 - 3ms","timestamp":"2026-04-29T18:46:15.692Z"}
{"level":"info","message":"GET /css/style.css 304 - 4ms","timestamp":"2026-04-29T18:46:15.975Z"}
{"level":"info","message":"GET /js/main.js 304 - 2ms","timestamp":"2026-04-29T18:46:15.980Z"}
{"level":"info","message":"GET /css/base.css 304 - 7ms","timestamp":"2026-04-29T18:46:16.019Z"}
{"level":"info","message":"GET /css/layout.css 304 - 5ms","timestamp":"2026-04-29T18:46:16.024Z"}
{"level":"info","message":"GET /css/components.css 304 - 11ms","timestamp":"2026-04-29T18:46:16.039Z"}
{"level":"info","message":"GET /css/ppt.css 304 - 3ms","timestamp":"2026-04-29T18:46:16.046Z"}
{"level":"info","message":"GET /css/utilities.css 304 - 3ms","timestamp":"2026-04-29T18:46:16.047Z"}
{"level":"info","message":"GET /css/forms.css 304 - 7ms","timestamp":"2026-04-29T18:46:16.051Z"}
{"level":"info","message":"GET /css/tables.css 304 - 14ms","timestamp":"2026-04-29T18:46:16.059Z"}
{"level":"info","message":"GET /css/pages.css 304 - 16ms","timestamp":"2026-04-29T18:46:16.061Z"}
{"level":"info","message":"GET /js/helpers.js 304 - 2ms","timestamp":"2026-04-29T18:46:16.234Z"}
{"level":"info","message":"GET /js/dealForm.js 304 - 3ms","timestamp":"2026-04-29T18:46:16.236Z"}
{"level":"info","message":"GET /js/ppt.js 304 - 4ms","timestamp":"2026-04-29T18:46:16.237Z"}
{"level":"info","message":"GET /js/records.js 304 - 2ms","timestamp":"2026-04-29T18:46:16.240Z"}
{"level":"info","message":"GET /js/summary.js 304 - 3ms","timestamp":"2026-04-29T18:46:16.241Z"}
{"level":"info","message":"GET /js/health.js 304 - 3ms","timestamp":"2026-04-29T18:46:16.242Z"}
{"level":"info","message":"GET /js/ui.js 304 - 4ms","timestamp":"2026-04-29T18:46:16.243Z"}
{"level":"info","message":"GET /components/topbar.html 304 - 1ms","timestamp":"2026-04-29T18:46:16.250Z"}
{"level":"info","message":"GET /components/sidebar.html 304 - 2ms","timestamp":"2026-04-29T18:46:16.252Z"}
{"level":"info","message":"GET /pages/records.html 304 - 2ms","timestamp":"2026-04-29T18:46:16.263Z"}
{"level":"info","message":"GET /pages/summary.html 304 - 2ms","timestamp":"2026-04-29T18:46:16.263Z"}
{"level":"info","message":"GET /pages/health.html 304 - 4ms","timestamp":"2026-04-29T18:46:16.266Z"}
{"level":"info","message":"GET /pages/new-deal.html 200 - 7ms","timestamp":"2026-04-29T18:46:16.268Z"}
{"level":"info","message":"GET /favicon.ico 304 - 2ms","timestamp":"2026-04-29T18:46:16.444Z"}
{"level":"info","message":"GET /api/deals 304 - 23ms","timestamp":"2026-04-29T18:46:16.473Z"}
{"level":"info","message":"GET / 304 - 16ms","timestamp":"2026-04-29T18:49:06.607Z"}
{"level":"info","message":"GET /css/style.css 304 - 8ms","timestamp":"2026-04-29T18:49:06.791Z"}
{"level":"info","message":"GET /js/main.js 304 - 7ms","timestamp":"2026-04-29T18:49:06.798Z"}
{"level":"info","message":"GET /css/base.css 304 - 5ms","timestamp":"2026-04-29T18:49:06.819Z"}
{"level":"info","message":"GET /css/layout.css 304 - 20ms","timestamp":"2026-04-29T18:49:06.835Z"}
{"level":"info","message":"GET /css/components.css 304 - 7ms","timestamp":"2026-04-29T18:49:06.841Z"}
{"level":"info","message":"GET /css/forms.css 304 - 3ms","timestamp":"2026-04-29T18:49:06.870Z"}
{"level":"info","message":"GET /css/tables.css 304 - 4ms","timestamp":"2026-04-29T18:49:06.871Z"}
{"level":"info","message":"GET /css/pages.css 304 - 7ms","timestamp":"2026-04-29T18:49:06.875Z"}
{"level":"info","message":"GET /css/utilities.css 304 - 4ms","timestamp":"2026-04-29T18:49:06.882Z"}
{"level":"info","message":"GET /css/ppt.css 304 - 5ms","timestamp":"2026-04-29T18:49:06.885Z"}
{"level":"info","message":"GET /js/helpers.js 304 - 2ms","timestamp":"2026-04-29T18:49:07.196Z"}
{"level":"info","message":"GET /js/dealForm.js 304 - 2ms","timestamp":"2026-04-29T18:49:07.197Z"}
{"level":"info","message":"GET /js/ppt.js 304 - 3ms","timestamp":"2026-04-29T18:49:07.198Z"}
{"level":"info","message":"GET /js/records.js 304 - 6ms","timestamp":"2026-04-29T18:49:07.201Z"}
{"level":"info","message":"GET /js/summary.js 304 - 5ms","timestamp":"2026-04-29T18:49:07.204Z"}
{"level":"info","message":"GET /js/health.js 304 - 6ms","timestamp":"2026-04-29T18:49:07.205Z"}
{"level":"info","message":"GET /js/ui.js 304 - 1ms","timestamp":"2026-04-29T18:49:07.209Z"}
{"level":"info","message":"GET /components/topbar.html 304 - 1ms","timestamp":"2026-04-29T18:49:07.220Z"}
{"level":"info","message":"GET /components/sidebar.html 304 - 1ms","timestamp":"2026-04-29T18:49:07.221Z"}
{"level":"info","message":"GET /pages/records.html 304 - 3ms","timestamp":"2026-04-29T18:49:07.245Z"}
{"level":"info","message":"GET /pages/summary.html 304 - 4ms","timestamp":"2026-04-29T18:49:07.247Z"}
{"level":"info","message":"GET /pages/health.html 304 - 3ms","timestamp":"2026-04-29T18:49:07.249Z"}
{"level":"info","message":"GET /pages/new-deal.html 200 - 10ms","timestamp":"2026-04-29T18:49:07.251Z"}
{"level":"info","message":"GET /favicon.ico 304 - 3ms","timestamp":"2026-04-29T18:49:07.252Z"}
{"level":"info","message":"GET /api/deals 304 - 44ms","timestamp":"2026-04-29T18:49:07.437Z"}
{"level":"info","message":"GET / 304 - 69ms","timestamp":"2026-04-30T05:17:10.357Z"}
{"level":"info","message":"GET /css/style.css 304 - 8ms","timestamp":"2026-04-30T05:17:10.629Z"}
{"level":"info","message":"GET /js/main.js 304 - 5ms","timestamp":"2026-04-30T05:17:10.631Z"}
{"level":"info","message":"GET /css/base.css 304 - 2ms","timestamp":"2026-04-30T05:17:10.655Z"}
{"level":"info","message":"GET /css/layout.css 304 - 2ms","timestamp":"2026-04-30T05:17:10.658Z"}
{"level":"info","message":"GET /css/forms.css 304 - 2ms","timestamp":"2026-04-30T05:17:10.667Z"}
{"level":"info","message":"GET /css/tables.css 304 - 3ms","timestamp":"2026-04-30T05:17:10.668Z"}
{"level":"info","message":"GET /css/components.css 304 - 6ms","timestamp":"2026-04-30T05:17:10.669Z"}
{"level":"info","message":"GET /css/ppt.css 304 - 2ms","timestamp":"2026-04-30T05:17:10.673Z"}
{"level":"info","message":"GET /css/pages.css 304 - 9ms","timestamp":"2026-04-30T05:17:10.681Z"}
{"level":"info","message":"GET /css/utilities.css 304 - 9ms","timestamp":"2026-04-30T05:17:10.687Z"}
{"level":"info","message":"GET /js/helpers.js 304 - 2ms","timestamp":"2026-04-30T05:17:10.906Z"}
{"level":"info","message":"GET /js/dealForm.js 304 - 3ms","timestamp":"2026-04-30T05:17:10.908Z"}
{"level":"info","message":"GET /js/ppt.js 304 - 5ms","timestamp":"2026-04-30T05:17:10.915Z"}
{"level":"info","message":"GET /js/summary.js 304 - 8ms","timestamp":"2026-04-30T05:17:10.917Z"}
{"level":"info","message":"GET /js/records.js 304 - 8ms","timestamp":"2026-04-30T05:17:10.918Z"}
{"level":"info","message":"GET /js/health.js 304 - 2ms","timestamp":"2026-04-30T05:17:10.922Z"}
{"level":"info","message":"GET /js/ui.js 304 - 2ms","timestamp":"2026-04-30T05:17:10.923Z"}
{"level":"info","message":"GET /components/topbar.html 304 - 2ms","timestamp":"2026-04-30T05:17:10.942Z"}
{"level":"info","message":"GET /components/sidebar.html 304 - 3ms","timestamp":"2026-04-30T05:17:10.944Z"}
{"level":"info","message":"GET /pages/new-deal.html 304 - 1ms","timestamp":"2026-04-30T05:17:10.953Z"}
{"level":"info","message":"GET /pages/records.html 304 - 2ms","timestamp":"2026-04-30T05:17:10.956Z"}
{"level":"info","message":"GET /pages/summary.html 304 - 5ms","timestamp":"2026-04-30T05:17:10.960Z"}
{"level":"info","message":"GET /pages/health.html 304 - 5ms","timestamp":"2026-04-30T05:17:10.962Z"}
{"level":"info","message":"GET /favicon.ico 304 - 7ms","timestamp":"2026-04-30T05:17:10.965Z"}
{"level":"info","message":"GET /api/deals 304 - 182ms","timestamp":"2026-04-30T05:17:11.173Z"}
{"level":"info","message":"GET / 304 - 29ms","timestamp":"2026-04-30T06:46:47.566Z"}
{"level":"info","message":"GET /js/main.js 304 - 0ms","timestamp":"2026-04-30T06:46:47.657Z"}
{"level":"info","message":"GET /css/style.css 304 - 3ms","timestamp":"2026-04-30T06:46:47.658Z"}
{"level":"info","message":"GET /css/layout.css 304 - 2ms","timestamp":"2026-04-30T06:46:47.699Z"}
{"level":"info","message":"GET /css/base.css 304 - 3ms","timestamp":"2026-04-30T06:46:47.700Z"}
{"level":"info","message":"GET /css/components.css 304 - 9ms","timestamp":"2026-04-30T06:46:47.714Z"}
{"level":"info","message":"GET /css/tables.css 304 - 10ms","timestamp":"2026-04-30T06:46:47.717Z"}
{"level":"info","message":"GET /css/pages.css 304 - 10ms","timestamp":"2026-04-30T06:46:47.719Z"}
{"level":"info","message":"GET /css/forms.css 304 - 7ms","timestamp":"2026-04-30T06:46:47.720Z"}
{"level":"info","message":"GET /css/ppt.css 304 - 9ms","timestamp":"2026-04-30T06:46:47.722Z"}
{"level":"info","message":"GET /css/utilities.css 304 - 1ms","timestamp":"2026-04-30T06:46:47.729Z"}
{"level":"info","message":"GET /js/helpers.js 304 - 2ms","timestamp":"2026-04-30T06:46:47.867Z"}
{"level":"info","message":"GET /js/dealForm.js 304 - 2ms","timestamp":"2026-04-30T06:46:47.868Z"}
{"level":"info","message":"GET /js/ppt.js 304 - 3ms","timestamp":"2026-04-30T06:46:47.869Z"}
{"level":"info","message":"GET /js/records.js 304 - 4ms","timestamp":"2026-04-30T06:46:47.871Z"}
{"level":"info","message":"GET /js/summary.js 304 - 4ms","timestamp":"2026-04-30T06:46:47.874Z"}
{"level":"info","message":"GET /js/health.js 304 - 6ms","timestamp":"2026-04-30T06:46:47.876Z"}
{"level":"info","message":"GET /js/ui.js 304 - 1ms","timestamp":"2026-04-30T06:46:47.877Z"}
{"level":"info","message":"GET /components/topbar.html 304 - 1ms","timestamp":"2026-04-30T06:46:47.882Z"}
{"level":"info","message":"GET /components/sidebar.html 304 - 3ms","timestamp":"2026-04-30T06:46:47.885Z"}
{"level":"info","message":"GET /favicon.ico 304 - 15ms","timestamp":"2026-04-30T06:46:47.997Z"}
{"level":"info","message":"GET /pages/summary.html 304 - 17ms","timestamp":"2026-04-30T06:46:48.000Z"}
{"level":"info","message":"GET /pages/records.html 304 - 19ms","timestamp":"2026-04-30T06:46:48.003Z"}
{"level":"info","message":"GET /pages/health.html 304 - 7ms","timestamp":"2026-04-30T06:46:48.011Z"}
{"level":"info","message":"GET /pages/new-deal.html 200 - 34ms","timestamp":"2026-04-30T06:46:48.016Z"}
{"level":"info","message":"GET /api/deals 304 - 86ms","timestamp":"2026-04-30T06:46:48.152Z"}
{"level":"info","message":"GET / 304 - 2ms","timestamp":"2026-04-30T06:47:35.334Z"}
{"level":"info","message":"GET /css/style.css 304 - 15ms","timestamp":"2026-04-30T06:47:35.430Z"}
{"level":"info","message":"GET /js/main.js 304 - 12ms","timestamp":"2026-04-30T06:47:35.441Z"}
{"level":"info","message":"GET /css/base.css 304 - 9ms","timestamp":"2026-04-30T06:47:35.496Z"}
{"level":"info","message":"GET /css/layout.css 304 - 9ms","timestamp":"2026-04-30T06:47:35.497Z"}
{"level":"info","message":"GET /css/components.css 304 - 3ms","timestamp":"2026-04-30T06:47:35.503Z"}
{"level":"info","message":"GET /css/forms.css 304 - 5ms","timestamp":"2026-04-30T06:47:35.505Z"}
{"level":"info","message":"GET /css/tables.css 304 - 6ms","timestamp":"2026-04-30T06:47:35.507Z"}
{"level":"info","message":"GET /css/pages.css 304 - 9ms","timestamp":"2026-04-30T06:47:35.510Z"}
{"level":"info","message":"GET /css/ppt.css 304 - 2ms","timestamp":"2026-04-30T06:47:35.513Z"}
{"level":"info","message":"GET /css/utilities.css 304 - 2ms","timestamp":"2026-04-30T06:47:35.514Z"}
{"level":"info","message":"GET /js/helpers.js 304 - 2ms","timestamp":"2026-04-30T06:47:35.623Z"}
{"level":"info","message":"GET /js/dealForm.js 304 - 2ms","timestamp":"2026-04-30T06:47:35.624Z"}
{"level":"info","message":"GET /js/ppt.js 304 - 6ms","timestamp":"2026-04-30T06:47:35.628Z"}
{"level":"info","message":"GET /js/records.js 304 - 5ms","timestamp":"2026-04-30T06:47:35.630Z"}
{"level":"info","message":"GET /js/summary.js 304 - 5ms","timestamp":"2026-04-30T06:47:35.631Z"}
{"level":"info","message":"GET /js/health.js 304 - 7ms","timestamp":"2026-04-30T06:47:35.634Z"}
{"level":"info","message":"GET /js/ui.js 304 - 2ms","timestamp":"2026-04-30T06:47:35.637Z"}
{"level":"info","message":"GET /components/topbar.html 304 - 1ms","timestamp":"2026-04-30T06:47:35.644Z"}
{"level":"info","message":"GET /components/sidebar.html 304 - 2ms","timestamp":"2026-04-30T06:47:35.645Z"}
{"level":"info","message":"GET /pages/records.html 304 - 3ms","timestamp":"2026-04-30T06:47:35.652Z"}
{"level":"info","message":"GET /pages/summary.html 304 - 7ms","timestamp":"2026-04-30T06:47:35.656Z"}
{"level":"info","message":"GET /pages/health.html 304 - 7ms","timestamp":"2026-04-30T06:47:35.657Z"}
{"level":"info","message":"GET /pages/new-deal.html 200 - 15ms","timestamp":"2026-04-30T06:47:35.663Z"}
{"level":"info","message":"GET /favicon.ico 304 - 6ms","timestamp":"2026-04-30T06:47:35.664Z"}
{"level":"info","message":"GET /api/deals 304 - 10ms","timestamp":"2026-04-30T06:47:35.759Z"}
{"level":"info","message":"GET / 304 - 2ms","timestamp":"2026-04-30T06:47:51.505Z"}
{"level":"info","message":"GET /css/style.css 304 - 2ms","timestamp":"2026-04-30T06:47:51.601Z"}
{"level":"info","message":"GET /js/main.js 304 - 55ms","timestamp":"2026-04-30T06:47:51.655Z"}
{"level":"info","message":"GET /css/base.css 304 - 4ms","timestamp":"2026-04-30T06:47:51.672Z"}
{"level":"info","message":"GET /css/pages.css 304 - 4ms","timestamp":"2026-04-30T06:47:51.677Z"}
{"level":"info","message":"GET /css/layout.css 304 - 9ms","timestamp":"2026-04-30T06:47:51.679Z"}
{"level":"info","message":"GET /css/components.css 304 - 12ms","timestamp":"2026-04-30T06:47:51.682Z"}
{"level":"info","message":"GET /css/forms.css 304 - 13ms","timestamp":"2026-04-30T06:47:51.684Z"}
{"level":"info","message":"GET /css/tables.css 304 - 16ms","timestamp":"2026-04-30T06:47:51.687Z"}
{"level":"info","message":"GET /css/ppt.css 304 - 2ms","timestamp":"2026-04-30T06:47:51.689Z"}
{"level":"info","message":"GET /css/utilities.css 304 - 4ms","timestamp":"2026-04-30T06:47:51.692Z"}
{"level":"info","message":"GET /js/helpers.js 304 - 4ms","timestamp":"2026-04-30T06:47:51.841Z"}
{"level":"info","message":"GET /js/dealForm.js 304 - 9ms","timestamp":"2026-04-30T06:47:51.847Z"}
{"level":"info","message":"GET /js/ppt.js 304 - 12ms","timestamp":"2026-04-30T06:47:51.850Z"}
{"level":"info","message":"GET /js/records.js 304 - 16ms","timestamp":"2026-04-30T06:47:51.854Z"}
{"level":"info","message":"GET /js/summary.js 304 - 3ms","timestamp":"2026-04-30T06:47:51.855Z"}
{"level":"info","message":"GET /js/health.js 304 - 2ms","timestamp":"2026-04-30T06:47:51.858Z"}
{"level":"info","message":"GET /js/ui.js 304 - 7ms","timestamp":"2026-04-30T06:47:51.864Z"}
{"level":"info","message":"GET /components/topbar.html 304 - 1ms","timestamp":"2026-04-30T06:47:51.871Z"}
{"level":"info","message":"GET /components/sidebar.html 304 - 2ms","timestamp":"2026-04-30T06:47:51.872Z"}
{"level":"info","message":"GET /favicon.ico 304 - 1ms","timestamp":"2026-04-30T06:47:51.885Z"}
{"level":"info","message":"GET /pages/records.html 304 - 2ms","timestamp":"2026-04-30T06:47:51.889Z"}
{"level":"info","message":"GET /pages/summary.html 304 - 5ms","timestamp":"2026-04-30T06:47:51.896Z"}
{"level":"info","message":"GET /pages/health.html 304 - 7ms","timestamp":"2026-04-30T06:47:51.899Z"}
{"level":"info","message":"GET /pages/new-deal.html 200 - 14ms","timestamp":"2026-04-30T06:47:51.900Z"}
{"level":"info","message":"GET /api/deals 304 - 14ms","timestamp":"2026-04-30T06:47:52.003Z"}
{"level":"info","message":"GET / 304 - 1ms","timestamp":"2026-04-30T06:48:08.951Z"}
{"level":"info","message":"GET /css/style.css 304 - 19ms","timestamp":"2026-04-30T06:48:09.055Z"}
{"level":"info","message":"GET /js/main.js 304 - 24ms","timestamp":"2026-04-30T06:48:09.069Z"}
{"level":"info","message":"GET /css/base.css 304 - 18ms","timestamp":"2026-04-30T06:48:09.089Z"}
{"level":"info","message":"GET /css/layout.css 304 - 29ms","timestamp":"2026-04-30T06:48:09.102Z"}
{"level":"info","message":"GET /css/forms.css 304 - 4ms","timestamp":"2026-04-30T06:48:09.107Z"}
{"level":"info","message":"GET /css/components.css 304 - 7ms","timestamp":"2026-04-30T06:48:09.110Z"}
{"level":"info","message":"GET /css/ppt.css 304 - 8ms","timestamp":"2026-04-30T06:48:09.112Z"}
{"level":"info","message":"GET /css/utilities.css 304 - 1ms","timestamp":"2026-04-30T06:48:09.118Z"}
{"level":"info","message":"GET /css/tables.css 304 - 3ms","timestamp":"2026-04-30T06:48:09.120Z"}
{"level":"info","message":"GET /css/pages.css 304 - 6ms","timestamp":"2026-04-30T06:48:09.123Z"}
{"level":"info","message":"GET /js/helpers.js 304 - 1ms","timestamp":"2026-04-30T06:48:09.306Z"}
{"level":"info","message":"GET /js/dealForm.js 304 - 4ms","timestamp":"2026-04-30T06:48:09.309Z"}
{"level":"info","message":"GET /js/ppt.js 304 - 9ms","timestamp":"2026-04-30T06:48:09.315Z"}
{"level":"info","message":"GET /js/records.js 304 - 3ms","timestamp":"2026-04-30T06:48:09.316Z"}
{"level":"info","message":"GET /js/summary.js 304 - 3ms","timestamp":"2026-04-30T06:48:09.317Z"}
{"level":"info","message":"GET /js/health.js 304 - 5ms","timestamp":"2026-04-30T06:48:09.319Z"}
{"level":"info","message":"GET /js/ui.js 304 - 5ms","timestamp":"2026-04-30T06:48:09.320Z"}
{"level":"info","message":"GET /components/topbar.html 304 - 1ms","timestamp":"2026-04-30T06:48:09.326Z"}
{"level":"info","message":"GET /components/sidebar.html 304 - 4ms","timestamp":"2026-04-30T06:48:09.329Z"}
{"level":"info","message":"GET /favicon.ico 304 - 2ms","timestamp":"2026-04-30T06:48:09.336Z"}
{"level":"info","message":"GET /pages/records.html 304 - 3ms","timestamp":"2026-04-30T06:48:09.343Z"}
{"level":"info","message":"GET /pages/summary.html 304 - 7ms","timestamp":"2026-04-30T06:48:09.348Z"}
{"level":"info","message":"GET /pages/health.html 304 - 9ms","timestamp":"2026-04-30T06:48:09.350Z"}
{"level":"info","message":"GET /pages/new-deal.html 200 - 13ms","timestamp":"2026-04-30T06:48:09.352Z"}
{"level":"info","message":"GET /api/deals 304 - 20ms","timestamp":"2026-04-30T06:48:09.473Z"}
{"level":"info","message":"GET / 304 - 36ms","timestamp":"2026-04-30T07:32:53.208Z"}
{"level":"info","message":"GET /css/style.css 304 - 2ms","timestamp":"2026-04-30T07:32:53.336Z"}
{"level":"info","message":"GET /js/main.js 304 - 11ms","timestamp":"2026-04-30T07:32:53.370Z"}
{"level":"info","message":"GET /css/base.css 304 - 9ms","timestamp":"2026-04-30T07:32:53.371Z"}
{"level":"info","message":"GET /css/components.css 304 - 5ms","timestamp":"2026-04-30T07:32:53.373Z"}
{"level":"info","message":"GET /css/tables.css 304 - 3ms","timestamp":"2026-04-30T07:32:53.377Z"}
{"level":"info","message":"GET /css/pages.css 304 - 6ms","timestamp":"2026-04-30T07:32:53.381Z"}
{"level":"info","message":"GET /css/forms.css 304 - 5ms","timestamp":"2026-04-30T07:32:53.382Z"}
{"level":"info","message":"GET /css/layout.css 304 - 5ms","timestamp":"2026-04-30T07:32:53.384Z"}
{"level":"info","message":"GET /css/ppt.css 304 - 9ms","timestamp":"2026-04-30T07:32:53.389Z"}
{"level":"info","message":"GET /css/utilities.css 304 - 17ms","timestamp":"2026-04-30T07:32:53.407Z"}
{"level":"info","message":"GET /js/helpers.js 304 - 3ms","timestamp":"2026-04-30T07:32:53.548Z"}
{"level":"info","message":"GET /js/dealForm.js 304 - 5ms","timestamp":"2026-04-30T07:32:53.548Z"}
{"level":"info","message":"GET /js/ppt.js 304 - 5ms","timestamp":"2026-04-30T07:32:53.549Z"}
{"level":"info","message":"GET /js/records.js 304 - 6ms","timestamp":"2026-04-30T07:32:53.550Z"}
{"level":"info","message":"GET /js/summary.js 304 - 8ms","timestamp":"2026-04-30T07:32:53.552Z"}
{"level":"info","message":"GET /js/health.js 304 - 4ms","timestamp":"2026-04-30T07:32:53.557Z"}
{"level":"info","message":"GET /js/ui.js 304 - 6ms","timestamp":"2026-04-30T07:32:53.561Z"}
{"level":"info","message":"GET /components/topbar.html 304 - 2ms","timestamp":"2026-04-30T07:32:53.572Z"}
{"level":"info","message":"GET /components/sidebar.html 304 - 4ms","timestamp":"2026-04-30T07:32:53.575Z"}
{"level":"info","message":"GET /favicon.ico 304 - 7ms","timestamp":"2026-04-30T07:32:53.588Z"}
{"level":"info","message":"GET /pages/health.html 304 - 7ms","timestamp":"2026-04-30T07:32:53.589Z"}
{"level":"info","message":"GET /pages/records.html 304 - 6ms","timestamp":"2026-04-30T07:32:53.589Z"}
{"level":"info","message":"GET /pages/summary.html 304 - 8ms","timestamp":"2026-04-30T07:32:53.591Z"}
{"level":"info","message":"GET /pages/new-deal.html 200 - 15ms","timestamp":"2026-04-30T07:32:53.597Z"}
{"level":"info","message":"GET /api/deals 304 - 77ms","timestamp":"2026-04-30T07:32:53.689Z"}
{"level":"info","message":"GET / 304 - 18ms","timestamp":"2026-04-30T07:46:15.069Z"}
{"level":"info","message":"GET /css/style.css 304 - 3ms","timestamp":"2026-04-30T07:46:15.172Z"}
{"level":"info","message":"GET /js/main.js 200 - 24ms","timestamp":"2026-04-30T07:46:15.194Z"}
{"level":"info","message":"GET /css/layout.css 304 - 4ms","timestamp":"2026-04-30T07:46:15.202Z"}
{"level":"info","message":"GET /css/components.css 304 - 9ms","timestamp":"2026-04-30T07:46:15.213Z"}
{"level":"info","message":"GET /css/forms.css 304 - 10ms","timestamp":"2026-04-30T07:46:15.214Z"}
{"level":"info","message":"GET /css/pages.css 304 - 12ms","timestamp":"2026-04-30T07:46:15.217Z"}
{"level":"info","message":"GET /css/base.css 304 - 16ms","timestamp":"2026-04-30T07:46:15.222Z"}
{"level":"info","message":"GET /css/ppt.css 304 - 2ms","timestamp":"2026-04-30T07:46:15.235Z"}
{"level":"info","message":"GET /css/tables.css 200 - 35ms","timestamp":"2026-04-30T07:46:15.238Z"}
{"level":"info","message":"GET /css/utilities.css 304 - 3ms","timestamp":"2026-04-30T07:46:15.239Z"}
{"level":"info","message":"GET /js/helpers.js 304 - 2ms","timestamp":"2026-04-30T07:46:15.370Z"}
{"level":"info","message":"GET /js/dealForm.js 304 - 2ms","timestamp":"2026-04-30T07:46:15.371Z"}
{"level":"info","message":"GET /js/ppt.js 304 - 3ms","timestamp":"2026-04-30T07:46:15.372Z"}
{"level":"info","message":"GET /js/summary.js 304 - 1ms","timestamp":"2026-04-30T07:46:15.376Z"}
{"level":"info","message":"GET /js/health.js 304 - 4ms","timestamp":"2026-04-30T07:46:15.379Z"}
{"level":"info","message":"GET /js/ui.js 304 - 5ms","timestamp":"2026-04-30T07:46:15.383Z"}
{"level":"info","message":"GET /js/records.js 200 - 11ms","timestamp":"2026-04-30T07:46:15.386Z"}
{"level":"info","message":"GET /components/topbar.html 304 - 3ms","timestamp":"2026-04-30T07:46:15.395Z"}
{"level":"info","message":"GET /components/sidebar.html 304 - 4ms","timestamp":"2026-04-30T07:46:15.397Z"}
{"level":"info","message":"GET /pages/new-deal.html 304 - 0ms","timestamp":"2026-04-30T07:46:15.407Z"}
{"level":"info","message":"GET /favicon.ico 304 - 3ms","timestamp":"2026-04-30T07:46:15.409Z"}
{"level":"info","message":"GET /pages/records.html 304 - 1ms","timestamp":"2026-04-30T07:46:15.415Z"}
{"level":"info","message":"GET /pages/summary.html 304 - 4ms","timestamp":"2026-04-30T07:46:15.418Z"}
{"level":"info","message":"GET /pages/health.html 304 - 5ms","timestamp":"2026-04-30T07:46:15.420Z"}
{"level":"info","message":"GET /api/deals 304 - 95ms","timestamp":"2026-04-30T07:46:15.652Z"}
{"level":"info","message":"GET / 304 - 50ms","timestamp":"2026-04-30T07:54:17.996Z"}
{"level":"info","message":"GET /css/style.css 304 - 13ms","timestamp":"2026-04-30T07:54:18.230Z"}
{"level":"info","message":"GET /js/main.js 304 - 4ms","timestamp":"2026-04-30T07:54:18.243Z"}
{"level":"info","message":"GET /css/base.css 304 - 2ms","timestamp":"2026-04-30T07:54:18.253Z"}
{"level":"info","message":"GET /css/layout.css 304 - 2ms","timestamp":"2026-04-30T07:54:18.254Z"}
{"level":"info","message":"GET /css/components.css 304 - 7ms","timestamp":"2026-04-30T07:54:18.276Z"}
{"level":"info","message":"GET /css/forms.css 304 - 8ms","timestamp":"2026-04-30T07:54:18.282Z"}
{"level":"info","message":"GET /css/ppt.css 304 - 7ms","timestamp":"2026-04-30T07:54:18.285Z"}
{"level":"info","message":"GET /css/pages.css 304 - 8ms","timestamp":"2026-04-30T07:54:18.287Z"}
{"level":"info","message":"GET /css/tables.css 304 - 8ms","timestamp":"2026-04-30T07:54:18.289Z"}
{"level":"info","message":"GET /css/utilities.css 304 - 9ms","timestamp":"2026-04-30T07:54:18.291Z"}
{"level":"info","message":"GET /js/helpers.js 304 - 2ms","timestamp":"2026-04-30T07:54:18.438Z"}
{"level":"info","message":"GET /js/dealForm.js 304 - 3ms","timestamp":"2026-04-30T07:54:18.439Z"}
{"level":"info","message":"GET /js/ppt.js 304 - 4ms","timestamp":"2026-04-30T07:54:18.441Z"}
{"level":"info","message":"GET /js/summary.js 304 - 5ms","timestamp":"2026-04-30T07:54:18.443Z"}
{"level":"info","message":"GET /js/health.js 304 - 7ms","timestamp":"2026-04-30T07:54:18.449Z"}
{"level":"info","message":"GET /js/ui.js 304 - 3ms","timestamp":"2026-04-30T07:54:18.454Z"}
{"level":"info","message":"GET /js/records.js 200 - 15ms","timestamp":"2026-04-30T07:54:18.457Z"}
{"level":"info","message":"GET /components/topbar.html 304 - 4ms","timestamp":"2026-04-30T07:54:18.474Z"}
{"level":"info","message":"GET /components/sidebar.html 304 - 5ms","timestamp":"2026-04-30T07:54:18.477Z"}
{"level":"info","message":"GET /favicon.ico 304 - 5ms","timestamp":"2026-04-30T07:54:18.484Z"}
{"level":"info","message":"GET /pages/new-deal.html 304 - 2ms","timestamp":"2026-04-30T07:54:18.488Z"}
{"level":"info","message":"GET /pages/records.html 304 - 3ms","timestamp":"2026-04-30T07:54:18.490Z"}
{"level":"info","message":"GET /pages/summary.html 304 - 5ms","timestamp":"2026-04-30T07:54:18.493Z"}
{"level":"info","message":"GET /pages/health.html 304 - 3ms","timestamp":"2026-04-30T07:54:18.495Z"}
{"level":"info","message":"GET /api/deals 304 - 100ms","timestamp":"2026-04-30T07:54:18.620Z"}
{"level":"info","message":"GET / 304 - 2ms","timestamp":"2026-04-30T07:54:25.101Z"}
{"level":"info","message":"GET /css/style.css 304 - 2ms","timestamp":"2026-04-30T07:54:25.114Z"}
{"level":"info","message":"GET /js/main.js 304 - 4ms","timestamp":"2026-04-30T07:54:25.118Z"}
{"level":"info","message":"GET /css/base.css 304 - 0ms","timestamp":"2026-04-30T07:54:25.122Z"}
{"level":"info","message":"GET /css/layout.css 304 - 2ms","timestamp":"2026-04-30T07:54:25.125Z"}
{"level":"info","message":"GET /css/components.css 304 - 1ms","timestamp":"2026-04-30T07:54:25.125Z"}
{"level":"info","message":"GET /css/forms.css 304 - 1ms","timestamp":"2026-04-30T07:54:25.127Z"}
{"level":"info","message":"GET /css/tables.css 304 - 1ms","timestamp":"2026-04-30T07:54:25.128Z"}
{"level":"info","message":"GET /css/pages.css 304 - 1ms","timestamp":"2026-04-30T07:54:25.131Z"}
{"level":"info","message":"GET /css/ppt.css 304 - 5ms","timestamp":"2026-04-30T07:54:25.137Z"}
{"level":"info","message":"GET /css/utilities.css 304 - 4ms","timestamp":"2026-04-30T07:54:25.137Z"}
{"level":"info","message":"GET /js/helpers.js 304 - 0ms","timestamp":"2026-04-30T07:54:25.195Z"}
{"level":"info","message":"GET /js/dealForm.js 304 - 1ms","timestamp":"2026-04-30T07:54:25.196Z"}
{"level":"info","message":"GET /js/ppt.js 304 - 1ms","timestamp":"2026-04-30T07:54:25.196Z"}
{"level":"info","message":"GET /js/records.js 304 - 2ms","timestamp":"2026-04-30T07:54:25.197Z"}
{"level":"info","message":"GET /js/summary.js 304 - 1ms","timestamp":"2026-04-30T07:54:25.198Z"}
{"level":"info","message":"GET /js/health.js 304 - 1ms","timestamp":"2026-04-30T07:54:25.199Z"}
{"level":"info","message":"GET /js/ui.js 304 - 0ms","timestamp":"2026-04-30T07:54:25.200Z"}
{"level":"info","message":"GET /components/topbar.html 304 - 0ms","timestamp":"2026-04-30T07:54:25.204Z"}
{"level":"info","message":"GET /components/sidebar.html 304 - 1ms","timestamp":"2026-04-30T07:54:25.205Z"}
{"level":"info","message":"GET /favicon.ico 304 - 2ms","timestamp":"2026-04-30T07:54:25.210Z"}
{"level":"info","message":"GET /pages/new-deal.html 304 - 1ms","timestamp":"2026-04-30T07:54:25.214Z"}
{"level":"info","message":"GET /pages/records.html 304 - 1ms","timestamp":"2026-04-30T07:54:25.215Z"}
{"level":"info","message":"GET /pages/summary.html 304 - 2ms","timestamp":"2026-04-30T07:54:25.216Z"}
{"level":"info","message":"GET /pages/health.html 304 - 3ms","timestamp":"2026-04-30T07:54:25.217Z"}
{"level":"info","message":"GET /api/deals 304 - 14ms","timestamp":"2026-04-30T07:54:25.239Z"}
{"level":"info","message":"GET / 304 - 2ms","timestamp":"2026-04-30T07:54:27.352Z"}
{"level":"info","message":"GET /css/style.css 304 - 1ms","timestamp":"2026-04-30T07:54:27.359Z"}
{"level":"info","message":"GET /js/main.js 304 - 1ms","timestamp":"2026-04-30T07:54:27.360Z"}
{"level":"info","message":"GET /css/base.css 304 - 1ms","timestamp":"2026-04-30T07:54:27.365Z"}
{"level":"info","message":"GET /css/components.css 304 - 1ms","timestamp":"2026-04-30T07:54:27.366Z"}
{"level":"info","message":"GET /css/layout.css 304 - 3ms","timestamp":"2026-04-30T07:54:27.367Z"}
{"level":"info","message":"GET /css/forms.css 304 - 2ms","timestamp":"2026-04-30T07:54:27.368Z"}
{"level":"info","message":"GET /css/tables.css 304 - 1ms","timestamp":"2026-04-30T07:54:27.369Z"}
{"level":"info","message":"GET /css/pages.css 304 - 1ms","timestamp":"2026-04-30T07:54:27.370Z"}
{"level":"info","message":"GET /css/ppt.css 304 - 2ms","timestamp":"2026-04-30T07:54:27.371Z"}
{"level":"info","message":"GET /css/utilities.css 304 - 1ms","timestamp":"2026-04-30T07:54:27.372Z"}
{"level":"info","message":"GET /js/helpers.js 304 - 1ms","timestamp":"2026-04-30T07:54:27.434Z"}
{"level":"info","message":"GET /js/dealForm.js 304 - 1ms","timestamp":"2026-04-30T07:54:27.435Z"}
{"level":"info","message":"GET /js/ppt.js 304 - 2ms","timestamp":"2026-04-30T07:54:27.436Z"}
{"level":"info","message":"GET /js/records.js 304 - 3ms","timestamp":"2026-04-30T07:54:27.437Z"}
{"level":"info","message":"GET /js/summary.js 304 - 1ms","timestamp":"2026-04-30T07:54:27.439Z"}
{"level":"info","message":"GET /js/health.js 304 - 1ms","timestamp":"2026-04-30T07:54:27.439Z"}
{"level":"info","message":"GET /js/ui.js 304 - 2ms","timestamp":"2026-04-30T07:54:27.441Z"}
{"level":"info","message":"GET /components/topbar.html 304 - 1ms","timestamp":"2026-04-30T07:54:27.445Z"}
{"level":"info","message":"GET /components/sidebar.html 304 - 1ms","timestamp":"2026-04-30T07:54:27.446Z"}
{"level":"info","message":"GET /favicon.ico 304 - 1ms","timestamp":"2026-04-30T07:54:27.450Z"}
{"level":"info","message":"GET /pages/new-deal.html 304 - 2ms","timestamp":"2026-04-30T07:54:27.452Z"}
{"level":"info","message":"GET /pages/records.html 304 - 1ms","timestamp":"2026-04-30T07:54:27.452Z"}
{"level":"info","message":"GET /pages/summary.html 304 - 3ms","timestamp":"2026-04-30T07:54:27.454Z"}
{"level":"info","message":"GET /pages/health.html 304 - 5ms","timestamp":"2026-04-30T07:54:27.456Z"}
{"level":"info","message":"GET /api/deals 304 - 10ms","timestamp":"2026-04-30T07:54:27.474Z"}
{"level":"info","message":"GET /api/deals/health 200 - 97ms","timestamp":"2026-04-30T07:54:35.377Z"}
{"level":"info","message":"GET /api/deals/health 200 - 10ms","timestamp":"2026-04-30T07:54:35.392Z"}
{"level":"info","message":"GET / 304 - 3ms","timestamp":"2026-04-30T07:56:10.871Z"}
{"level":"info","message":"GET /css/style.css 304 - 5ms","timestamp":"2026-04-30T07:56:10.998Z"}
{"level":"info","message":"GET /js/main.js 304 - 2ms","timestamp":"2026-04-30T07:56:11.002Z"}
{"level":"info","message":"GET /css/base.css 304 - 2ms","timestamp":"2026-04-30T07:56:11.022Z"}
{"level":"info","message":"GET /css/layout.css 304 - 10ms","timestamp":"2026-04-30T07:56:11.031Z"}
{"level":"info","message":"GET /css/components.css 304 - 1ms","timestamp":"2026-04-30T07:56:11.038Z"}
{"level":"info","message":"GET /css/tables.css 304 - 14ms","timestamp":"2026-04-30T07:56:11.053Z"}
{"level":"info","message":"GET /css/pages.css 304 - 15ms","timestamp":"2026-04-30T07:56:11.055Z"}
{"level":"info","message":"GET /css/forms.css 304 - 14ms","timestamp":"2026-04-30T07:56:11.060Z"}
{"level":"info","message":"GET /css/ppt.css 304 - 13ms","timestamp":"2026-04-30T07:56:11.061Z"}
{"level":"info","message":"GET /css/utilities.css 304 - 15ms","timestamp":"2026-04-30T07:56:11.066Z"}
{"level":"info","message":"GET /js/helpers.js 304 - 1ms","timestamp":"2026-04-30T07:56:11.172Z"}
{"level":"info","message":"GET /js/dealForm.js 304 - 1ms","timestamp":"2026-04-30T07:56:11.173Z"}
{"level":"info","message":"GET /js/ppt.js 304 - 2ms","timestamp":"2026-04-30T07:56:11.173Z"}
{"level":"info","message":"GET /js/records.js 304 - 4ms","timestamp":"2026-04-30T07:56:11.176Z"}
{"level":"info","message":"GET /js/summary.js 304 - 4ms","timestamp":"2026-04-30T07:56:11.178Z"}
{"level":"info","message":"GET /js/health.js 304 - 6ms","timestamp":"2026-04-30T07:56:11.180Z"}
{"level":"info","message":"GET /js/ui.js 304 - 2ms","timestamp":"2026-04-30T07:56:11.184Z"}
{"level":"info","message":"GET /components/topbar.html 304 - 1ms","timestamp":"2026-04-30T07:56:11.189Z"}
{"level":"info","message":"GET /components/sidebar.html 304 - 3ms","timestamp":"2026-04-30T07:56:11.191Z"}
{"level":"info","message":"GET /favicon.ico 304 - 2ms","timestamp":"2026-04-30T07:56:11.196Z"}
{"level":"info","message":"GET /pages/records.html 304 - 1ms","timestamp":"2026-04-30T07:56:11.266Z"}
{"level":"info","message":"GET /pages/summary.html 304 - 2ms","timestamp":"2026-04-30T07:56:11.267Z"}
{"level":"info","message":"GET /pages/new-deal.html 304 - 1ms","timestamp":"2026-04-30T07:56:11.267Z"}
{"level":"info","message":"GET /pages/health.html 304 - 3ms","timestamp":"2026-04-30T07:56:11.269Z"}
{"level":"info","message":"GET /api/deals 304 - 25ms","timestamp":"2026-04-30T07:56:11.300Z"}
{"level":"info","message":"GET / 200 - 12ms","timestamp":"2026-04-30T07:57:14.617Z"}
{"level":"info","message":"GET /css/style.css 200 - 2ms","timestamp":"2026-04-30T07:57:14.794Z"}
{"level":"info","message":"GET /js/main.js 200 - 2ms","timestamp":"2026-04-30T07:57:14.797Z"}
{"level":"info","message":"GET /css/base.css 200 - 2ms","timestamp":"2026-04-30T07:57:14.814Z"}
{"level":"info","message":"GET /css/layout.css 200 - 2ms","timestamp":"2026-04-30T07:57:14.817Z"}
{"level":"info","message":"GET /css/forms.css 200 - 2ms","timestamp":"2026-04-30T07:57:14.821Z"}
{"level":"info","message":"GET /css/components.css 200 - 3ms","timestamp":"2026-04-30T07:57:14.821Z"}
{"level":"info","message":"GET /css/tables.css 200 - 4ms","timestamp":"2026-04-30T07:57:14.822Z"}
{"level":"info","message":"GET /css/pages.css 200 - 2ms","timestamp":"2026-04-30T07:57:14.825Z"}
{"level":"info","message":"GET /css/ppt.css 200 - 3ms","timestamp":"2026-04-30T07:57:14.826Z"}
{"level":"info","message":"GET /css/utilities.css 200 - 4ms","timestamp":"2026-04-30T07:57:14.828Z"}
{"level":"info","message":"GET /js/helpers.js 200 - 5ms","timestamp":"2026-04-30T07:57:15.241Z"}
{"level":"info","message":"GET /js/dealForm.js 200 - 6ms","timestamp":"2026-04-30T07:57:15.242Z"}
{"level":"info","message":"GET /js/ppt.js 200 - 9ms","timestamp":"2026-04-30T07:57:15.247Z"}
{"level":"info","message":"GET /js/records.js 200 - 5ms","timestamp":"2026-04-30T07:57:15.250Z"}
{"level":"info","message":"GET /js/health.js 200 - 5ms","timestamp":"2026-04-30T07:57:15.251Z"}
{"level":"info","message":"GET /js/summary.js 200 - 6ms","timestamp":"2026-04-30T07:57:15.252Z"}
{"level":"info","message":"GET /js/ui.js 200 - 4ms","timestamp":"2026-04-30T07:57:15.253Z"}
{"level":"info","message":"GET /components/topbar.html 200 - 3ms","timestamp":"2026-04-30T07:57:15.264Z"}
{"level":"info","message":"GET /components/sidebar.html 200 - 4ms","timestamp":"2026-04-30T07:57:15.265Z"}
{"level":"info","message":"GET /favicon.ico 200 - 1ms","timestamp":"2026-04-30T07:57:15.387Z"}
{"level":"info","message":"GET /pages/summary.html 200 - 3ms","timestamp":"2026-04-30T07:57:15.398Z"}
{"level":"info","message":"GET /pages/new-deal.html 200 - 4ms","timestamp":"2026-04-30T07:57:15.398Z"}
{"level":"info","message":"GET /pages/records.html 200 - 5ms","timestamp":"2026-04-30T07:57:15.400Z"}
{"level":"info","message":"GET /pages/health.html 200 - 2ms","timestamp":"2026-04-30T07:57:15.403Z"}
{"level":"info","message":"GET /api/deals 200 - 18ms","timestamp":"2026-04-30T07:57:15.447Z"}
{"level":"info","message":"GET /favicon.ico 304 - 27ms","timestamp":"2026-04-30T07:57:58.516Z"}
{"level":"info","message":"GET /favicon.ico 304 - 8ms","timestamp":"2026-04-30T07:57:58.561Z"}
{"level":"info","message":"GET / 304 - 21ms","timestamp":"2026-04-30T07:58:31.876Z"}
{"level":"info","message":"GET /css/style.css 304 - 6ms","timestamp":"2026-04-30T07:58:32.019Z"}
{"level":"info","message":"GET /js/main.js 304 - 5ms","timestamp":"2026-04-30T07:58:32.021Z"}
{"level":"info","message":"GET /css/base.css 304 - 1ms","timestamp":"2026-04-30T07:58:32.031Z"}
{"level":"info","message":"GET /css/layout.css 304 - 3ms","timestamp":"2026-04-30T07:58:32.033Z"}
{"level":"info","message":"GET /css/components.css 304 - 2ms","timestamp":"2026-04-30T07:58:32.036Z"}
{"level":"info","message":"GET /css/forms.css 304 - 1ms","timestamp":"2026-04-30T07:58:32.038Z"}
{"level":"info","message":"GET /css/tables.css 304 - 1ms","timestamp":"2026-04-30T07:58:32.041Z"}
{"level":"info","message":"GET /css/pages.css 304 - 2ms","timestamp":"2026-04-30T07:58:32.042Z"}
{"level":"info","message":"GET /css/ppt.css 304 - 2ms","timestamp":"2026-04-30T07:58:32.047Z"}
{"level":"info","message":"GET /css/utilities.css 304 - 6ms","timestamp":"2026-04-30T07:58:32.051Z"}
{"level":"info","message":"GET /js/helpers.js 304 - 2ms","timestamp":"2026-04-30T07:58:32.232Z"}
{"level":"info","message":"GET /js/dealForm.js 304 - 4ms","timestamp":"2026-04-30T07:58:32.234Z"}
{"level":"info","message":"GET /js/ppt.js 304 - 7ms","timestamp":"2026-04-30T07:58:32.238Z"}
{"level":"info","message":"GET /js/records.js 304 - 2ms","timestamp":"2026-04-30T07:58:32.241Z"}
{"level":"info","message":"GET /js/summary.js 304 - 7ms","timestamp":"2026-04-30T07:58:32.247Z"}
{"level":"info","message":"GET /js/health.js 304 - 3ms","timestamp":"2026-04-30T07:58:32.248Z"}
{"level":"info","message":"GET /js/ui.js 304 - 7ms","timestamp":"2026-04-30T07:58:32.252Z"}
{"level":"info","message":"GET /components/topbar.html 304 - 3ms","timestamp":"2026-04-30T07:58:32.262Z"}
{"level":"info","message":"GET /components/sidebar.html 304 - 15ms","timestamp":"2026-04-30T07:58:32.276Z"}
{"level":"info","message":"GET /pages/new-deal.html 304 - 4ms","timestamp":"2026-04-30T07:58:32.285Z"}
{"level":"info","message":"GET /pages/records.html 304 - 6ms","timestamp":"2026-04-30T07:58:32.288Z"}
{"level":"info","message":"GET /pages/summary.html 304 - 6ms","timestamp":"2026-04-30T07:58:32.289Z"}
{"level":"info","message":"GET /pages/health.html 304 - 10ms","timestamp":"2026-04-30T07:58:32.293Z"}
{"level":"info","message":"GET /favicon.ico 304 - 16ms","timestamp":"2026-04-30T07:58:32.297Z"}
{"level":"info","message":"GET /api/deals 304 - 100ms","timestamp":"2026-04-30T07:58:32.425Z"}
{"level":"info","message":"GET /favicon.ico 304 - 13ms","timestamp":"2026-04-30T07:59:25.084Z"}
{"level":"info","message":"GET /favicon.ico 304 - 4ms","timestamp":"2026-04-30T07:59:25.119Z"}
{"level":"info","message":"GET / 304 - 22ms","timestamp":"2026-04-30T08:01:07.859Z"}
{"level":"info","message":"GET /css/style.css 304 - 1ms","timestamp":"2026-04-30T08:01:07.997Z"}
{"level":"info","message":"GET /js/main.js 304 - 1ms","timestamp":"2026-04-30T08:01:08.003Z"}
{"level":"info","message":"GET /css/base.css 304 - 5ms","timestamp":"2026-04-30T08:01:08.015Z"}
{"level":"info","message":"GET /css/layout.css 304 - 2ms","timestamp":"2026-04-30T08:01:08.018Z"}
{"level":"info","message":"GET /css/components.css 304 - 2ms","timestamp":"2026-04-30T08:01:08.022Z"}
{"level":"info","message":"GET /css/forms.css 304 - 4ms","timestamp":"2026-04-30T08:01:08.025Z"}
{"level":"info","message":"GET /css/tables.css 304 - 6ms","timestamp":"2026-04-30T08:01:08.027Z"}
{"level":"info","message":"GET /css/pages.css 304 - 3ms","timestamp":"2026-04-30T08:01:08.031Z"}
{"level":"info","message":"GET /css/ppt.css 304 - 3ms","timestamp":"2026-04-30T08:01:08.033Z"}
{"level":"info","message":"GET /css/utilities.css 304 - 1ms","timestamp":"2026-04-30T08:01:08.040Z"}
{"level":"info","message":"GET /js/helpers.js 304 - 2ms","timestamp":"2026-04-30T08:01:08.222Z"}
{"level":"info","message":"GET /js/dealForm.js 304 - 2ms","timestamp":"2026-04-30T08:01:08.223Z"}
{"level":"info","message":"GET /js/ppt.js 304 - 3ms","timestamp":"2026-04-30T08:01:08.224Z"}
{"level":"info","message":"GET /js/summary.js 304 - 6ms","timestamp":"2026-04-30T08:01:08.232Z"}
{"level":"info","message":"GET /js/health.js 304 - 7ms","timestamp":"2026-04-30T08:01:08.233Z"}
{"level":"info","message":"GET /js/ui.js 304 - 4ms","timestamp":"2026-04-30T08:01:08.238Z"}
{"level":"info","message":"GET /js/records.js 200 - 17ms","timestamp":"2026-04-30T08:01:08.242Z"}
{"level":"info","message":"GET /components/topbar.html 304 - 2ms","timestamp":"2026-04-30T08:01:08.255Z"}
{"level":"info","message":"GET /components/sidebar.html 304 - 2ms","timestamp":"2026-04-30T08:01:08.256Z"}
{"level":"info","message":"GET /favicon.ico 304 - 2ms","timestamp":"2026-04-30T08:01:08.269Z"}
{"level":"info","message":"GET /pages/new-deal.html 304 - 2ms","timestamp":"2026-04-30T08:01:08.272Z"}
{"level":"info","message":"GET /pages/records.html 304 - 4ms","timestamp":"2026-04-30T08:01:08.274Z"}
{"level":"info","message":"GET /pages/summary.html 304 - 5ms","timestamp":"2026-04-30T08:01:08.276Z"}
{"level":"info","message":"GET /pages/health.html 304 - 1ms","timestamp":"2026-04-30T08:01:08.279Z"}
{"level":"info","message":"GET /api/deals 304 - 106ms","timestamp":"2026-04-30T08:01:08.433Z"}
{"level":"info","message":"GET / 304 - 32ms","timestamp":"2026-04-30T08:02:11.252Z"}
{"level":"info","message":"GET /css/style.css 304 - 1ms","timestamp":"2026-04-30T08:02:11.330Z"}
{"level":"info","message":"GET /js/main.js 304 - 1ms","timestamp":"2026-04-30T08:02:11.335Z"}
{"level":"info","message":"GET /css/base.css 304 - 1ms","timestamp":"2026-04-30T08:02:11.341Z"}
{"level":"info","message":"GET /css/layout.css 304 - 1ms","timestamp":"2026-04-30T08:02:11.346Z"}
{"level":"info","message":"GET /css/components.css 304 - 1ms","timestamp":"2026-04-30T08:02:11.350Z"}
{"level":"info","message":"GET /css/forms.css 304 - 2ms","timestamp":"2026-04-30T08:02:11.352Z"}
{"level":"info","message":"GET /css/tables.css 304 - 1ms","timestamp":"2026-04-30T08:02:11.359Z"}
{"level":"info","message":"GET /css/pages.css 304 - 3ms","timestamp":"2026-04-30T08:02:11.361Z"}
{"level":"info","message":"GET /css/ppt.css 304 - 4ms","timestamp":"2026-04-30T08:02:11.364Z"}
{"level":"info","message":"GET /css/utilities.css 304 - 1ms","timestamp":"2026-04-30T08:02:11.366Z"}
{"level":"info","message":"GET /js/helpers.js 304 - 1ms","timestamp":"2026-04-30T08:02:11.481Z"}
{"level":"info","message":"GET /js/dealForm.js 304 - 2ms","timestamp":"2026-04-30T08:02:11.482Z"}
{"level":"info","message":"GET /js/ppt.js 304 - 1ms","timestamp":"2026-04-30T08:02:11.484Z"}
{"level":"info","message":"GET /js/records.js 304 - 2ms","timestamp":"2026-04-30T08:02:11.485Z"}
{"level":"info","message":"GET /js/summary.js 304 - 1ms","timestamp":"2026-04-30T08:02:11.488Z"}
{"level":"info","message":"GET /js/health.js 304 - 2ms","timestamp":"2026-04-30T08:02:11.493Z"}
{"level":"info","message":"GET /js/ui.js 304 - 3ms","timestamp":"2026-04-30T08:02:11.495Z"}
{"level":"info","message":"GET /components/topbar.html 304 - 1ms","timestamp":"2026-04-30T08:02:11.503Z"}
{"level":"info","message":"GET /components/sidebar.html 304 - 6ms","timestamp":"2026-04-30T08:02:11.508Z"}
{"level":"info","message":"GET /favicon.ico 304 - 2ms","timestamp":"2026-04-30T08:02:11.515Z"}
{"level":"info","message":"GET /pages/new-deal.html 304 - 2ms","timestamp":"2026-04-30T08:02:11.516Z"}
{"level":"info","message":"GET /pages/records.html 304 - 1ms","timestamp":"2026-04-30T08:02:11.518Z"}
{"level":"info","message":"GET /pages/summary.html 304 - 2ms","timestamp":"2026-04-30T08:02:11.522Z"}
{"level":"info","message":"GET /pages/health.html 304 - 2ms","timestamp":"2026-04-30T08:02:11.523Z"}
{"level":"info","message":"GET /api/deals 304 - 23ms","timestamp":"2026-04-30T08:02:11.564Z"}
{"level":"info","message":"GET /favicon.ico 304 - 2ms","timestamp":"2026-04-30T08:02:25.166Z"}
{"level":"info","message":"GET /favicon.ico 304 - 12ms","timestamp":"2026-04-30T08:02:25.228Z"}
{"level":"info","message":"GET /js/records.js 304 - 32ms","timestamp":"2026-04-30T08:03:06.581Z"}
{"level":"info","message":"GET /favicon.ico 304 - 4ms","timestamp":"2026-04-30T08:03:06.859Z"}
{"level":"info","message":"GET /js/helpers.js 304 - 21ms","timestamp":"2026-04-30T08:03:49.122Z"}
{"level":"info","message":"GET /favicon.ico 304 - 12ms","timestamp":"2026-04-30T08:03:49.327Z"}
{"level":"info","message":"GET / 304 - 5ms","timestamp":"2026-04-30T08:04:17.218Z"}
{"level":"info","message":"GET /css/style.css 304 - 3ms","timestamp":"2026-04-30T08:04:17.320Z"}
{"level":"info","message":"GET /js/main.js 304 - 3ms","timestamp":"2026-04-30T08:04:17.321Z"}
{"level":"info","message":"GET /css/base.css 304 - 1ms","timestamp":"2026-04-30T08:04:17.330Z"}
{"level":"info","message":"GET /css/layout.css 304 - 3ms","timestamp":"2026-04-30T08:04:17.333Z"}
{"level":"info","message":"GET /css/forms.css 304 - 2ms","timestamp":"2026-04-30T08:04:17.337Z"}
{"level":"info","message":"GET /css/components.css 304 - 2ms","timestamp":"2026-04-30T08:04:17.338Z"}
{"level":"info","message":"GET /css/tables.css 304 - 3ms","timestamp":"2026-04-30T08:04:17.342Z"}
{"level":"info","message":"GET /css/pages.css 304 - 7ms","timestamp":"2026-04-30T08:04:17.347Z"}
{"level":"info","message":"GET /css/ppt.css 304 - 7ms","timestamp":"2026-04-30T08:04:17.348Z"}
{"level":"info","message":"GET /css/utilities.css 304 - 1ms","timestamp":"2026-04-30T08:04:17.353Z"}
{"level":"info","message":"GET /js/helpers.js 304 - 1ms","timestamp":"2026-04-30T08:04:17.516Z"}
{"level":"info","message":"GET /js/dealForm.js 304 - 2ms","timestamp":"2026-04-30T08:04:17.517Z"}
{"level":"info","message":"GET /js/ppt.js 304 - 2ms","timestamp":"2026-04-30T08:04:17.518Z"}
{"level":"info","message":"GET /js/records.js 304 - 1ms","timestamp":"2026-04-30T08:04:17.521Z"}
{"level":"info","message":"GET /js/summary.js 304 - 2ms","timestamp":"2026-04-30T08:04:17.522Z"}
{"level":"info","message":"GET /js/health.js 304 - 2ms","timestamp":"2026-04-30T08:04:17.526Z"}
{"level":"info","message":"GET /js/ui.js 304 - 10ms","timestamp":"2026-04-30T08:04:17.534Z"}
{"level":"info","message":"GET /components/topbar.html 304 - 1ms","timestamp":"2026-04-30T08:04:17.546Z"}
{"level":"info","message":"GET /components/sidebar.html 304 - 4ms","timestamp":"2026-04-30T08:04:17.552Z"}
{"level":"info","message":"GET /favicon.ico 304 - 4ms","timestamp":"2026-04-30T08:04:17.561Z"}
{"level":"info","message":"GET /pages/new-deal.html 304 - 2ms","timestamp":"2026-04-30T08:04:17.568Z"}
{"level":"info","message":"GET /pages/records.html 304 - 2ms","timestamp":"2026-04-30T08:04:17.570Z"}
{"level":"info","message":"GET /pages/summary.html 304 - 1ms","timestamp":"2026-04-30T08:04:17.572Z"}
{"level":"info","message":"GET /pages/health.html 304 - 3ms","timestamp":"2026-04-30T08:04:17.575Z"}
{"level":"info","message":"GET /api/deals 304 - 89ms","timestamp":"2026-04-30T08:04:17.710Z"}
{"level":"info","message":"GET / 304 - 34ms","timestamp":"2026-04-30T08:06:14.244Z"}
{"level":"info","message":"GET /css/style.css 304 - 1ms","timestamp":"2026-04-30T08:06:14.638Z"}
{"level":"info","message":"GET /js/main.js 304 - 6ms","timestamp":"2026-04-30T08:06:14.710Z"}
{"level":"info","message":"GET /css/base.css 304 - 1ms","timestamp":"2026-04-30T08:06:14.728Z"}
{"level":"info","message":"GET /css/layout.css 304 - 1ms","timestamp":"2026-04-30T08:06:14.732Z"}
{"level":"info","message":"GET /css/components.css 304 - 3ms","timestamp":"2026-04-30T08:06:14.737Z"}
{"level":"info","message":"GET /css/forms.css 304 - 7ms","timestamp":"2026-04-30T08:06:14.743Z"}
{"level":"info","message":"GET /css/tables.css 304 - 9ms","timestamp":"2026-04-30T08:06:14.749Z"}
{"level":"info","message":"GET /css/pages.css 304 - 14ms","timestamp":"2026-04-30T08:06:14.756Z"}
{"level":"info","message":"GET /css/utilities.css 304 - 10ms","timestamp":"2026-04-30T08:06:14.764Z"}
{"level":"info","message":"GET /css/ppt.css 304 - 14ms","timestamp":"2026-04-30T08:06:14.767Z"}
{"level":"info","message":"GET /js/helpers.js 304 - 1ms","timestamp":"2026-04-30T08:06:15.067Z"}
{"level":"info","message":"GET /js/dealForm.js 304 - 4ms","timestamp":"2026-04-30T08:06:15.075Z"}
{"level":"info","message":"GET /js/ppt.js 304 - 6ms","timestamp":"2026-04-30T08:06:15.078Z"}
{"level":"info","message":"GET /js/summary.js 304 - 4ms","timestamp":"2026-04-30T08:06:15.091Z"}
{"level":"info","message":"GET /js/health.js 304 - 4ms","timestamp":"2026-04-30T08:06:15.092Z"}
{"level":"info","message":"GET /js/ui.js 304 - 6ms","timestamp":"2026-04-30T08:06:15.094Z"}
{"level":"info","message":"GET /js/records.js 200 - 25ms","timestamp":"2026-04-30T08:06:15.098Z"}
{"level":"info","message":"GET /components/topbar.html 304 - 1ms","timestamp":"2026-04-30T08:06:15.118Z"}
{"level":"info","message":"GET /components/sidebar.html 304 - 1ms","timestamp":"2026-04-30T08:06:15.123Z"}
{"level":"info","message":"GET /favicon.ico 304 - 3ms","timestamp":"2026-04-30T08:06:15.163Z"}
{"level":"info","message":"GET /pages/new-deal.html 304 - 3ms","timestamp":"2026-04-30T08:06:15.170Z"}
{"level":"info","message":"GET /pages/records.html 304 - 2ms","timestamp":"2026-04-30T08:06:15.174Z"}
{"level":"info","message":"GET /pages/summary.html 304 - 5ms","timestamp":"2026-04-30T08:06:15.178Z"}
{"level":"info","message":"GET /pages/health.html 304 - 1ms","timestamp":"2026-04-30T08:06:15.184Z"}
{"level":"info","message":"GET /api/deals 304 - 118ms","timestamp":"2026-04-30T08:06:15.365Z"}
{"level":"info","message":"GET / 304 - 32ms","timestamp":"2026-04-30T09:38:39.679Z"}
{"level":"info","message":"GET /css/style.css 304 - 3ms","timestamp":"2026-04-30T09:38:39.876Z"}
{"level":"info","message":"GET /js/main.js 304 - 2ms","timestamp":"2026-04-30T09:38:39.888Z"}
{"level":"info","message":"GET /css/base.css 304 - 2ms","timestamp":"2026-04-30T09:38:39.923Z"}
{"level":"info","message":"GET /css/layout.css 304 - 3ms","timestamp":"2026-04-30T09:38:39.937Z"}
{"level":"info","message":"GET /css/components.css 304 - 4ms","timestamp":"2026-04-30T09:38:39.943Z"}
{"level":"info","message":"GET /css/forms.css 304 - 2ms","timestamp":"2026-04-30T09:38:39.944Z"}
{"level":"info","message":"GET /css/tables.css 304 - 5ms","timestamp":"2026-04-30T09:38:39.947Z"}
{"level":"info","message":"GET /css/ppt.css 304 - 8ms","timestamp":"2026-04-30T09:38:39.956Z"}
{"level":"info","message":"GET /css/pages.css 304 - 4ms","timestamp":"2026-04-30T09:38:39.956Z"}
{"level":"info","message":"GET /css/utilities.css 304 - 4ms","timestamp":"2026-04-30T09:38:39.957Z"}
{"level":"info","message":"GET /js/helpers.js 304 - 2ms","timestamp":"2026-04-30T09:38:40.120Z"}
{"level":"info","message":"GET /js/dealForm.js 304 - 2ms","timestamp":"2026-04-30T09:38:40.121Z"}
{"level":"info","message":"GET /js/ppt.js 304 - 3ms","timestamp":"2026-04-30T09:38:40.124Z"}
{"level":"info","message":"GET /js/summary.js 304 - 9ms","timestamp":"2026-04-30T09:38:40.131Z"}
{"level":"info","message":"GET /js/health.js 304 - 12ms","timestamp":"2026-04-30T09:38:40.135Z"}
{"level":"info","message":"GET /js/ui.js 304 - 7ms","timestamp":"2026-04-30T09:38:40.145Z"}
{"level":"info","message":"GET /js/records.js 200 - 34ms","timestamp":"2026-04-30T09:38:40.156Z"}
{"level":"info","message":"GET /components/topbar.html 304 - 2ms","timestamp":"2026-04-30T09:38:40.174Z"}
{"level":"info","message":"GET /components/sidebar.html 304 - 7ms","timestamp":"2026-04-30T09:38:40.180Z"}
{"level":"info","message":"GET /pages/health.html 304 - 3ms","timestamp":"2026-04-30T09:38:40.198Z"}
{"level":"info","message":"GET /pages/new-deal.html 304 - 6ms","timestamp":"2026-04-30T09:38:40.202Z"}
{"level":"info","message":"GET /pages/records.html 304 - 8ms","timestamp":"2026-04-30T09:38:40.205Z"}
{"level":"info","message":"GET /pages/summary.html 304 - 9ms","timestamp":"2026-04-30T09:38:40.206Z"}
{"level":"info","message":"GET /favicon.ico 304 - 1ms","timestamp":"2026-04-30T09:38:40.207Z"}
{"level":"info","message":"GET /api/deals 304 - 148ms","timestamp":"2026-04-30T09:38:40.474Z"}
{"level":"info","message":"GET /uploads/1777484435683-801786388-hyundai_kia_insurance_calculator.html 200 - 17ms","timestamp":"2026-04-30T09:39:42.119Z"}
{"level":"info","message":"GET /favicon.ico 304 - 2ms","timestamp":"2026-04-30T09:39:42.181Z"}
{"level":"info","message":"GET /pages/new-deal.html 304 - 0ms","timestamp":"2026-04-30T09:39:54.518Z"}
{"level":"info","message":"GET /pages/records.html 304 - 1ms","timestamp":"2026-04-30T09:39:54.519Z"}
{"level":"info","message":"GET /pages/summary.html 304 - 2ms","timestamp":"2026-04-30T09:39:54.520Z"}
{"level":"info","message":"GET /pages/health.html 304 - 2ms","timestamp":"2026-04-30T09:39:54.522Z"}
{"level":"info","message":"GET /favicon.ico 304 - 1ms","timestamp":"2026-04-30T09:39:54.523Z"}
{"level":"info","message":"GET /api/deals 304 - 19ms","timestamp":"2026-04-30T09:39:54.650Z"}
{"level":"info","message":"GET /uploads/1777071560398-460314073-Recording_2026-02-02_200328.mp4 200 - 509ms","timestamp":"2026-04-30T09:40:06.430Z"}
{"level":"info","message":"GET /uploads/1777381360710-182847732-ID's.xlsx 200 - 5ms","timestamp":"2026-04-30T09:40:11.499Z"}
{"level":"info","message":"GET /api/deals/health 200 - 115ms","timestamp":"2026-04-30T09:45:27.120Z"}
{"level":"info","message":"GET /api/deals/health 200 - 11ms","timestamp":"2026-04-30T09:45:27.135Z"}
{"level":"info","message":"GET / 304 - 24ms","timestamp":"2026-04-30T09:50:48.983Z"}
{"level":"info","message":"GET /css/style.css 304 - 2ms","timestamp":"2026-04-30T09:50:49.029Z"}
{"level":"info","message":"GET /js/main.js 304 - 1ms","timestamp":"2026-04-30T09:50:49.049Z"}
{"level":"info","message":"GET /css/base.css 304 - 6ms","timestamp":"2026-04-30T09:50:49.058Z"}
{"level":"info","message":"GET /css/layout.css 304 - 5ms","timestamp":"2026-04-30T09:50:49.059Z"}
{"level":"info","message":"GET /css/components.css 304 - 7ms","timestamp":"2026-04-30T09:50:49.070Z"}
{"level":"info","message":"GET /css/forms.css 304 - 9ms","timestamp":"2026-04-30T09:50:49.074Z"}
{"level":"info","message":"GET /css/tables.css 304 - 14ms","timestamp":"2026-04-30T09:50:49.091Z"}
{"level":"info","message":"GET /css/pages.css 304 - 17ms","timestamp":"2026-04-30T09:50:49.095Z"}
{"level":"info","message":"GET /css/ppt.css 304 - 4ms","timestamp":"2026-04-30T09:50:49.109Z"}
{"level":"info","message":"GET /css/utilities.css 304 - 13ms","timestamp":"2026-04-30T09:50:49.119Z"}
{"level":"info","message":"GET /js/helpers.js 304 - 2ms","timestamp":"2026-04-30T09:50:49.267Z"}
{"level":"info","message":"GET /js/dealForm.js 304 - 4ms","timestamp":"2026-04-30T09:50:49.270Z"}
{"level":"info","message":"GET /js/records.js 304 - 7ms","timestamp":"2026-04-30T09:50:49.273Z"}
{"level":"info","message":"GET /js/ppt.js 200 - 14ms","timestamp":"2026-04-30T09:50:49.280Z"}
{"level":"info","message":"GET /js/summary.js 304 - 8ms","timestamp":"2026-04-30T09:50:49.282Z"}
{"level":"info","message":"GET /js/ui.js 304 - 9ms","timestamp":"2026-04-30T09:50:49.284Z"}
{"level":"info","message":"GET /js/health.js 304 - 10ms","timestamp":"2026-04-30T09:50:49.285Z"}
{"level":"info","message":"GET /components/topbar.html 304 - 2ms","timestamp":"2026-04-30T09:50:49.294Z"}
{"level":"info","message":"GET /components/sidebar.html 304 - 3ms","timestamp":"2026-04-30T09:50:49.296Z"}
{"level":"info","message":"GET /favicon.ico 304 - 3ms","timestamp":"2026-04-30T09:50:49.302Z"}
{"level":"info","message":"GET /pages/new-deal.html 304 - 1ms","timestamp":"2026-04-30T09:50:49.387Z"}
{"level":"info","message":"GET /pages/summary.html 304 - 2ms","timestamp":"2026-04-30T09:50:49.388Z"}
{"level":"info","message":"GET /pages/health.html 304 - 3ms","timestamp":"2026-04-30T09:50:49.389Z"}
{"level":"info","message":"GET /pages/records.html 304 - 4ms","timestamp":"2026-04-30T09:50:49.390Z"}
{"level":"info","message":"GET /api/deals 304 - 70ms","timestamp":"2026-04-30T09:50:49.469Z"}
{"level":"info","message":"GET / 304 - 1ms","timestamp":"2026-04-30T09:54:30.229Z"}
{"level":"info","message":"GET /css/style.css 304 - 1ms","timestamp":"2026-04-30T09:54:30.465Z"}
{"level":"info","message":"GET /js/main.js 304 - 3ms","timestamp":"2026-04-30T09:54:30.469Z"}
{"level":"info","message":"GET /css/base.css 304 - 1ms","timestamp":"2026-04-30T09:54:30.486Z"}
{"level":"info","message":"GET /css/layout.css 304 - 4ms","timestamp":"2026-04-30T09:54:30.489Z"}
{"level":"info","message":"GET /css/components.css 304 - 5ms","timestamp":"2026-04-30T09:54:30.497Z"}
{"level":"info","message":"GET /css/forms.css 304 - 3ms","timestamp":"2026-04-30T09:54:30.498Z"}
{"level":"info","message":"GET /css/tables.css 304 - 4ms","timestamp":"2026-04-30T09:54:30.500Z"}
{"level":"info","message":"GET /css/pages.css 304 - 2ms","timestamp":"2026-04-30T09:54:30.501Z"}
{"level":"info","message":"GET /css/ppt.css 304 - 2ms","timestamp":"2026-04-30T09:54:30.501Z"}
{"level":"info","message":"GET /css/utilities.css 304 - 1ms","timestamp":"2026-04-30T09:54:30.503Z"}
{"level":"info","message":"GET /js/helpers.js 304 - 2ms","timestamp":"2026-04-30T09:54:30.641Z"}
{"level":"info","message":"GET /js/dealForm.js 304 - 4ms","timestamp":"2026-04-30T09:54:30.644Z"}
{"level":"info","message":"GET /js/records.js 304 - 2ms","timestamp":"2026-04-30T09:54:30.647Z"}
{"level":"info","message":"GET /js/summary.js 304 - 3ms","timestamp":"2026-04-30T09:54:30.648Z"}
{"level":"info","message":"GET /js/health.js 304 - 4ms","timestamp":"2026-04-30T09:54:30.650Z"}
{"level":"info","message":"GET /js/ui.js 304 - 1ms","timestamp":"2026-04-30T09:54:30.652Z"}
{"level":"info","message":"GET /js/ppt.js 200 - 15ms","timestamp":"2026-04-30T09:54:30.656Z"}
{"level":"info","message":"GET /components/topbar.html 304 - 1ms","timestamp":"2026-04-30T09:54:30.664Z"}
{"level":"info","message":"GET /components/sidebar.html 304 - 1ms","timestamp":"2026-04-30T09:54:30.665Z"}
{"level":"info","message":"GET /pages/new-deal.html 304 - 1ms","timestamp":"2026-04-30T09:54:30.670Z"}
{"level":"info","message":"GET /pages/records.html 304 - 3ms","timestamp":"2026-04-30T09:54:30.672Z"}
{"level":"info","message":"GET /pages/summary.html 304 - 5ms","timestamp":"2026-04-30T09:54:30.675Z"}
{"level":"info","message":"GET /pages/health.html 304 - 8ms","timestamp":"2026-04-30T09:54:30.678Z"}
{"level":"info","message":"GET /favicon.ico 304 - 1ms","timestamp":"2026-04-30T09:54:30.764Z"}
{"level":"info","message":"GET /api/deals 304 - 9ms","timestamp":"2026-04-30T09:54:30.777Z"}
{"level":"info","message":"GET / 304 - 5ms","timestamp":"2026-04-30T09:58:14.704Z"}
{"level":"info","message":"GET /css/style.css 304 - 2ms","timestamp":"2026-04-30T09:58:15.014Z"}
{"level":"info","message":"GET /js/main.js 304 - 1ms","timestamp":"2026-04-30T09:58:15.018Z"}
{"level":"info","message":"GET /css/base.css 304 - 7ms","timestamp":"2026-04-30T09:58:15.040Z"}
{"level":"info","message":"GET /css/layout.css 304 - 6ms","timestamp":"2026-04-30T09:58:15.043Z"}
{"level":"info","message":"GET /css/forms.css 304 - 6ms","timestamp":"2026-04-30T09:58:15.054Z"}
{"level":"info","message":"GET /css/components.css 304 - 6ms","timestamp":"2026-04-30T09:58:15.056Z"}
{"level":"info","message":"GET /css/tables.css 304 - 30ms","timestamp":"2026-04-30T09:58:15.088Z"}
{"level":"info","message":"GET /css/pages.css 304 - 32ms","timestamp":"2026-04-30T09:58:15.091Z"}
{"level":"info","message":"GET /css/ppt.css 304 - 28ms","timestamp":"2026-04-30T09:58:15.092Z"}
{"level":"info","message":"GET /css/utilities.css 304 - 6ms","timestamp":"2026-04-30T09:58:15.100Z"}
{"level":"info","message":"GET /js/helpers.js 304 - 0ms","timestamp":"2026-04-30T09:58:15.268Z"}
{"level":"info","message":"GET /js/dealForm.js 304 - 1ms","timestamp":"2026-04-30T09:58:15.270Z"}
{"level":"info","message":"GET /js/records.js 304 - 1ms","timestamp":"2026-04-30T09:58:15.270Z"}
{"level":"info","message":"GET /js/summary.js 304 - 3ms","timestamp":"2026-04-30T09:58:15.272Z"}
{"level":"info","message":"GET /js/health.js 304 - 1ms","timestamp":"2026-04-30T09:58:15.275Z"}
{"level":"info","message":"GET /js/ui.js 304 - 2ms","timestamp":"2026-04-30T09:58:15.276Z"}
{"level":"info","message":"GET /js/ppt.js 200 - 9ms","timestamp":"2026-04-30T09:58:15.279Z"}
{"level":"info","message":"GET /components/topbar.html 304 - 1ms","timestamp":"2026-04-30T09:58:15.292Z"}
{"level":"info","message":"GET /components/sidebar.html 304 - 1ms","timestamp":"2026-04-30T09:58:15.293Z"}
{"level":"info","message":"GET /pages/health.html 304 - 1ms","timestamp":"2026-04-30T09:58:15.306Z"}
{"level":"info","message":"GET /pages/new-deal.html 304 - 2ms","timestamp":"2026-04-30T09:58:15.307Z"}
{"level":"info","message":"GET /pages/records.html 304 - 2ms","timestamp":"2026-04-30T09:58:15.309Z"}
{"level":"info","message":"GET /pages/summary.html 304 - 3ms","timestamp":"2026-04-30T09:58:15.311Z"}
{"level":"info","message":"GET /favicon.ico 304 - 6ms","timestamp":"2026-04-30T09:58:15.314Z"}
{"level":"info","message":"GET /api/deals 304 - 59ms","timestamp":"2026-04-30T09:58:15.472Z"}
{"level":"info","message":"GET / 304 - 33ms","timestamp":"2026-04-30T10:13:17.367Z"}
{"level":"info","message":"GET /css/style.css 304 - 24ms","timestamp":"2026-04-30T10:13:17.584Z"}
{"level":"info","message":"GET /js/main.js 304 - 37ms","timestamp":"2026-04-30T10:13:17.604Z"}
{"level":"info","message":"GET /css/base.css 304 - 16ms","timestamp":"2026-04-30T10:13:17.627Z"}
{"level":"info","message":"GET /css/layout.css 304 - 10ms","timestamp":"2026-04-30T10:13:17.630Z"}
{"level":"info","message":"GET /css/components.css 304 - 13ms","timestamp":"2026-04-30T10:13:17.635Z"}
{"level":"info","message":"GET /css/forms.css 304 - 16ms","timestamp":"2026-04-30T10:13:17.638Z"}
{"level":"info","message":"GET /css/tables.css 304 - 18ms","timestamp":"2026-04-30T10:13:17.641Z"}
{"level":"info","message":"GET /css/pages.css 304 - 20ms","timestamp":"2026-04-30T10:13:17.645Z"}
{"level":"info","message":"GET /css/ppt.css 304 - 3ms","timestamp":"2026-04-30T10:13:17.649Z"}
{"level":"info","message":"GET /css/utilities.css 304 - 12ms","timestamp":"2026-04-30T10:13:17.661Z"}
{"level":"info","message":"GET /js/helpers.js 304 - 4ms","timestamp":"2026-04-30T10:13:17.843Z"}
{"level":"info","message":"GET /js/dealForm.js 304 - 3ms","timestamp":"2026-04-30T10:13:17.844Z"}
{"level":"info","message":"GET /js/records.js 304 - 6ms","timestamp":"2026-04-30T10:13:17.854Z"}
{"level":"info","message":"GET /js/summary.js 304 - 7ms","timestamp":"2026-04-30T10:13:17.857Z"}
{"level":"info","message":"GET /js/health.js 304 - 10ms","timestamp":"2026-04-30T10:13:17.860Z"}
{"level":"info","message":"GET /js/ui.js 304 - 5ms","timestamp":"2026-04-30T10:13:17.866Z"}
{"level":"info","message":"GET /js/ppt.js 200 - 23ms","timestamp":"2026-04-30T10:13:17.871Z"}
{"level":"info","message":"GET /components/topbar.html 304 - 2ms","timestamp":"2026-04-30T10:13:17.882Z"}
{"level":"info","message":"GET /components/sidebar.html 304 - 2ms","timestamp":"2026-04-30T10:13:17.883Z"}
{"level":"info","message":"GET /pages/new-deal.html 304 - 2ms","timestamp":"2026-04-30T10:13:17.896Z"}
{"level":"info","message":"GET /pages/records.html 304 - 5ms","timestamp":"2026-04-30T10:13:17.899Z"}
{"level":"info","message":"GET /pages/summary.html 304 - 7ms","timestamp":"2026-04-30T10:13:17.902Z"}
{"level":"info","message":"GET /favicon.ico 304 - 16ms","timestamp":"2026-04-30T10:13:17.909Z"}
{"level":"info","message":"GET /pages/health.html 304 - 2ms","timestamp":"2026-04-30T10:13:17.910Z"}
{"level":"info","message":"GET /api/deals 304 - 82ms","timestamp":"2026-04-30T10:13:18.139Z"}
{"level":"info","message":"GET / 304 - 4ms","timestamp":"2026-04-30T10:14:13.779Z"}
{"level":"info","message":"GET /css/style.css 304 - 2ms","timestamp":"2026-04-30T10:14:13.997Z"}
{"level":"info","message":"GET /js/main.js 304 - 4ms","timestamp":"2026-04-30T10:14:13.999Z"}
{"level":"info","message":"GET /css/base.css 304 - 6ms","timestamp":"2026-04-30T10:14:14.035Z"}
{"level":"info","message":"GET /css/layout.css 304 - 7ms","timestamp":"2026-04-30T10:14:14.037Z"}
{"level":"info","message":"GET /css/components.css 304 - 2ms","timestamp":"2026-04-30T10:14:14.041Z"}
{"level":"info","message":"GET /css/pages.css 304 - 2ms","timestamp":"2026-04-30T10:14:14.044Z"}
{"level":"info","message":"GET /css/forms.css 304 - 3ms","timestamp":"2026-04-30T10:14:14.045Z"}
{"level":"info","message":"GET /css/tables.css 304 - 3ms","timestamp":"2026-04-30T10:14:14.046Z"}
{"level":"info","message":"GET /css/ppt.css 304 - 5ms","timestamp":"2026-04-30T10:14:14.054Z"}
{"level":"info","message":"GET /css/utilities.css 304 - 5ms","timestamp":"2026-04-30T10:14:14.055Z"}
{"level":"info","message":"GET /js/helpers.js 304 - 1ms","timestamp":"2026-04-30T10:14:14.203Z"}
{"level":"info","message":"GET /js/dealForm.js 304 - 2ms","timestamp":"2026-04-30T10:14:14.204Z"}
{"level":"info","message":"GET /js/records.js 304 - 4ms","timestamp":"2026-04-30T10:14:14.209Z"}
{"level":"info","message":"GET /js/summary.js 304 - 5ms","timestamp":"2026-04-30T10:14:14.212Z"}
{"level":"info","message":"GET /js/ui.js 304 - 3ms","timestamp":"2026-04-30T10:14:14.214Z"}
{"level":"info","message":"GET /js/health.js 304 - 4ms","timestamp":"2026-04-30T10:14:14.215Z"}
{"level":"info","message":"GET /js/ppt.js 200 - 18ms","timestamp":"2026-04-30T10:14:14.220Z"}
{"level":"info","message":"GET /components/topbar.html 304 - 1ms","timestamp":"2026-04-30T10:14:14.230Z"}
{"level":"info","message":"GET /components/sidebar.html 304 - 3ms","timestamp":"2026-04-30T10:14:14.232Z"}
{"level":"info","message":"GET /pages/new-deal.html 304 - 1ms","timestamp":"2026-04-30T10:14:14.240Z"}
{"level":"info","message":"GET /pages/summary.html 304 - 2ms","timestamp":"2026-04-30T10:14:14.241Z"}
{"level":"info","message":"GET /pages/health.html 304 - 3ms","timestamp":"2026-04-30T10:14:14.243Z"}
{"level":"info","message":"GET /pages/records.html 304 - 4ms","timestamp":"2026-04-30T10:14:14.244Z"}
{"level":"info","message":"GET /favicon.ico 304 - 2ms","timestamp":"2026-04-30T10:14:14.349Z"}
{"level":"info","message":"GET /api/deals 304 - 83ms","timestamp":"2026-04-30T10:14:14.438Z"}
{"level":"info","message":"GET / 304 - 19ms","timestamp":"2026-04-30T10:16:02.241Z"}
{"level":"info","message":"GET /css/style.css 304 - 20ms","timestamp":"2026-04-30T10:16:02.373Z"}
{"level":"info","message":"GET /js/main.js 304 - 16ms","timestamp":"2026-04-30T10:16:02.375Z"}
{"level":"info","message":"GET /css/base.css 304 - 4ms","timestamp":"2026-04-30T10:16:02.390Z"}
{"level":"info","message":"GET /css/layout.css 304 - 2ms","timestamp":"2026-04-30T10:16:02.393Z"}
{"level":"info","message":"GET /css/components.css 304 - 1ms","timestamp":"2026-04-30T10:16:02.395Z"}
{"level":"info","message":"GET /css/tables.css 304 - 3ms","timestamp":"2026-04-30T10:16:02.399Z"}
{"level":"info","message":"GET /css/forms.css 304 - 3ms","timestamp":"2026-04-30T10:16:02.400Z"}
{"level":"info","message":"GET /css/pages.css 304 - 4ms","timestamp":"2026-04-30T10:16:02.402Z"}
{"level":"info","message":"GET /css/ppt.css 304 - 1ms","timestamp":"2026-04-30T10:16:02.406Z"}
{"level":"info","message":"GET /css/utilities.css 304 - 4ms","timestamp":"2026-04-30T10:16:02.409Z"}
{"level":"info","message":"GET /js/helpers.js 304 - 1ms","timestamp":"2026-04-30T10:16:02.541Z"}
{"level":"info","message":"GET /js/dealForm.js 304 - 2ms","timestamp":"2026-04-30T10:16:02.543Z"}
{"level":"info","message":"GET /js/records.js 304 - 4ms","timestamp":"2026-04-30T10:16:02.548Z"}
{"level":"info","message":"GET /js/summary.js 304 - 6ms","timestamp":"2026-04-30T10:16:02.554Z"}
{"level":"info","message":"GET /js/health.js 304 - 2ms","timestamp":"2026-04-30T10:16:02.554Z"}
{"level":"info","message":"GET /js/ui.js 304 - 3ms","timestamp":"2026-04-30T10:16:02.556Z"}
{"level":"info","message":"GET /js/ppt.js 200 - 16ms","timestamp":"2026-04-30T10:16:02.559Z"}
{"level":"info","message":"GET /components/topbar.html 304 - 1ms","timestamp":"2026-04-30T10:16:02.570Z"}
{"level":"info","message":"GET /components/sidebar.html 304 - 2ms","timestamp":"2026-04-30T10:16:02.572Z"}
{"level":"info","message":"GET /pages/new-deal.html 304 - 3ms","timestamp":"2026-04-30T10:16:02.583Z"}
{"level":"info","message":"GET /pages/records.html 304 - 5ms","timestamp":"2026-04-30T10:16:02.584Z"}
{"level":"info","message":"GET /pages/summary.html 304 - 7ms","timestamp":"2026-04-30T10:16:02.587Z"}
{"level":"info","message":"GET /pages/health.html 304 - 1ms","timestamp":"2026-04-30T10:16:02.589Z"}
{"level":"info","message":"GET /favicon.ico 304 - 1ms","timestamp":"2026-04-30T10:16:02.692Z"}
{"level":"info","message":"GET /api/deals 304 - 108ms","timestamp":"2026-04-30T10:16:02.814Z"}
{"level":"info","message":"GET /pages/records.html 304 - 35ms","timestamp":"2026-04-30T10:22:01.511Z"}
{"level":"info","message":"GET /pages/new-deal.html 304 - 39ms","timestamp":"2026-04-30T10:22:01.528Z"}
{"level":"info","message":"GET /pages/summary.html 304 - 4ms","timestamp":"2026-04-30T10:22:01.533Z"}
{"level":"info","message":"GET /pages/health.html 304 - 4ms","timestamp":"2026-04-30T10:22:01.534Z"}
{"level":"info","message":"GET /favicon.ico 304 - 9ms","timestamp":"2026-04-30T10:22:01.540Z"}
{"level":"info","message":"GET /api/deals 304 - 161ms","timestamp":"2026-04-30T10:22:01.761Z"}
{"level":"info","message":"GET / 304 - 3ms","timestamp":"2026-04-30T10:22:02.569Z"}
{"level":"info","message":"GET /css/style.css 304 - 2ms","timestamp":"2026-04-30T10:22:02.594Z"}
{"level":"info","message":"GET /js/main.js 304 - 9ms","timestamp":"2026-04-30T10:22:02.600Z"}
{"level":"info","message":"GET /css/base.css 304 - 1ms","timestamp":"2026-04-30T10:22:02.602Z"}
{"level":"info","message":"GET /css/layout.css 304 - 0ms","timestamp":"2026-04-30T10:22:02.603Z"}
{"level":"info","message":"GET /css/components.css 304 - 2ms","timestamp":"2026-04-30T10:22:02.606Z"}
{"level":"info","message":"GET /css/forms.css 304 - 2ms","timestamp":"2026-04-30T10:22:02.607Z"}
{"level":"info","message":"GET /css/tables.css 304 - 8ms","timestamp":"2026-04-30T10:22:02.613Z"}
{"level":"info","message":"GET /css/pages.css 304 - 2ms","timestamp":"2026-04-30T10:22:02.615Z"}
{"level":"info","message":"GET /css/ppt.css 304 - 3ms","timestamp":"2026-04-30T10:22:02.617Z"}
{"level":"info","message":"GET /css/utilities.css 304 - 5ms","timestamp":"2026-04-30T10:22:02.620Z"}
{"level":"info","message":"GET /js/helpers.js 304 - 1ms","timestamp":"2026-04-30T10:22:02.723Z"}
{"level":"info","message":"GET /js/dealForm.js 304 - 2ms","timestamp":"2026-04-30T10:22:02.724Z"}
{"level":"info","message":"GET /js/records.js 304 - 6ms","timestamp":"2026-04-30T10:22:02.731Z"}
{"level":"info","message":"GET /js/summary.js 304 - 6ms","timestamp":"2026-04-30T10:22:02.732Z"}
{"level":"info","message":"GET /js/health.js 304 - 8ms","timestamp":"2026-04-30T10:22:02.734Z"}
{"level":"info","message":"GET /js/ui.js 304 - 2ms","timestamp":"2026-04-30T10:22:02.736Z"}
{"level":"info","message":"GET /js/ppt.js 200 - 31ms","timestamp":"2026-04-30T10:22:02.753Z"}
{"level":"info","message":"GET /components/topbar.html 304 - 1ms","timestamp":"2026-04-30T10:22:02.758Z"}
{"level":"info","message":"GET /components/sidebar.html 304 - 4ms","timestamp":"2026-04-30T10:22:02.762Z"}
{"level":"info","message":"GET /favicon.ico 304 - 1ms","timestamp":"2026-04-30T10:22:02.767Z"}
{"level":"info","message":"GET /pages/new-deal.html 304 - 1ms","timestamp":"2026-04-30T10:22:02.769Z"}
{"level":"info","message":"GET /pages/records.html 304 - 3ms","timestamp":"2026-04-30T10:22:02.771Z"}
{"level":"info","message":"GET /pages/summary.html 304 - 3ms","timestamp":"2026-04-30T10:22:02.772Z"}
{"level":"info","message":"GET /pages/health.html 304 - 2ms","timestamp":"2026-04-30T10:22:02.775Z"}
{"level":"info","message":"GET /api/deals 304 - 41ms","timestamp":"2026-04-30T10:22:02.829Z"}
{"level":"info","message":"GET / 304 - 19ms","timestamp":"2026-04-30T10:28:03.422Z"}
{"level":"info","message":"GET /css/style.css 304 - 2ms","timestamp":"2026-04-30T10:28:03.495Z"}
{"level":"info","message":"GET /js/main.js 304 - 1ms","timestamp":"2026-04-30T10:28:03.497Z"}
{"level":"info","message":"GET /css/layout.css 304 - 2ms","timestamp":"2026-04-30T10:28:03.520Z"}
{"level":"info","message":"GET /css/base.css 304 - 2ms","timestamp":"2026-04-30T10:28:03.524Z"}
{"level":"info","message":"GET /css/components.css 304 - 1ms","timestamp":"2026-04-30T10:28:03.528Z"}
{"level":"info","message":"GET /css/forms.css 304 - 3ms","timestamp":"2026-04-30T10:28:03.535Z"}
{"level":"info","message":"GET /css/tables.css 304 - 25ms","timestamp":"2026-04-30T10:28:03.558Z"}
{"level":"info","message":"GET /css/pages.css 304 - 6ms","timestamp":"2026-04-30T10:28:03.570Z"}
{"level":"info","message":"GET /css/ppt.css 304 - 9ms","timestamp":"2026-04-30T10:28:03.577Z"}
{"level":"info","message":"GET /css/utilities.css 304 - 12ms","timestamp":"2026-04-30T10:28:03.581Z"}
{"level":"info","message":"GET /js/helpers.js 304 - 3ms","timestamp":"2026-04-30T10:28:03.738Z"}
{"level":"info","message":"GET /js/dealForm.js 304 - 6ms","timestamp":"2026-04-30T10:28:03.742Z"}
{"level":"info","message":"GET /js/records.js 304 - 1ms","timestamp":"2026-04-30T10:28:03.747Z"}
{"level":"info","message":"GET /js/ppt.js 200 - 16ms","timestamp":"2026-04-30T10:28:03.753Z"}
{"level":"info","message":"GET /js/ui.js 304 - 9ms","timestamp":"2026-04-30T10:28:03.758Z"}
{"level":"info","message":"GET /js/summary.js 304 - 11ms","timestamp":"2026-04-30T10:28:03.760Z"}
{"level":"info","message":"GET /js/health.js 304 - 13ms","timestamp":"2026-04-30T10:28:03.762Z"}
{"level":"info","message":"GET /favicon.ico 304 - 2ms","timestamp":"2026-04-30T10:28:03.779Z"}
{"level":"info","message":"GET / 304 - 2ms","timestamp":"2026-04-30T10:28:06.702Z"}
{"level":"info","message":"GET /css/style.css 304 - 1ms","timestamp":"2026-04-30T10:28:06.720Z"}
{"level":"info","message":"GET /js/main.js 304 - 3ms","timestamp":"2026-04-30T10:28:06.722Z"}
{"level":"info","message":"GET /css/base.css 304 - 2ms","timestamp":"2026-04-30T10:28:06.726Z"}
{"level":"info","message":"GET /css/layout.css 304 - 2ms","timestamp":"2026-04-30T10:28:06.727Z"}
{"level":"info","message":"GET /css/components.css 304 - 2ms","timestamp":"2026-04-30T10:28:06.730Z"}
{"level":"info","message":"GET /css/forms.css 304 - 3ms","timestamp":"2026-04-30T10:28:06.732Z"}
{"level":"info","message":"GET /css/tables.css 304 - 5ms","timestamp":"2026-04-30T10:28:06.740Z"}
{"level":"info","message":"GET /css/pages.css 304 - 3ms","timestamp":"2026-04-30T10:28:06.741Z"}
{"level":"info","message":"GET /css/ppt.css 304 - 2ms","timestamp":"2026-04-30T10:28:06.745Z"}
{"level":"info","message":"GET /css/utilities.css 304 - 3ms","timestamp":"2026-04-30T10:28:06.746Z"}
{"level":"info","message":"GET /js/helpers.js 304 - 2ms","timestamp":"2026-04-30T10:28:06.824Z"}
{"level":"info","message":"GET /js/dealForm.js 304 - 2ms","timestamp":"2026-04-30T10:28:06.825Z"}
{"level":"info","message":"GET /js/ppt.js 304 - 3ms","timestamp":"2026-04-30T10:28:06.826Z"}
{"level":"info","message":"GET /js/records.js 304 - 5ms","timestamp":"2026-04-30T10:28:06.828Z"}
{"level":"info","message":"GET /js/summary.js 304 - 8ms","timestamp":"2026-04-30T10:28:06.831Z"}
{"level":"info","message":"GET /js/health.js 304 - 1ms","timestamp":"2026-04-30T10:28:06.834Z"}
{"level":"info","message":"GET /js/ui.js 304 - 1ms","timestamp":"2026-04-30T10:28:06.839Z"}
{"level":"info","message":"GET /favicon.ico 304 - 1ms","timestamp":"2026-04-30T10:28:06.845Z"}
{"level":"info","message":"GET / 304 - 2ms","timestamp":"2026-04-30T10:28:07.458Z"}
{"level":"info","message":"GET /css/style.css 304 - 1ms","timestamp":"2026-04-30T10:28:07.477Z"}
{"level":"info","message":"GET /js/main.js 304 - 3ms","timestamp":"2026-04-30T10:28:07.480Z"}
{"level":"info","message":"GET /css/base.css 304 - 5ms","timestamp":"2026-04-30T10:28:07.488Z"}
{"level":"info","message":"GET /css/layout.css 304 - 6ms","timestamp":"2026-04-30T10:28:07.490Z"}
{"level":"info","message":"GET /css/components.css 304 - 4ms","timestamp":"2026-04-30T10:28:07.491Z"}
{"level":"info","message":"GET /css/forms.css 304 - 1ms","timestamp":"2026-04-30T10:28:07.493Z"}
{"level":"info","message":"GET /css/tables.css 304 - 3ms","timestamp":"2026-04-30T10:28:07.495Z"}
{"level":"info","message":"GET /css/pages.css 304 - 8ms","timestamp":"2026-04-30T10:28:07.501Z"}
{"level":"info","message":"GET /css/ppt.css 304 - 7ms","timestamp":"2026-04-30T10:28:07.503Z"}
{"level":"info","message":"GET /css/utilities.css 304 - 8ms","timestamp":"2026-04-30T10:28:07.505Z"}
{"level":"info","message":"GET /js/helpers.js 304 - 1ms","timestamp":"2026-04-30T10:28:07.575Z"}
{"level":"info","message":"GET /js/dealForm.js 304 - 2ms","timestamp":"2026-04-30T10:28:07.576Z"}
{"level":"info","message":"GET /js/ppt.js 304 - 3ms","timestamp":"2026-04-30T10:28:07.577Z"}
{"level":"info","message":"GET /js/records.js 304 - 3ms","timestamp":"2026-04-30T10:28:07.578Z"}
{"level":"info","message":"GET /js/summary.js 304 - 4ms","timestamp":"2026-04-30T10:28:07.579Z"}
{"level":"info","message":"GET /js/health.js 304 - 0ms","timestamp":"2026-04-30T10:28:07.580Z"}
{"level":"info","message":"GET /js/ui.js 304 - 1ms","timestamp":"2026-04-30T10:28:07.582Z"}
{"level":"info","message":"GET /favicon.ico 304 - 1ms","timestamp":"2026-04-30T10:28:07.589Z"}
{"level":"info","message":"GET / 304 - 1ms","timestamp":"2026-04-30T10:28:07.745Z"}
{"level":"info","message":"GET /css/style.css 304 - 1ms","timestamp":"2026-04-30T10:28:07.758Z"}
{"level":"info","message":"GET /js/main.js 304 - 2ms","timestamp":"2026-04-30T10:28:07.760Z"}
{"level":"info","message":"GET /css/base.css 304 - 2ms","timestamp":"2026-04-30T10:28:07.767Z"}
{"level":"info","message":"GET /css/layout.css 304 - 4ms","timestamp":"2026-04-30T10:28:07.770Z"}
{"level":"info","message":"GET /css/components.css 304 - 7ms","timestamp":"2026-04-30T10:28:07.773Z"}
{"level":"info","message":"GET /css/forms.css 304 - 1ms","timestamp":"2026-04-30T10:28:07.776Z"}
{"level":"info","message":"GET /css/tables.css 304 - 2ms","timestamp":"2026-04-30T10:28:07.777Z"}
{"level":"info","message":"GET /css/pages.css 304 - 6ms","timestamp":"2026-04-30T10:28:07.781Z"}
{"level":"info","message":"GET /css/ppt.css 304 - 5ms","timestamp":"2026-04-30T10:28:07.784Z"}
{"level":"info","message":"GET /css/utilities.css 304 - 7ms","timestamp":"2026-04-30T10:28:07.786Z"}
{"level":"info","message":"GET /js/helpers.js 304 - 2ms","timestamp":"2026-04-30T10:28:07.860Z"}
{"level":"info","message":"GET /js/dealForm.js 304 - 1ms","timestamp":"2026-04-30T10:28:07.860Z"}
{"level":"info","message":"GET /js/ppt.js 304 - 2ms","timestamp":"2026-04-30T10:28:07.861Z"}
{"level":"info","message":"GET /js/records.js 304 - 3ms","timestamp":"2026-04-30T10:28:07.862Z"}
{"level":"info","message":"GET /js/summary.js 304 - 0ms","timestamp":"2026-04-30T10:28:07.863Z"}
{"level":"info","message":"GET /js/health.js 304 - 2ms","timestamp":"2026-04-30T10:28:07.865Z"}
{"level":"info","message":"GET /js/ui.js 304 - 2ms","timestamp":"2026-04-30T10:28:07.866Z"}
{"level":"info","message":"GET /favicon.ico 304 - 1ms","timestamp":"2026-04-30T10:28:07.872Z"}
{"level":"info","message":"GET / 304 - 1ms","timestamp":"2026-04-30T10:28:08.028Z"}
{"level":"info","message":"GET /css/style.css 304 - 1ms","timestamp":"2026-04-30T10:28:08.041Z"}
{"level":"info","message":"GET /js/main.js 304 - 2ms","timestamp":"2026-04-30T10:28:08.042Z"}
{"level":"info","message":"GET /css/base.css 304 - 6ms","timestamp":"2026-04-30T10:28:08.051Z"}
{"level":"info","message":"GET /css/layout.css 304 - 7ms","timestamp":"2026-04-30T10:28:08.054Z"}
{"level":"info","message":"GET /css/components.css 304 - 10ms","timestamp":"2026-04-30T10:28:08.058Z"}
{"level":"info","message":"GET /css/forms.css 304 - 10ms","timestamp":"2026-04-30T10:28:08.059Z"}
{"level":"info","message":"GET /css/tables.css 304 - 3ms","timestamp":"2026-04-30T10:28:08.064Z"}
{"level":"info","message":"GET /css/pages.css 304 - 3ms","timestamp":"2026-04-30T10:28:08.066Z"}
{"level":"info","message":"GET /css/ppt.css 304 - 2ms","timestamp":"2026-04-30T10:28:08.070Z"}
{"level":"info","message":"GET /css/utilities.css 304 - 2ms","timestamp":"2026-04-30T10:28:08.072Z"}
{"level":"info","message":"GET /js/helpers.js 304 - 1ms","timestamp":"2026-04-30T10:28:08.146Z"}
{"level":"info","message":"GET /js/dealForm.js 304 - 2ms","timestamp":"2026-04-30T10:28:08.147Z"}
{"level":"info","message":"GET /js/ppt.js 304 - 3ms","timestamp":"2026-04-30T10:28:08.149Z"}
{"level":"info","message":"GET /js/records.js 304 - 8ms","timestamp":"2026-04-30T10:28:08.154Z"}
{"level":"info","message":"GET /js/summary.js 304 - 4ms","timestamp":"2026-04-30T10:28:08.156Z"}
{"level":"info","message":"GET /js/health.js 304 - 1ms","timestamp":"2026-04-30T10:28:08.159Z"}
{"level":"info","message":"GET /js/ui.js 304 - 2ms","timestamp":"2026-04-30T10:28:08.160Z"}
{"level":"info","message":"GET /favicon.ico 304 - 3ms","timestamp":"2026-04-30T10:28:08.175Z"}
{"level":"info","message":"GET / 304 - 1ms","timestamp":"2026-04-30T10:28:08.266Z"}
{"level":"info","message":"GET /css/style.css 304 - 2ms","timestamp":"2026-04-30T10:28:08.281Z"}
{"level":"info","message":"GET /js/main.js 304 - 4ms","timestamp":"2026-04-30T10:28:08.285Z"}
{"level":"info","message":"GET /css/base.css 304 - 2ms","timestamp":"2026-04-30T10:28:08.289Z"}
{"level":"info","message":"GET /css/layout.css 304 - 2ms","timestamp":"2026-04-30T10:28:08.290Z"}
{"level":"info","message":"GET /css/components.css 304 - 4ms","timestamp":"2026-04-30T10:28:08.292Z"}
{"level":"info","message":"GET /css/forms.css 304 - 6ms","timestamp":"2026-04-30T10:28:08.295Z"}
{"level":"info","message":"GET /css/tables.css 304 - 1ms","timestamp":"2026-04-30T10:28:08.297Z"}
{"level":"info","message":"GET /css/pages.css 304 - 2ms","timestamp":"2026-04-30T10:28:08.305Z"}
{"level":"info","message":"GET /css/ppt.css 304 - 5ms","timestamp":"2026-04-30T10:28:08.309Z"}
{"level":"info","message":"GET /css/utilities.css 304 - 7ms","timestamp":"2026-04-30T10:28:08.311Z"}
{"level":"info","message":"GET /js/helpers.js 304 - 1ms","timestamp":"2026-04-30T10:28:08.388Z"}
{"level":"info","message":"GET /js/dealForm.js 304 - 1ms","timestamp":"2026-04-30T10:28:08.389Z"}
{"level":"info","message":"GET /js/ppt.js 304 - 2ms","timestamp":"2026-04-30T10:28:08.390Z"}
{"level":"info","message":"GET /js/records.js 304 - 3ms","timestamp":"2026-04-30T10:28:08.391Z"}
{"level":"info","message":"GET /js/summary.js 304 - 2ms","timestamp":"2026-04-30T10:28:08.392Z"}
{"level":"info","message":"GET /js/health.js 304 - 7ms","timestamp":"2026-04-30T10:28:08.398Z"}
{"level":"info","message":"GET /js/ui.js 304 - 5ms","timestamp":"2026-04-30T10:28:08.400Z"}
{"level":"info","message":"GET /favicon.ico 304 - 2ms","timestamp":"2026-04-30T10:28:08.413Z"}
{"level":"info","message":"GET / 304 - 1ms","timestamp":"2026-04-30T10:28:08.517Z"}
{"level":"info","message":"GET /css/style.css 304 - 1ms","timestamp":"2026-04-30T10:28:08.529Z"}
{"level":"info","message":"GET /js/main.js 304 - 6ms","timestamp":"2026-04-30T10:28:08.535Z"}
{"level":"info","message":"GET /css/base.css 304 - 2ms","timestamp":"2026-04-30T10:28:08.539Z"}
{"level":"info","message":"GET /css/layout.css 304 - 3ms","timestamp":"2026-04-30T10:28:08.541Z"}
{"level":"info","message":"GET /css/components.css 304 - 6ms","timestamp":"2026-04-30T10:28:08.544Z"}
{"level":"info","message":"GET /css/forms.css 304 - 2ms","timestamp":"2026-04-30T10:28:08.548Z"}
{"level":"info","message":"GET /css/tables.css 304 - 3ms","timestamp":"2026-04-30T10:28:08.550Z"}
{"level":"info","message":"GET /css/pages.css 304 - 7ms","timestamp":"2026-04-30T10:28:08.554Z"}
{"level":"info","message":"GET /css/ppt.css 304 - 1ms","timestamp":"2026-04-30T10:28:08.556Z"}
{"level":"info","message":"GET /css/utilities.css 304 - 4ms","timestamp":"2026-04-30T10:28:08.559Z"}
{"level":"info","message":"GET /js/helpers.js 304 - 1ms","timestamp":"2026-04-30T10:28:08.639Z"}
{"level":"info","message":"GET /js/dealForm.js 304 - 2ms","timestamp":"2026-04-30T10:28:08.640Z"}
{"level":"info","message":"GET /js/ppt.js 304 - 3ms","timestamp":"2026-04-30T10:28:08.642Z"}
{"level":"info","message":"GET /js/records.js 304 - 2ms","timestamp":"2026-04-30T10:28:08.643Z"}
{"level":"info","message":"GET /js/summary.js 304 - 3ms","timestamp":"2026-04-30T10:28:08.648Z"}
{"level":"info","message":"GET /js/health.js 304 - 4ms","timestamp":"2026-04-30T10:28:08.651Z"}
{"level":"info","message":"GET /js/ui.js 304 - 6ms","timestamp":"2026-04-30T10:28:08.653Z"}
{"level":"info","message":"GET /favicon.ico 304 - 2ms","timestamp":"2026-04-30T10:28:08.663Z"}
{"level":"info","message":"GET / 304 - 1ms","timestamp":"2026-04-30T10:28:08.734Z"}
{"level":"info","message":"GET /css/style.css 304 - 2ms","timestamp":"2026-04-30T10:28:08.754Z"}
{"level":"info","message":"GET /js/main.js 304 - 3ms","timestamp":"2026-04-30T10:28:08.755Z"}
{"level":"info","message":"GET /css/base.css 304 - 1ms","timestamp":"2026-04-30T10:28:08.759Z"}
{"level":"info","message":"GET /css/layout.css 304 - 2ms","timestamp":"2026-04-30T10:28:08.760Z"}
{"level":"info","message":"GET /css/components.css 304 - 4ms","timestamp":"2026-04-30T10:28:08.763Z"}
{"level":"info","message":"GET /css/forms.css 304 - 5ms","timestamp":"2026-04-30T10:28:08.769Z"}
{"level":"info","message":"GET /css/tables.css 304 - 6ms","timestamp":"2026-04-30T10:28:08.772Z"}
{"level":"info","message":"GET /css/pages.css 304 - 9ms","timestamp":"2026-04-30T10:28:08.776Z"}
{"level":"info","message":"GET /css/ppt.css 304 - 11ms","timestamp":"2026-04-30T10:28:08.778Z"}
{"level":"info","message":"GET /css/utilities.css 304 - 18ms","timestamp":"2026-04-30T10:28:08.785Z"}
{"level":"info","message":"GET /js/helpers.js 304 - 2ms","timestamp":"2026-04-30T10:28:08.882Z"}
{"level":"info","message":"GET /js/dealForm.js 304 - 4ms","timestamp":"2026-04-30T10:28:08.885Z"}
{"level":"info","message":"GET /js/ppt.js 304 - 7ms","timestamp":"2026-04-30T10:28:08.888Z"}
{"level":"info","message":"GET /js/records.js 304 - 2ms","timestamp":"2026-04-30T10:28:08.893Z"}
{"level":"info","message":"GET /js/summary.js 304 - 3ms","timestamp":"2026-04-30T10:28:08.895Z"}
{"level":"info","message":"GET /js/health.js 304 - 4ms","timestamp":"2026-04-30T10:28:08.897Z"}
{"level":"info","message":"GET /js/ui.js 304 - 7ms","timestamp":"2026-04-30T10:28:08.903Z"}
{"level":"info","message":"GET /favicon.ico 304 - 4ms","timestamp":"2026-04-30T10:28:08.918Z"}
{"level":"info","message":"GET / 304 - 34ms","timestamp":"2026-04-30T10:38:14.071Z"}
{"level":"info","message":"GET /css/style.css 304 - 2ms","timestamp":"2026-04-30T10:38:14.168Z"}
{"level":"info","message":"GET /js/main.js 304 - 2ms","timestamp":"2026-04-30T10:38:14.169Z"}
{"level":"info","message":"GET /css/base.css 304 - 1ms","timestamp":"2026-04-30T10:38:14.200Z"}
{"level":"info","message":"GET /css/layout.css 304 - 1ms","timestamp":"2026-04-30T10:38:14.201Z"}
{"level":"info","message":"GET /css/components.css 304 - 0ms","timestamp":"2026-04-30T10:38:14.204Z"}
{"level":"info","message":"GET /css/pages.css 304 - 9ms","timestamp":"2026-04-30T10:38:14.215Z"}
{"level":"info","message":"GET /css/tables.css 304 - 10ms","timestamp":"2026-04-30T10:38:14.216Z"}
{"level":"info","message":"GET /css/ppt.css 304 - 10ms","timestamp":"2026-04-30T10:38:14.217Z"}
{"level":"info","message":"GET /css/utilities.css 304 - 2ms","timestamp":"2026-04-30T10:38:14.220Z"}
{"level":"info","message":"GET /css/forms.css 200 - 19ms","timestamp":"2026-04-30T10:38:14.224Z"}
{"level":"info","message":"GET /js/helpers.js 304 - 0ms","timestamp":"2026-04-30T10:38:14.354Z"}
{"level":"info","message":"GET /js/dealForm.js 304 - 2ms","timestamp":"2026-04-30T10:38:14.357Z"}
{"level":"info","message":"GET /js/records.js 304 - 1ms","timestamp":"2026-04-30T10:38:14.357Z"}
{"level":"info","message":"GET /js/summary.js 304 - 3ms","timestamp":"2026-04-30T10:38:14.359Z"}
{"level":"info","message":"GET /js/ppt.js 200 - 7ms","timestamp":"2026-04-30T10:38:14.361Z"}
{"level":"info","message":"GET /js/health.js 304 - 4ms","timestamp":"2026-04-30T10:38:14.362Z"}
{"level":"info","message":"GET /js/ui.js 304 - 5ms","timestamp":"2026-04-30T10:38:14.363Z"}
{"level":"info","message":"GET /favicon.ico 304 - 1ms","timestamp":"2026-04-30T10:38:14.391Z"}
{"level":"info","message":"GET / 304 - 1ms","timestamp":"2026-04-30T10:38:16.418Z"}
{"level":"info","message":"GET /css/style.css 304 - 1ms","timestamp":"2026-04-30T10:38:16.436Z"}
{"level":"info","message":"GET /js/main.js 304 - 4ms","timestamp":"2026-04-30T10:38:16.439Z"}
{"level":"info","message":"GET /css/base.css 304 - 2ms","timestamp":"2026-04-30T10:38:16.446Z"}
{"level":"info","message":"GET /css/layout.css 304 - 2ms","timestamp":"2026-04-30T10:38:16.447Z"}
{"level":"info","message":"GET /css/components.css 304 - 3ms","timestamp":"2026-04-30T10:38:16.448Z"}
{"level":"info","message":"GET /css/forms.css 304 - 4ms","timestamp":"2026-04-30T10:38:16.450Z"}
{"level":"info","message":"GET /css/tables.css 304 - 2ms","timestamp":"2026-04-30T10:38:16.451Z"}
{"level":"info","message":"GET /css/pages.css 304 - 4ms","timestamp":"2026-04-30T10:38:16.457Z"}
{"level":"info","message":"GET /css/ppt.css 304 - 6ms","timestamp":"2026-04-30T10:38:16.459Z"}
{"level":"info","message":"GET /css/utilities.css 304 - 7ms","timestamp":"2026-04-30T10:38:16.461Z"}
{"level":"info","message":"GET /js/helpers.js 304 - 1ms","timestamp":"2026-04-30T10:38:16.536Z"}
{"level":"info","message":"GET /js/dealForm.js 304 - 1ms","timestamp":"2026-04-30T10:38:16.536Z"}
{"level":"info","message":"GET /js/ppt.js 304 - 2ms","timestamp":"2026-04-30T10:38:16.537Z"}
{"level":"info","message":"GET /js/records.js 304 - 4ms","timestamp":"2026-04-30T10:38:16.539Z"}
{"level":"info","message":"GET /js/summary.js 304 - 1ms","timestamp":"2026-04-30T10:38:16.539Z"}
{"level":"info","message":"GET /js/health.js 304 - 1ms","timestamp":"2026-04-30T10:38:16.541Z"}
{"level":"info","message":"GET /js/ui.js 304 - 2ms","timestamp":"2026-04-30T10:38:16.542Z"}
{"level":"info","message":"GET /favicon.ico 304 - 1ms","timestamp":"2026-04-30T10:38:16.550Z"}
{"level":"info","message":"GET / 304 - 0ms","timestamp":"2026-04-30T10:38:16.684Z"}
{"level":"info","message":"GET /css/style.css 304 - 2ms","timestamp":"2026-04-30T10:38:16.698Z"}
{"level":"info","message":"GET /js/main.js 304 - 3ms","timestamp":"2026-04-30T10:38:16.701Z"}
{"level":"info","message":"GET /css/base.css 304 - 0ms","timestamp":"2026-04-30T10:38:16.703Z"}
{"level":"info","message":"GET /css/layout.css 304 - 1ms","timestamp":"2026-04-30T10:38:16.705Z"}
{"level":"info","message":"GET /css/components.css 304 - 2ms","timestamp":"2026-04-30T10:38:16.706Z"}
{"level":"info","message":"GET /css/forms.css 304 - 3ms","timestamp":"2026-04-30T10:38:16.707Z"}
{"level":"info","message":"GET /css/tables.css 304 - 8ms","timestamp":"2026-04-30T10:38:16.715Z"}
{"level":"info","message":"GET /css/pages.css 304 - 7ms","timestamp":"2026-04-30T10:38:16.716Z"}
{"level":"info","message":"GET /css/ppt.css 304 - 7ms","timestamp":"2026-04-30T10:38:16.717Z"}
{"level":"info","message":"GET /css/utilities.css 304 - 8ms","timestamp":"2026-04-30T10:38:16.718Z"}
{"level":"info","message":"GET /js/helpers.js 304 - 0ms","timestamp":"2026-04-30T10:38:16.785Z"}
{"level":"info","message":"GET /js/dealForm.js 304 - 1ms","timestamp":"2026-04-30T10:38:16.786Z"}
{"level":"info","message":"GET /js/ppt.js 304 - 2ms","timestamp":"2026-04-30T10:38:16.787Z"}
{"level":"info","message":"GET /js/records.js 304 - 3ms","timestamp":"2026-04-30T10:38:16.788Z"}
{"level":"info","message":"GET /js/summary.js 304 - 4ms","timestamp":"2026-04-30T10:38:16.789Z"}
{"level":"info","message":"GET /js/health.js 304 - 2ms","timestamp":"2026-04-30T10:38:16.790Z"}
{"level":"info","message":"GET /js/ui.js 304 - 1ms","timestamp":"2026-04-30T10:38:16.790Z"}
{"level":"info","message":"GET /favicon.ico 304 - 1ms","timestamp":"2026-04-30T10:38:16.799Z"}
{"level":"info","message":"GET / 304 - 18ms","timestamp":"2026-04-30T10:38:28.562Z"}
{"level":"info","message":"GET /css/style.css 304 - 8ms","timestamp":"2026-04-30T10:38:28.622Z"}
{"level":"info","message":"GET /js/main.js 304 - 13ms","timestamp":"2026-04-30T10:38:28.632Z"}
{"level":"info","message":"GET /css/base.css 304 - 10ms","timestamp":"2026-04-30T10:38:28.661Z"}
{"level":"info","message":"GET /css/layout.css 304 - 21ms","timestamp":"2026-04-30T10:38:28.665Z"}
{"level":"info","message":"GET /css/components.css 304 - 6ms","timestamp":"2026-04-30T10:38:28.686Z"}
{"level":"info","message":"GET /css/tables.css 304 - 9ms","timestamp":"2026-04-30T10:38:28.691Z"}
{"level":"info","message":"GET /css/utilities.css 304 - 3ms","timestamp":"2026-04-30T10:38:28.699Z"}
{"level":"info","message":"GET /css/forms.css 304 - 4ms","timestamp":"2026-04-30T10:38:28.701Z"}
{"level":"info","message":"GET /css/pages.css 304 - 5ms","timestamp":"2026-04-30T10:38:28.703Z"}
{"level":"info","message":"GET /css/ppt.css 304 - 7ms","timestamp":"2026-04-30T10:38:28.705Z"}
{"level":"info","message":"GET /js/helpers.js 304 - 2ms","timestamp":"2026-04-30T10:38:28.836Z"}
{"level":"info","message":"GET /js/dealForm.js 304 - 2ms","timestamp":"2026-04-30T10:38:28.837Z"}
{"level":"info","message":"GET /js/ppt.js 304 - 3ms","timestamp":"2026-04-30T10:38:28.838Z"}
{"level":"info","message":"GET /js/records.js 304 - 7ms","timestamp":"2026-04-30T10:38:28.842Z"}
{"level":"info","message":"GET /js/summary.js 304 - 5ms","timestamp":"2026-04-30T10:38:28.845Z"}
{"level":"info","message":"GET /js/health.js 304 - 6ms","timestamp":"2026-04-30T10:38:28.847Z"}
{"level":"info","message":"GET /js/ui.js 304 - 0ms","timestamp":"2026-04-30T10:38:28.848Z"}
{"level":"info","message":"GET /favicon.ico 304 - 2ms","timestamp":"2026-04-30T10:38:28.866Z"}
{"level":"info","message":"GET / 304 - 6ms","timestamp":"2026-04-30T10:39:30.207Z"}
{"level":"info","message":"GET /css/style.css 304 - 23ms","timestamp":"2026-04-30T10:39:30.515Z"}
{"level":"info","message":"GET /js/main.js 304 - 10ms","timestamp":"2026-04-30T10:39:30.523Z"}
{"level":"info","message":"GET /css/base.css 304 - 6ms","timestamp":"2026-04-30T10:39:30.531Z"}
{"level":"info","message":"GET /css/layout.css 304 - 3ms","timestamp":"2026-04-30T10:39:30.532Z"}
{"level":"info","message":"GET /css/tables.css 304 - 5ms","timestamp":"2026-04-30T10:39:30.540Z"}
{"level":"info","message":"GET /css/components.css 304 - 6ms","timestamp":"2026-04-30T10:39:30.542Z"}
{"level":"info","message":"GET /css/forms.css 304 - 8ms","timestamp":"2026-04-30T10:39:30.545Z"}
{"level":"info","message":"GET /css/ppt.css 304 - 9ms","timestamp":"2026-04-30T10:39:30.555Z"}
{"level":"info","message":"GET /css/utilities.css 304 - 10ms","timestamp":"2026-04-30T10:39:30.558Z"}
{"level":"info","message":"GET /css/pages.css 304 - 16ms","timestamp":"2026-04-30T10:39:30.564Z"}
{"level":"info","message":"GET /js/helpers.js 304 - 1ms","timestamp":"2026-04-30T10:39:30.677Z"}
{"level":"info","message":"GET /js/dealForm.js 304 - 2ms","timestamp":"2026-04-30T10:39:30.678Z"}
{"level":"info","message":"GET /js/records.js 304 - 2ms","timestamp":"2026-04-30T10:39:30.681Z"}
{"level":"info","message":"GET /js/summary.js 304 - 2ms","timestamp":"2026-04-30T10:39:30.682Z"}
{"level":"info","message":"GET /js/health.js 304 - 4ms","timestamp":"2026-04-30T10:39:30.685Z"}
{"level":"info","message":"GET /js/ui.js 304 - 1ms","timestamp":"2026-04-30T10:39:30.688Z"}
{"level":"info","message":"GET /js/ppt.js 200 - 16ms","timestamp":"2026-04-30T10:39:30.693Z"}
{"level":"info","message":"GET /favicon.ico 304 - 2ms","timestamp":"2026-04-30T10:39:30.704Z"}
{"level":"info","message":"GET / 304 - 27ms","timestamp":"2026-04-30T10:44:15.735Z"}
{"level":"info","message":"GET /css/style.css 304 - 5ms","timestamp":"2026-04-30T10:44:16.047Z"}
{"level":"info","message":"GET /js/main.js 304 - 15ms","timestamp":"2026-04-30T10:44:16.060Z"}
{"level":"info","message":"GET /css/base.css 304 - 5ms","timestamp":"2026-04-30T10:44:16.077Z"}
{"level":"info","message":"GET /css/layout.css 304 - 11ms","timestamp":"2026-04-30T10:44:16.084Z"}
{"level":"info","message":"GET /css/components.css 304 - 19ms","timestamp":"2026-04-30T10:44:16.115Z"}
{"level":"info","message":"GET /css/pages.css 304 - 24ms","timestamp":"2026-04-30T10:44:16.121Z"}
{"level":"info","message":"GET /css/forms.css 304 - 30ms","timestamp":"2026-04-30T10:44:16.128Z"}
{"level":"info","message":"GET /css/tables.css 304 - 11ms","timestamp":"2026-04-30T10:44:16.143Z"}
{"level":"info","message":"GET /css/ppt.css 304 - 12ms","timestamp":"2026-04-30T10:44:16.147Z"}
{"level":"info","message":"GET /css/utilities.css 304 - 12ms","timestamp":"2026-04-30T10:44:16.150Z"}
{"level":"info","message":"GET /js/helpers.js 304 - 1ms","timestamp":"2026-04-30T10:44:16.347Z"}
{"level":"info","message":"GET /js/dealForm.js 304 - 3ms","timestamp":"2026-04-30T10:44:16.352Z"}
{"level":"info","message":"GET /js/records.js 304 - 8ms","timestamp":"2026-04-30T10:44:16.358Z"}
{"level":"info","message":"GET /js/ui.js 304 - 10ms","timestamp":"2026-04-30T10:44:16.361Z"}
{"level":"info","message":"GET /js/health.js 304 - 14ms","timestamp":"2026-04-30T10:44:16.365Z"}
{"level":"info","message":"GET /js/summary.js 304 - 7ms","timestamp":"2026-04-30T10:44:16.371Z"}
{"level":"info","message":"GET /js/ppt.js 200 - 29ms","timestamp":"2026-04-30T10:44:16.378Z"}
{"level":"info","message":"GET /components/sidebar.html 304 - 16ms","timestamp":"2026-04-30T10:44:16.410Z"}
{"level":"info","message":"GET /components/topbar.html 304 - 18ms","timestamp":"2026-04-30T10:44:16.413Z"}
{"level":"info","message":"GET /favicon.ico 304 - 28ms","timestamp":"2026-04-30T10:44:16.424Z"}
{"level":"info","message":"GET /pages/health.html 304 - 3ms","timestamp":"2026-04-30T10:44:16.433Z"}
{"level":"info","message":"GET /pages/records.html 304 - 6ms","timestamp":"2026-04-30T10:44:16.440Z"}
{"level":"info","message":"GET /pages/summary.html 304 - 4ms","timestamp":"2026-04-30T10:44:16.443Z"}
{"level":"info","message":"GET /pages/new-deal.html 200 - 13ms","timestamp":"2026-04-30T10:44:16.450Z"}
{"level":"info","message":"GET /api/deals 304 - 131ms","timestamp":"2026-04-30T10:44:16.624Z"}
{"level":"info","message":"GET / 304 - 29ms","timestamp":"2026-05-01T06:02:47.901Z"}
{"level":"info","message":"GET / 304 - 6ms","timestamp":"2026-05-01T06:02:48.316Z"}
{"level":"info","message":"GET /css/style.css 304 - 2ms","timestamp":"2026-05-01T06:02:48.356Z"}
{"level":"info","message":"GET /css/base.css 304 - 2ms","timestamp":"2026-05-01T06:02:48.410Z"}
{"level":"info","message":"GET /css/layout.css 304 - 2ms","timestamp":"2026-05-01T06:02:48.415Z"}
{"level":"info","message":"GET /css/components.css 304 - 6ms","timestamp":"2026-05-01T06:02:48.433Z"}
{"level":"info","message":"GET /css/forms.css 304 - 8ms","timestamp":"2026-05-01T06:02:48.436Z"}
{"level":"info","message":"GET /css/tables.css 304 - 8ms","timestamp":"2026-05-01T06:02:48.438Z"}
{"level":"info","message":"GET /css/pages.css 304 - 4ms","timestamp":"2026-05-01T06:02:48.450Z"}
{"level":"info","message":"GET /css/ppt.css 304 - 15ms","timestamp":"2026-05-01T06:02:48.463Z"}
{"level":"info","message":"GET /css/utilities.css 304 - 18ms","timestamp":"2026-05-01T06:02:48.470Z"}
{"level":"info","message":"GET /js/main.js 304 - 5ms","timestamp":"2026-05-01T06:02:48.473Z"}
{"level":"info","message":"GET /css/style.css 304 - 2ms","timestamp":"2026-05-01T06:02:48.507Z"}
{"level":"info","message":"GET /js/main.js 304 - 23ms","timestamp":"2026-05-01T06:02:48.537Z"}
{"level":"info","message":"GET /css/base.css 304 - 15ms","timestamp":"2026-05-01T06:02:48.553Z"}
{"level":"info","message":"GET /css/layout.css 304 - 16ms","timestamp":"2026-05-01T06:02:48.555Z"}
{"level":"info","message":"GET /css/components.css 304 - 23ms","timestamp":"2026-05-01T06:02:48.563Z"}
{"level":"info","message":"GET /css/forms.css 304 - 18ms","timestamp":"2026-05-01T06:02:48.569Z"}
{"level":"info","message":"GET /css/tables.css 304 - 27ms","timestamp":"2026-05-01T06:02:48.579Z"}
{"level":"info","message":"GET /css/pages.css 304 - 2ms","timestamp":"2026-05-01T06:02:48.588Z"}
{"level":"info","message":"GET /css/ppt.css 304 - 4ms","timestamp":"2026-05-01T06:02:48.604Z"}
{"level":"info","message":"GET /css/utilities.css 304 - 19ms","timestamp":"2026-05-01T06:02:48.629Z"}
{"level":"info","message":"GET /js/helpers.js 304 - 2ms","timestamp":"2026-05-01T06:02:48.792Z"}
{"level":"info","message":"GET /js/dealForm.js 304 - 4ms","timestamp":"2026-05-01T06:02:48.795Z"}
{"level":"info","message":"GET /js/ppt.js 200 - 15ms","timestamp":"2026-05-01T06:02:48.806Z"}
{"level":"info","message":"GET /js/records.js 304 - 16ms","timestamp":"2026-05-01T06:02:48.818Z"}
{"level":"info","message":"GET /js/summary.js 304 - 9ms","timestamp":"2026-05-01T06:02:48.825Z"}
{"level":"info","message":"GET /js/health.js 304 - 13ms","timestamp":"2026-05-01T06:02:48.834Z"}
{"level":"info","message":"GET /js/ui.js 304 - 2ms","timestamp":"2026-05-01T06:02:48.838Z"}
{"level":"info","message":"GET /js/helpers.js 304 - 2ms","timestamp":"2026-05-01T06:02:48.839Z"}
{"level":"info","message":"GET /js/dealForm.js 304 - 5ms","timestamp":"2026-05-01T06:02:48.850Z"}
{"level":"info","message":"GET /js/ppt.js 304 - 9ms","timestamp":"2026-05-01T06:02:48.855Z"}
{"level":"info","message":"GET /js/health.js 304 - 13ms","timestamp":"2026-05-01T06:02:48.860Z"}
{"level":"info","message":"GET /js/records.js 304 - 3ms","timestamp":"2026-05-01T06:02:48.866Z"}
{"level":"info","message":"GET /js/summary.js 304 - 6ms","timestamp":"2026-05-01T06:02:48.870Z"}
{"level":"info","message":"GET /js/ui.js 304 - 9ms","timestamp":"2026-05-01T06:02:48.874Z"}
{"level":"info","message":"GET /components/topbar.html 304 - 10ms","timestamp":"2026-05-01T06:02:48.893Z"}
{"level":"info","message":"GET /components/sidebar.html 304 - 8ms","timestamp":"2026-05-01T06:02:48.897Z"}
{"level":"info","message":"GET /components/topbar.html 304 - 3ms","timestamp":"2026-05-01T06:02:48.904Z"}
{"level":"info","message":"GET /components/sidebar.html 304 - 3ms","timestamp":"2026-05-01T06:02:48.906Z"}
{"level":"info","message":"GET /favicon.ico 304 - 11ms","timestamp":"2026-05-01T06:02:48.913Z"}
{"level":"info","message":"GET /pages/new-deal.html 304 - 3ms","timestamp":"2026-05-01T06:02:48.918Z"}
{"level":"info","message":"GET /pages/health.html 304 - 5ms","timestamp":"2026-05-01T06:02:48.921Z"}
{"level":"info","message":"GET /pages/records.html 304 - 7ms","timestamp":"2026-05-01T06:02:48.924Z"}
{"level":"info","message":"GET /pages/summary.html 304 - 7ms","timestamp":"2026-05-01T06:02:48.930Z"}
{"level":"info","message":"GET /favicon.ico 304 - 4ms","timestamp":"2026-05-01T06:02:48.933Z"}
{"level":"info","message":"GET /pages/new-deal.html 304 - 4ms","timestamp":"2026-05-01T06:02:48.936Z"}
{"level":"info","message":"GET /pages/records.html 304 - 6ms","timestamp":"2026-05-01T06:02:48.944Z"}
{"level":"info","message":"GET /pages/health.html 304 - 7ms","timestamp":"2026-05-01T06:02:48.946Z"}
{"level":"info","message":"GET /pages/summary.html 304 - 7ms","timestamp":"2026-05-01T06:02:48.947Z"}
{"level":"info","message":"GET /api/deals 304 - 122ms","timestamp":"2026-05-01T06:02:49.098Z"}
{"level":"info","message":"GET /api/deals 304 - 33ms","timestamp":"2026-05-01T06:02:49.135Z"}
{"level":"info","message":"GET /pages/new-deal.html 304 - 77ms","timestamp":"2026-05-01T07:19:53.833Z"}
{"level":"info","message":"GET /pages/records.html 304 - 106ms","timestamp":"2026-05-01T07:19:53.894Z"}
{"level":"info","message":"GET /pages/summary.html 304 - 112ms","timestamp":"2026-05-01T07:19:53.905Z"}
{"level":"info","message":"GET /pages/health.html 304 - 136ms","timestamp":"2026-05-01T07:19:53.931Z"}
{"level":"info","message":"GET /favicon.ico 304 - 146ms","timestamp":"2026-05-01T07:19:54.121Z"}
{"level":"info","message":"GET /api/deals 304 - 452ms","timestamp":"2026-05-01T07:19:54.483Z"}
{"level":"info","message":"GET /pages/summary.html 304 - 33ms","timestamp":"2026-05-01T07:31:21.695Z"}
{"level":"info","message":"GET /pages/records.html 304 - 46ms","timestamp":"2026-05-01T07:31:21.717Z"}
{"level":"info","message":"GET /pages/new-deal.html 304 - 49ms","timestamp":"2026-05-01T07:31:21.721Z"}
{"level":"info","message":"GET /pages/health.html 304 - 4ms","timestamp":"2026-05-01T07:31:21.729Z"}
{"level":"info","message":"GET /favicon.ico 304 - 134ms","timestamp":"2026-05-01T07:31:21.991Z"}
{"level":"info","message":"GET /api/deals 304 - 263ms","timestamp":"2026-05-01T07:31:22.176Z"}
{"level":"info","message":"GET / 304 - 50ms","timestamp":"2026-05-01T07:51:03.971Z"}
{"level":"info","message":"GET /css/style.css 304 - 4ms","timestamp":"2026-05-01T07:51:04.231Z"}
{"level":"info","message":"GET /js/main.js 304 - 2ms","timestamp":"2026-05-01T07:51:04.241Z"}
{"level":"info","message":"GET /css/base.css 304 - 10ms","timestamp":"2026-05-01T07:51:04.283Z"}
{"level":"info","message":"GET /css/layout.css 304 - 9ms","timestamp":"2026-05-01T07:51:04.284Z"}
{"level":"info","message":"GET /css/components.css 304 - 7ms","timestamp":"2026-05-01T07:51:04.287Z"}
{"level":"info","message":"GET /css/forms.css 304 - 3ms","timestamp":"2026-05-01T07:51:04.292Z"}
{"level":"info","message":"GET /css/tables.css 304 - 3ms","timestamp":"2026-05-01T07:51:04.293Z"}
{"level":"info","message":"GET /css/pages.css 304 - 6ms","timestamp":"2026-05-01T07:51:04.296Z"}
{"level":"info","message":"GET /css/utilities.css 304 - 3ms","timestamp":"2026-05-01T07:51:04.298Z"}
{"level":"info","message":"GET /css/ppt.css 304 - 5ms","timestamp":"2026-05-01T07:51:04.300Z"}
{"level":"info","message":"GET /js/dealForm.js 304 - 2ms","timestamp":"2026-05-01T07:51:04.506Z"}
{"level":"info","message":"GET /js/helpers.js 304 - 2ms","timestamp":"2026-05-01T07:51:04.507Z"}
{"level":"info","message":"GET /js/ppt.js 304 - 5ms","timestamp":"2026-05-01T07:51:04.510Z"}
{"level":"info","message":"GET /js/records.js 304 - 3ms","timestamp":"2026-05-01T07:51:04.514Z"}
{"level":"info","message":"GET /js/summary.js 304 - 2ms","timestamp":"2026-05-01T07:51:04.515Z"}
{"level":"info","message":"GET /js/health.js 304 - 7ms","timestamp":"2026-05-01T07:51:04.521Z"}
{"level":"info","message":"GET /js/ui.js 304 - 4ms","timestamp":"2026-05-01T07:51:04.523Z"}
{"level":"info","message":"GET /components/topbar.html 304 - 7ms","timestamp":"2026-05-01T07:51:04.543Z"}
{"level":"info","message":"GET /components/sidebar.html 304 - 12ms","timestamp":"2026-05-01T07:51:04.548Z"}
{"level":"info","message":"GET /favicon.ico 304 - 6ms","timestamp":"2026-05-01T07:51:04.562Z"}
{"level":"info","message":"GET /pages/records.html 304 - 10ms","timestamp":"2026-05-01T07:51:04.571Z"}
{"level":"info","message":"GET /pages/new-deal.html 304 - 11ms","timestamp":"2026-05-01T07:51:04.572Z"}
{"level":"info","message":"GET /pages/summary.html 304 - 5ms","timestamp":"2026-05-01T07:51:04.575Z"}
{"level":"info","message":"GET /pages/health.html 304 - 8ms","timestamp":"2026-05-01T07:51:04.578Z"}
{"level":"info","message":"GET /api/deals 304 - 105ms","timestamp":"2026-05-01T07:51:04.709Z"}
{"level":"info","message":"GET / 304 - 32ms","timestamp":"2026-05-01T09:47:55.582Z"}
{"level":"info","message":"GET / 304 - 6ms","timestamp":"2026-05-01T09:47:55.943Z"}
{"level":"info","message":"GET /js/main.js 304 - 15ms","timestamp":"2026-05-01T09:47:56.080Z"}
{"level":"info","message":"GET /css/style.css 304 - 21ms","timestamp":"2026-05-01T09:47:56.098Z"}
{"level":"info","message":"GET /css/style.css 304 - 4ms","timestamp":"2026-05-01T09:47:56.110Z"}
{"level":"info","message":"GET /css/base.css 304 - 2ms","timestamp":"2026-05-01T09:47:56.135Z"}
{"level":"info","message":"GET /css/layout.css 304 - 15ms","timestamp":"2026-05-01T09:47:56.149Z"}
{"level":"info","message":"GET /css/components.css 304 - 10ms","timestamp":"2026-05-01T09:47:56.154Z"}
{"level":"info","message":"GET /css/tables.css 304 - 16ms","timestamp":"2026-05-01T09:47:56.160Z"}
{"level":"info","message":"GET /css/forms.css 304 - 17ms","timestamp":"2026-05-01T09:47:56.164Z"}
{"level":"info","message":"GET /css/pages.css 304 - 62ms","timestamp":"2026-05-01T09:47:56.228Z"}
{"level":"info","message":"GET /css/ppt.css 304 - 6ms","timestamp":"2026-05-01T09:47:56.231Z"}
{"level":"info","message":"GET /css/utilities.css 304 - 11ms","timestamp":"2026-05-01T09:47:56.243Z"}
{"level":"info","message":"GET /css/base.css 304 - 20ms","timestamp":"2026-05-01T09:47:56.252Z"}
{"level":"info","message":"GET /css/layout.css 304 - 51ms","timestamp":"2026-05-01T09:47:56.285Z"}
{"level":"info","message":"GET /css/components.css 304 - 64ms","timestamp":"2026-05-01T09:47:56.298Z"}
{"level":"info","message":"GET /css/tables.css 304 - 5ms","timestamp":"2026-05-01T09:47:56.334Z"}
{"level":"info","message":"GET /css/forms.css 304 - 14ms","timestamp":"2026-05-01T09:47:56.341Z"}
{"level":"info","message":"GET /css/pages.css 304 - 14ms","timestamp":"2026-05-01T09:47:56.344Z"}
{"level":"info","message":"GET /css/ppt.css 304 - 4ms","timestamp":"2026-05-01T09:47:56.351Z"}
{"level":"info","message":"GET /css/utilities.css 304 - 2ms","timestamp":"2026-05-01T09:47:56.360Z"}
{"level":"info","message":"GET /js/main.js 304 - 3ms","timestamp":"2026-05-01T09:47:56.362Z"}
{"level":"info","message":"GET /js/helpers.js 304 - 4ms","timestamp":"2026-05-01T09:47:56.465Z"}
{"level":"info","message":"GET /js/ppt.js 304 - 3ms","timestamp":"2026-05-01T09:47:56.466Z"}
{"level":"info","message":"GET /js/records.js 304 - 4ms","timestamp":"2026-05-01T09:47:56.473Z"}
{"level":"info","message":"GET /js/dealForm.js 304 - 7ms","timestamp":"2026-05-01T09:47:56.476Z"}
{"level":"info","message":"GET /js/ui.js 304 - 11ms","timestamp":"2026-05-01T09:47:56.481Z"}
{"level":"info","message":"GET /js/health.js 304 - 13ms","timestamp":"2026-05-01T09:47:56.484Z"}
{"level":"info","message":"GET /js/summary.js 304 - 18ms","timestamp":"2026-05-01T09:47:56.490Z"}
{"level":"info","message":"GET /components/topbar.html 304 - 2ms","timestamp":"2026-05-01T09:47:56.499Z"}
{"level":"info","message":"GET /components/sidebar.html 304 - 4ms","timestamp":"2026-05-01T09:47:56.502Z"}
{"level":"info","message":"GET /pages/new-deal.html 304 - 3ms","timestamp":"2026-05-01T09:47:56.513Z"}
{"level":"info","message":"GET /pages/records.html 304 - 6ms","timestamp":"2026-05-01T09:47:56.517Z"}
{"level":"info","message":"GET /pages/summary.html 304 - 7ms","timestamp":"2026-05-01T09:47:56.519Z"}
{"level":"info","message":"GET /pages/health.html 304 - 11ms","timestamp":"2026-05-01T09:47:56.523Z"}
{"level":"info","message":"GET /favicon.ico 304 - 15ms","timestamp":"2026-05-01T09:47:56.529Z"}
{"level":"info","message":"GET /js/helpers.js 304 - 3ms","timestamp":"2026-05-01T09:47:56.576Z"}
{"level":"info","message":"GET /js/dealForm.js 304 - 6ms","timestamp":"2026-05-01T09:47:56.581Z"}
{"level":"info","message":"GET /js/ppt.js 304 - 17ms","timestamp":"2026-05-01T09:47:56.592Z"}
{"level":"info","message":"GET /js/records.js 304 - 3ms","timestamp":"2026-05-01T09:47:56.597Z"}
{"level":"info","message":"GET /js/summary.js 304 - 5ms","timestamp":"2026-05-01T09:47:56.600Z"}
{"level":"info","message":"GET /js/health.js 304 - 1ms","timestamp":"2026-05-01T09:47:56.609Z"}
{"level":"info","message":"GET /js/ui.js 304 - 3ms","timestamp":"2026-05-01T09:47:56.611Z"}
{"level":"info","message":"GET /api/deals 304 - 134ms","timestamp":"2026-05-01T09:47:56.688Z"}
{"level":"info","message":"GET /components/topbar.html 304 - 2ms","timestamp":"2026-05-01T09:47:56.691Z"}
{"level":"info","message":"GET /components/sidebar.html 304 - 3ms","timestamp":"2026-05-01T09:47:56.693Z"}
{"level":"info","message":"GET /favicon.ico 304 - 6ms","timestamp":"2026-05-01T09:47:56.696Z"}
{"level":"info","message":"GET /pages/new-deal.html 304 - 2ms","timestamp":"2026-05-01T09:47:56.708Z"}
{"level":"info","message":"GET /pages/records.html 304 - 1ms","timestamp":"2026-05-01T09:47:56.714Z"}
{"level":"info","message":"GET /pages/summary.html 304 - 2ms","timestamp":"2026-05-01T09:47:56.717Z"}
{"level":"info","message":"GET /pages/health.html 304 - 3ms","timestamp":"2026-05-01T09:47:56.719Z"}
{"level":"info","message":"GET /api/deals 304 - 50ms","timestamp":"2026-05-01T09:47:56.784Z"}
{"level":"info","message":"GET / 304 - 16ms","timestamp":"2026-05-01T09:53:48.514Z"}
{"level":"info","message":"GET /css/style.css 304 - 2ms","timestamp":"2026-05-01T09:53:48.815Z"}
{"level":"info","message":"GET /js/main.js 304 - 1ms","timestamp":"2026-05-01T09:53:48.824Z"}
{"level":"info","message":"GET /css/forms.css 304 - 7ms","timestamp":"2026-05-01T09:53:48.859Z"}
{"level":"info","message":"GET /css/layout.css 304 - 2ms","timestamp":"2026-05-01T09:53:48.864Z"}
{"level":"info","message":"GET /css/components.css 304 - 2ms","timestamp":"2026-05-01T09:53:48.869Z"}
{"level":"info","message":"GET /css/base.css 304 - 8ms","timestamp":"2026-05-01T09:53:48.881Z"}
{"level":"info","message":"GET /css/tables.css 304 - 18ms","timestamp":"2026-05-01T09:53:48.894Z"}
{"level":"info","message":"GET /css/pages.css 304 - 19ms","timestamp":"2026-05-01T09:53:48.898Z"}
{"level":"info","message":"GET /css/ppt.css 304 - 5ms","timestamp":"2026-05-01T09:53:48.909Z"}
{"level":"info","message":"GET /css/utilities.css 304 - 7ms","timestamp":"2026-05-01T09:53:48.912Z"}
{"level":"info","message":"GET /js/helpers.js 304 - 3ms","timestamp":"2026-05-01T09:53:49.136Z"}
{"level":"info","message":"GET /js/dealForm.js 304 - 4ms","timestamp":"2026-05-01T09:53:49.139Z"}
{"level":"info","message":"GET /js/records.js 304 - 8ms","timestamp":"2026-05-01T09:53:49.146Z"}
{"level":"info","message":"GET /js/ppt.js 200 - 21ms","timestamp":"2026-05-01T09:53:49.155Z"}
{"level":"info","message":"GET /js/summary.js 304 - 14ms","timestamp":"2026-05-01T09:53:49.157Z"}
{"level":"info","message":"GET /js/health.js 304 - 14ms","timestamp":"2026-05-01T09:53:49.158Z"}
{"level":"info","message":"GET /js/ui.js 304 - 14ms","timestamp":"2026-05-01T09:53:49.159Z"}
{"level":"info","message":"GET /components/topbar.html 304 - 3ms","timestamp":"2026-05-01T09:53:49.185Z"}
{"level":"info","message":"GET /components/sidebar.html 304 - 8ms","timestamp":"2026-05-01T09:53:49.191Z"}
{"level":"info","message":"GET /pages/summary.html 304 - 7ms","timestamp":"2026-05-01T09:53:49.230Z"}
{"level":"info","message":"GET /pages/records.html 304 - 6ms","timestamp":"2026-05-01T09:53:49.231Z"}
{"level":"info","message":"GET /pages/new-deal.html 304 - 9ms","timestamp":"2026-05-01T09:53:49.236Z"}
{"level":"info","message":"GET /pages/health.html 304 - 12ms","timestamp":"2026-05-01T09:53:49.240Z"}
{"level":"info","message":"GET /favicon.ico 304 - 21ms","timestamp":"2026-05-01T09:53:49.243Z"}
{"level":"info","message":"GET /api/deals 304 - 115ms","timestamp":"2026-05-01T09:53:49.590Z"}
{"level":"info","message":"GET / 304 - 13ms","timestamp":"2026-05-01T09:55:57.613Z"}
{"level":"info","message":"GET /css/style.css 304 - 2ms","timestamp":"2026-05-01T09:55:57.654Z"}
{"level":"info","message":"GET /js/main.js 304 - 2ms","timestamp":"2026-05-01T09:55:57.660Z"}
{"level":"info","message":"GET /css/base.css 304 - 4ms","timestamp":"2026-05-01T09:55:57.675Z"}
{"level":"info","message":"GET /css/layout.css 304 - 8ms","timestamp":"2026-05-01T09:55:57.680Z"}
{"level":"info","message":"GET /css/components.css 304 - 7ms","timestamp":"2026-05-01T09:55:57.685Z"}
{"level":"info","message":"GET /css/forms.css 304 - 4ms","timestamp":"2026-05-01T09:55:57.687Z"}
{"level":"info","message":"GET /css/pages.css 304 - 14ms","timestamp":"2026-05-01T09:55:57.699Z"}
{"level":"info","message":"GET /css/tables.css 304 - 11ms","timestamp":"2026-05-01T09:55:57.701Z"}
{"level":"info","message":"GET /css/ppt.css 304 - 9ms","timestamp":"2026-05-01T09:55:57.703Z"}
{"level":"info","message":"GET /css/utilities.css 304 - 13ms","timestamp":"2026-05-01T09:55:57.710Z"}
{"level":"info","message":"GET /js/helpers.js 304 - 2ms","timestamp":"2026-05-01T09:55:57.878Z"}
{"level":"info","message":"GET /js/dealForm.js 304 - 3ms","timestamp":"2026-05-01T09:55:57.880Z"}
{"level":"info","message":"GET /js/records.js 304 - 6ms","timestamp":"2026-05-01T09:55:57.884Z"}
{"level":"info","message":"GET /js/summary.js 304 - 4ms","timestamp":"2026-05-01T09:55:57.887Z"}
{"level":"info","message":"GET /js/health.js 304 - 7ms","timestamp":"2026-05-01T09:55:57.890Z"}
{"level":"info","message":"GET /js/ppt.js 200 - 20ms","timestamp":"2026-05-01T09:55:57.897Z"}
{"level":"info","message":"GET /js/ui.js 304 - 6ms","timestamp":"2026-05-01T09:55:57.899Z"}
{"level":"info","message":"GET /components/topbar.html 304 - 2ms","timestamp":"2026-05-01T09:55:57.912Z"}
{"level":"info","message":"GET /components/sidebar.html 304 - 3ms","timestamp":"2026-05-01T09:55:57.914Z"}
{"level":"info","message":"GET /pages/new-deal.html 304 - 3ms","timestamp":"2026-05-01T09:55:57.927Z"}
{"level":"info","message":"GET /pages/records.html 304 - 4ms","timestamp":"2026-05-01T09:55:57.929Z"}
{"level":"info","message":"GET /pages/summary.html 304 - 9ms","timestamp":"2026-05-01T09:55:57.935Z"}
{"level":"info","message":"GET /pages/health.html 304 - 8ms","timestamp":"2026-05-01T09:55:57.940Z"}
{"level":"info","message":"GET /favicon.ico 304 - 6ms","timestamp":"2026-05-01T09:55:57.951Z"}
{"level":"info","message":"GET /api/deals 304 - 76ms","timestamp":"2026-05-01T09:55:58.043Z"}
{"level":"info","message":"GET / 304 - 34ms","timestamp":"2026-05-01T10:00:02.400Z"}
{"level":"info","message":"GET /css/style.css 304 - 2ms","timestamp":"2026-05-01T10:00:02.506Z"}
{"level":"info","message":"GET /js/main.js 304 - 1ms","timestamp":"2026-05-01T10:00:02.512Z"}
{"level":"info","message":"GET /css/base.css 304 - 1ms","timestamp":"2026-05-01T10:00:02.552Z"}
{"level":"info","message":"GET /css/layout.css 304 - 4ms","timestamp":"2026-05-01T10:00:02.555Z"}
{"level":"info","message":"GET /css/components.css 304 - 4ms","timestamp":"2026-05-01T10:00:02.558Z"}
{"level":"info","message":"GET /css/forms.css 304 - 7ms","timestamp":"2026-05-01T10:00:02.568Z"}
{"level":"info","message":"GET /css/tables.css 304 - 11ms","timestamp":"2026-05-01T10:00:02.573Z"}
{"level":"info","message":"GET /css/pages.css 304 - 6ms","timestamp":"2026-05-01T10:00:02.575Z"}
{"level":"info","message":"GET /css/utilities.css 304 - 6ms","timestamp":"2026-05-01T10:00:02.577Z"}
{"level":"info","message":"GET /css/ppt.css 304 - 7ms","timestamp":"2026-05-01T10:00:02.579Z"}
{"level":"info","message":"GET /js/helpers.js 304 - 1ms","timestamp":"2026-05-01T10:00:02.783Z"}
{"level":"info","message":"GET /js/dealForm.js 304 - 2ms","timestamp":"2026-05-01T10:00:02.787Z"}
{"level":"info","message":"GET /js/records.js 304 - 9ms","timestamp":"2026-05-01T10:00:02.795Z"}
{"level":"info","message":"GET /js/summary.js 304 - 9ms","timestamp":"2026-05-01T10:00:02.799Z"}
{"level":"info","message":"GET /js/health.js 304 - 11ms","timestamp":"2026-05-01T10:00:02.806Z"}
{"level":"info","message":"GET /js/ui.js 304 - 15ms","timestamp":"2026-05-01T10:00:02.809Z"}
{"level":"info","message":"GET /js/ppt.js 200 - 24ms","timestamp":"2026-05-01T10:00:02.813Z"}
{"level":"info","message":"GET /components/sidebar.html 304 - 2ms","timestamp":"2026-05-01T10:00:02.831Z"}
{"level":"info","message":"GET /components/topbar.html 304 - 3ms","timestamp":"2026-05-01T10:00:02.833Z"}
{"level":"info","message":"GET /pages/new-deal.html 304 - 5ms","timestamp":"2026-05-01T10:00:02.861Z"}
{"level":"info","message":"GET /favicon.ico 304 - 9ms","timestamp":"2026-05-01T10:00:02.863Z"}
{"level":"info","message":"GET /pages/records.html 304 - 6ms","timestamp":"2026-05-01T10:00:02.865Z"}
{"level":"info","message":"GET /pages/summary.html 304 - 10ms","timestamp":"2026-05-01T10:00:02.870Z"}
{"level":"info","message":"GET /pages/health.html 304 - 10ms","timestamp":"2026-05-01T10:00:02.876Z"}
{"level":"info","message":"GET /api/deals 304 - 145ms","timestamp":"2026-05-01T10:00:03.075Z"}
{"level":"info","message":"GET / 304 - 45ms","timestamp":"2026-05-01T10:02:32.047Z"}
{"level":"info","message":"GET /css/style.css 304 - 2ms","timestamp":"2026-05-01T10:02:32.099Z"}
{"level":"info","message":"GET /js/main.js 304 - 18ms","timestamp":"2026-05-01T10:02:32.121Z"}
{"level":"info","message":"GET /css/layout.css 304 - 2ms","timestamp":"2026-05-01T10:02:32.126Z"}
{"level":"info","message":"GET /css/base.css 304 - 3ms","timestamp":"2026-05-01T10:02:32.131Z"}
{"level":"info","message":"GET /css/components.css 304 - 4ms","timestamp":"2026-05-01T10:02:32.147Z"}
{"level":"info","message":"GET /css/pages.css 304 - 6ms","timestamp":"2026-05-01T10:02:32.150Z"}
{"level":"info","message":"GET /css/forms.css 304 - 14ms","timestamp":"2026-05-01T10:02:32.160Z"}
{"level":"info","message":"GET /css/ppt.css 304 - 10ms","timestamp":"2026-05-01T10:02:32.164Z"}
{"level":"info","message":"GET /css/utilities.css 304 - 11ms","timestamp":"2026-05-01T10:02:32.167Z"}
{"level":"info","message":"GET /css/tables.css 304 - 18ms","timestamp":"2026-05-01T10:02:32.176Z"}
{"level":"info","message":"GET /js/helpers.js 304 - 3ms","timestamp":"2026-05-01T10:02:32.363Z"}
{"level":"info","message":"GET /js/dealForm.js 304 - 5ms","timestamp":"2026-05-01T10:02:32.365Z"}
{"level":"info","message":"GET /js/records.js 304 - 8ms","timestamp":"2026-05-01T10:02:32.369Z"}
{"level":"info","message":"GET /js/summary.js 304 - 5ms","timestamp":"2026-05-01T10:02:32.376Z"}
{"level":"info","message":"GET /js/health.js 304 - 5ms","timestamp":"2026-05-01T10:02:32.379Z"}
{"level":"info","message":"GET /js/ppt.js 200 - 23ms","timestamp":"2026-05-01T10:02:32.384Z"}
{"level":"info","message":"GET /js/ui.js 304 - 4ms","timestamp":"2026-05-01T10:02:32.385Z"}
{"level":"info","message":"GET /components/topbar.html 304 - 4ms","timestamp":"2026-05-01T10:02:32.400Z"}
{"level":"info","message":"GET /components/sidebar.html 304 - 7ms","timestamp":"2026-05-01T10:02:32.405Z"}
{"level":"info","message":"GET /favicon.ico 304 - 2ms","timestamp":"2026-05-01T10:02:32.414Z"}
{"level":"info","message":"GET /pages/new-deal.html 304 - 3ms","timestamp":"2026-05-01T10:02:32.439Z"}
{"level":"info","message":"GET /pages/records.html 304 - 6ms","timestamp":"2026-05-01T10:02:32.442Z"}
{"level":"info","message":"GET /pages/summary.html 304 - 7ms","timestamp":"2026-05-01T10:02:32.444Z"}
{"level":"info","message":"GET /pages/health.html 304 - 3ms","timestamp":"2026-05-01T10:02:32.446Z"}
{"level":"info","message":"GET /api/deals 304 - 96ms","timestamp":"2026-05-01T10:02:32.561Z"}
{"level":"info","message":"GET / 304 - 53ms","timestamp":"2026-05-01T10:05:37.622Z"}
{"level":"info","message":"GET /css/style.css 304 - 2ms","timestamp":"2026-05-01T10:05:37.737Z"}
{"level":"info","message":"GET /js/main.js 304 - 2ms","timestamp":"2026-05-01T10:05:37.741Z"}
{"level":"info","message":"GET /css/base.css 304 - 2ms","timestamp":"2026-05-01T10:05:37.772Z"}
{"level":"info","message":"GET /css/layout.css 304 - 4ms","timestamp":"2026-05-01T10:05:37.775Z"}
{"level":"info","message":"GET /css/components.css 304 - 4ms","timestamp":"2026-05-01T10:05:37.782Z"}
{"level":"info","message":"GET /css/forms.css 304 - 8ms","timestamp":"2026-05-01T10:05:37.788Z"}
{"level":"info","message":"GET /css/tables.css 304 - 5ms","timestamp":"2026-05-01T10:05:37.794Z"}
{"level":"info","message":"GET /css/ppt.css 304 - 10ms","timestamp":"2026-05-01T10:05:37.800Z"}
{"level":"info","message":"GET /css/utilities.css 304 - 12ms","timestamp":"2026-05-01T10:05:37.803Z"}
{"level":"info","message":"GET /css/pages.css 304 - 14ms","timestamp":"2026-05-01T10:05:37.806Z"}
{"level":"info","message":"GET /js/helpers.js 304 - 6ms","timestamp":"2026-05-01T10:05:37.992Z"}
{"level":"info","message":"GET /js/dealForm.js 304 - 8ms","timestamp":"2026-05-01T10:05:37.995Z"}
{"level":"info","message":"GET /js/records.js 304 - 10ms","timestamp":"2026-05-01T10:05:38.000Z"}
{"level":"info","message":"GET /js/summary.js 304 - 11ms","timestamp":"2026-05-01T10:05:38.002Z"}
{"level":"info","message":"GET /js/health.js 304 - 4ms","timestamp":"2026-05-01T10:05:38.007Z"}
{"level":"info","message":"GET /js/ppt.js 200 - 26ms","timestamp":"2026-05-01T10:05:38.014Z"}
{"level":"info","message":"GET /js/ui.js 304 - 7ms","timestamp":"2026-05-01T10:05:38.016Z"}
{"level":"info","message":"GET /components/topbar.html 304 - 3ms","timestamp":"2026-05-01T10:05:38.031Z"}
{"level":"info","message":"GET /components/sidebar.html 304 - 5ms","timestamp":"2026-05-01T10:05:38.034Z"}
{"level":"info","message":"GET /pages/new-deal.html 304 - 2ms","timestamp":"2026-05-01T10:05:38.051Z"}
{"level":"info","message":"GET /favicon.ico 304 - 8ms","timestamp":"2026-05-01T10:05:38.055Z"}
{"level":"info","message":"GET /pages/records.html 304 - 7ms","timestamp":"2026-05-01T10:05:38.059Z"}
{"level":"info","message":"GET /pages/summary.html 304 - 10ms","timestamp":"2026-05-01T10:05:38.064Z"}
{"level":"info","message":"GET /pages/health.html 304 - 13ms","timestamp":"2026-05-01T10:05:38.067Z"}
{"level":"info","message":"GET /api/deals 304 - 143ms","timestamp":"2026-05-01T10:05:38.244Z"}
{"level":"info","message":"GET / 304 - 54ms","timestamp":"2026-05-01T13:17:08.771Z"}
{"level":"info","message":"GET /css/style.css 304 - 3ms","timestamp":"2026-05-01T13:17:08.809Z"}
{"level":"info","message":"GET /js/main.js 304 - 3ms","timestamp":"2026-05-01T13:17:08.810Z"}
{"level":"info","message":"GET /css/layout.css 304 - 2ms","timestamp":"2026-05-01T13:17:08.817Z"}
{"level":"info","message":"GET /css/forms.css 304 - 5ms","timestamp":"2026-05-01T13:17:08.821Z"}
{"level":"info","message":"GET /css/base.css 304 - 7ms","timestamp":"2026-05-01T13:17:08.826Z"}
{"level":"info","message":"GET /css/tables.css 304 - 3ms","timestamp":"2026-05-01T13:17:08.827Z"}
{"level":"info","message":"GET /css/components.css 304 - 5ms","timestamp":"2026-05-01T13:17:08.829Z"}
{"level":"info","message":"GET /css/pages.css 304 - 8ms","timestamp":"2026-05-01T13:17:08.833Z"}
{"level":"info","message":"GET /css/utilities.css 304 - 6ms","timestamp":"2026-05-01T13:17:08.836Z"}
{"level":"info","message":"GET /css/ppt.css 304 - 7ms","timestamp":"2026-05-01T13:17:08.838Z"}
{"level":"info","message":"GET /js/helpers.js 304 - 1ms","timestamp":"2026-05-01T13:17:08.939Z"}
{"level":"info","message":"GET /js/ppt.js 304 - 6ms","timestamp":"2026-05-01T13:17:08.945Z"}
{"level":"info","message":"GET /js/records.js 304 - 3ms","timestamp":"2026-05-01T13:17:08.947Z"}
{"level":"info","message":"GET /js/summary.js 304 - 11ms","timestamp":"2026-05-01T13:17:08.955Z"}
{"level":"info","message":"GET /js/dealForm.js 200 - 23ms","timestamp":"2026-05-01T13:17:08.962Z"}
{"level":"info","message":"GET /js/health.js 304 - 15ms","timestamp":"2026-05-01T13:17:08.965Z"}
{"level":"info","message":"GET /js/ui.js 304 - 18ms","timestamp":"2026-05-01T13:17:08.970Z"}
{"level":"info","message":"GET /components/topbar.html 304 - 1ms","timestamp":"2026-05-01T13:17:08.978Z"}
{"level":"info","message":"GET /components/sidebar.html 304 - 2ms","timestamp":"2026-05-01T13:17:08.979Z"}
{"level":"info","message":"GET /favicon.ico 304 - 3ms","timestamp":"2026-05-01T13:17:08.992Z"}
{"level":"info","message":"GET /pages/new-deal.html 304 - 1ms","timestamp":"2026-05-01T13:17:09.070Z"}
{"level":"info","message":"GET /pages/records.html 304 - 1ms","timestamp":"2026-05-01T13:17:09.073Z"}
{"level":"info","message":"GET /pages/summary.html 304 - 4ms","timestamp":"2026-05-01T13:17:09.076Z"}
{"level":"info","message":"GET /pages/health.html 304 - 3ms","timestamp":"2026-05-01T13:17:09.078Z"}
{"level":"info","message":"GET /api/deals 304 - 140ms","timestamp":"2026-05-01T13:17:09.276Z"}
{"level":"info","message":"GET / 304 - 183ms","timestamp":"2026-05-01T15:45:00.483Z"}
{"level":"info","message":"GET /css/style.css 304 - 3ms","timestamp":"2026-05-01T15:45:00.888Z"}
{"level":"info","message":"GET /js/main.js 200 - 17ms","timestamp":"2026-05-01T15:45:00.917Z"}
{"level":"info","message":"GET /css/base.css 304 - 2ms","timestamp":"2026-05-01T15:45:00.921Z"}
{"level":"info","message":"GET /css/layout.css 304 - 1ms","timestamp":"2026-05-01T15:45:00.926Z"}
{"level":"info","message":"GET /css/components.css 304 - 3ms","timestamp":"2026-05-01T15:45:00.933Z"}
{"level":"info","message":"GET /css/forms.css 304 - 5ms","timestamp":"2026-05-01T15:45:00.936Z"}
{"level":"info","message":"GET /css/tables.css 304 - 7ms","timestamp":"2026-05-01T15:45:00.939Z"}
{"level":"info","message":"GET /css/pages.css 304 - 3ms","timestamp":"2026-05-01T15:45:00.947Z"}
{"level":"info","message":"GET /css/ppt.css 304 - 4ms","timestamp":"2026-05-01T15:45:00.957Z"}
{"level":"info","message":"GET /css/utilities.css 304 - 10ms","timestamp":"2026-05-01T15:45:00.963Z"}
{"level":"info","message":"GET /js/helpers.js 304 - 3ms","timestamp":"2026-05-01T15:45:02.550Z"}
{"level":"info","message":"GET /js/dealForm.js 304 - 3ms","timestamp":"2026-05-01T15:45:02.551Z"}
{"level":"info","message":"GET /js/ppt.js 304 - 5ms","timestamp":"2026-05-01T15:45:02.554Z"}
{"level":"info","message":"GET /js/records.js 304 - 4ms","timestamp":"2026-05-01T15:45:02.556Z"}
{"level":"info","message":"GET /js/summary.js 304 - 4ms","timestamp":"2026-05-01T15:45:02.562Z"}
{"level":"info","message":"GET /js/health.js 304 - 5ms","timestamp":"2026-05-01T15:45:02.564Z"}
{"level":"info","message":"GET /js/ui.js 200 - 8ms","timestamp":"2026-05-01T15:45:02.568Z"}
{"level":"info","message":"GET /components/topbar.html 304 - 2ms","timestamp":"2026-05-01T15:45:02.579Z"}
{"level":"info","message":"GET /components/sidebar.html 200 - 6ms","timestamp":"2026-05-01T15:45:02.584Z"}
{"level":"info","message":"GET /pages/new-deal.html 304 - 5ms","timestamp":"2026-05-01T15:45:02.595Z"}
{"level":"info","message":"GET /pages/records.html 304 - 7ms","timestamp":"2026-05-01T15:45:02.599Z"}
{"level":"info","message":"GET /pages/summary.html 304 - 8ms","timestamp":"2026-05-01T15:45:02.601Z"}
{"level":"info","message":"GET /pages/health.html 304 - 2ms","timestamp":"2026-05-01T15:45:02.610Z"}
{"level":"info","message":"GET /hyundai_kia_bulk_insurance_calculator.html 200 - 10ms","timestamp":"2026-05-01T15:45:02.616Z"}
{"level":"info","message":"GET /favicon.ico 304 - 2ms","timestamp":"2026-05-01T15:45:02.785Z"}
{"level":"info","message":"GET /css/style.css 304 - 1ms","timestamp":"2026-05-01T15:45:02.794Z"}
{"level":"info","message":"GET /css/base.css 304 - 6ms","timestamp":"2026-05-01T15:45:02.862Z"}
{"level":"info","message":"GET /css/layout.css 304 - 9ms","timestamp":"2026-05-01T15:45:02.866Z"}
{"level":"info","message":"GET /css/components.css 304 - 8ms","timestamp":"2026-05-01T15:45:02.869Z"}
{"level":"info","message":"GET /css/forms.css 304 - 19ms","timestamp":"2026-05-01T15:45:02.880Z"}
{"level":"info","message":"GET /css/tables.css 304 - 26ms","timestamp":"2026-05-01T15:45:02.887Z"}
{"level":"info","message":"GET /css/pages.css 304 - 3ms","timestamp":"2026-05-01T15:45:02.897Z"}
{"level":"info","message":"GET /css/ppt.css 304 - 4ms","timestamp":"2026-05-01T15:45:02.900Z"}
{"level":"info","message":"GET /css/utilities.css 304 - 6ms","timestamp":"2026-05-01T15:45:02.902Z"}
{"level":"info","message":"GET /api/deals 304 - 138ms","timestamp":"2026-05-01T15:45:02.973Z"}
{"level":"info","message":"GET /api/deals/health 200 - 166ms","timestamp":"2026-05-01T15:45:17.986Z"}
{"level":"info","message":"GET /api/deals/health 200 - 25ms","timestamp":"2026-05-01T15:45:18.021Z"}
{"level":"info","message":"GET / 304 - 33ms","timestamp":"2026-05-01T15:51:08.427Z"}
{"level":"info","message":"GET /css/style.css 304 - 2ms","timestamp":"2026-05-01T15:51:08.512Z"}
{"level":"info","message":"GET /js/main.js 200 - 7ms","timestamp":"2026-05-01T15:51:08.522Z"}
{"level":"info","message":"GET /css/base.css 304 - 2ms","timestamp":"2026-05-01T15:51:08.557Z"}
{"level":"info","message":"GET /css/layout.css 304 - 5ms","timestamp":"2026-05-01T15:51:08.561Z"}
{"level":"info","message":"GET /css/components.css 304 - 5ms","timestamp":"2026-05-01T15:51:08.564Z"}
{"level":"info","message":"GET /css/forms.css 304 - 6ms","timestamp":"2026-05-01T15:51:08.569Z"}
{"level":"info","message":"GET /css/tables.css 304 - 4ms","timestamp":"2026-05-01T15:51:08.570Z"}
{"level":"info","message":"GET /css/pages.css 304 - 5ms","timestamp":"2026-05-01T15:51:08.577Z"}
{"level":"info","message":"GET /css/ppt.css 304 - 6ms","timestamp":"2026-05-01T15:51:08.579Z"}
{"level":"info","message":"GET /css/utilities.css 304 - 7ms","timestamp":"2026-05-01T15:51:08.581Z"}
{"level":"info","message":"GET /js/helpers.js 304 - 2ms","timestamp":"2026-05-01T15:51:08.803Z"}
{"level":"info","message":"GET /js/dealForm.js 304 - 3ms","timestamp":"2026-05-01T15:51:08.805Z"}
{"level":"info","message":"GET /js/ppt.js 304 - 5ms","timestamp":"2026-05-01T15:51:08.807Z"}
{"level":"info","message":"GET /js/records.js 304 - 4ms","timestamp":"2026-05-01T15:51:08.810Z"}
{"level":"info","message":"GET /js/summary.js 304 - 14ms","timestamp":"2026-05-01T15:51:08.820Z"}
{"level":"info","message":"GET /js/health.js 304 - 5ms","timestamp":"2026-05-01T15:51:08.822Z"}
{"level":"info","message":"GET /js/ui.js 304 - 5ms","timestamp":"2026-05-01T15:51:08.824Z"}
{"level":"info","message":"GET /components/topbar.html 304 - 3ms","timestamp":"2026-05-01T15:51:08.843Z"}
{"level":"info","message":"GET /components/sidebar.html 304 - 4ms","timestamp":"2026-05-01T15:51:08.845Z"}
{"level":"info","message":"GET /pages/records.html 304 - 4ms","timestamp":"2026-05-01T15:51:08.867Z"}
{"level":"info","message":"GET /pages/new-deal.html 304 - 5ms","timestamp":"2026-05-01T15:51:08.871Z"}
{"level":"info","message":"GET /pages/summary.html 304 - 3ms","timestamp":"2026-05-01T15:51:08.875Z"}
{"level":"info","message":"GET /pages/health.html 304 - 3ms","timestamp":"2026-05-01T15:51:08.876Z"}
{"level":"info","message":"GET /pages/calculator.html 200 - 16ms","timestamp":"2026-05-01T15:51:08.881Z"}
{"level":"info","message":"GET /favicon.ico 304 - 12ms","timestamp":"2026-05-01T15:51:08.886Z"}
{"level":"info","message":"GET /pages/calculator/hyundai_kia_bulk_insurance_calculator.html 200 - 8ms","timestamp":"2026-05-01T15:51:08.949Z"}
{"level":"info","message":"GET /api/deals 304 - 124ms","timestamp":"2026-05-01T15:51:09.049Z"}
{"level":"info","message":"GET / 304 - 4ms","timestamp":"2026-05-01T15:51:14.376Z"}
{"level":"info","message":"GET /css/style.css 304 - 6ms","timestamp":"2026-05-01T15:51:14.412Z"}
{"level":"info","message":"GET /js/main.js 304 - 7ms","timestamp":"2026-05-01T15:51:14.415Z"}
{"level":"info","message":"GET /css/base.css 304 - 2ms","timestamp":"2026-05-01T15:51:14.430Z"}
{"level":"info","message":"GET /css/layout.css 304 - 4ms","timestamp":"2026-05-01T15:51:14.432Z"}
{"level":"info","message":"GET /css/components.css 304 - 5ms","timestamp":"2026-05-01T15:51:14.434Z"}
{"level":"info","message":"GET /css/forms.css 304 - 5ms","timestamp":"2026-05-01T15:51:14.438Z"}
{"level":"info","message":"GET /css/tables.css 304 - 5ms","timestamp":"2026-05-01T15:51:14.441Z"}
{"level":"info","message":"GET /css/pages.css 304 - 7ms","timestamp":"2026-05-01T15:51:14.444Z"}
{"level":"info","message":"GET /css/ppt.css 304 - 4ms","timestamp":"2026-05-01T15:51:14.446Z"}
{"level":"info","message":"GET /css/utilities.css 304 - 6ms","timestamp":"2026-05-01T15:51:14.449Z"}
{"level":"info","message":"GET /js/helpers.js 304 - 2ms","timestamp":"2026-05-01T15:51:14.594Z"}
{"level":"info","message":"GET /js/dealForm.js 304 - 4ms","timestamp":"2026-05-01T15:51:14.596Z"}
{"level":"info","message":"GET /js/ppt.js 304 - 9ms","timestamp":"2026-05-01T15:51:14.602Z"}
{"level":"info","message":"GET /js/records.js 304 - 9ms","timestamp":"2026-05-01T15:51:14.607Z"}
{"level":"info","message":"GET /js/summary.js 304 - 9ms","timestamp":"2026-05-01T15:51:14.609Z"}
{"level":"info","message":"GET /js/health.js 304 - 10ms","timestamp":"2026-05-01T15:51:14.611Z"}
{"level":"info","message":"GET /js/ui.js 304 - 4ms","timestamp":"2026-05-01T15:51:14.614Z"}
{"level":"info","message":"GET /components/topbar.html 304 - 2ms","timestamp":"2026-05-01T15:51:14.622Z"}
{"level":"info","message":"GET /components/sidebar.html 304 - 4ms","timestamp":"2026-05-01T15:51:14.625Z"}
{"level":"info","message":"GET /pages/new-deal.html 304 - 11ms","timestamp":"2026-05-01T15:51:14.644Z"}
{"level":"info","message":"GET /pages/records.html 304 - 11ms","timestamp":"2026-05-01T15:51:14.646Z"}
{"level":"info","message":"GET /pages/summary.html 304 - 13ms","timestamp":"2026-05-01T15:51:14.649Z"}
{"level":"info","message":"GET /pages/health.html 304 - 12ms","timestamp":"2026-05-01T15:51:14.656Z"}
{"level":"info","message":"GET /pages/calculator.html 304 - 9ms","timestamp":"2026-05-01T15:51:14.660Z"}
{"level":"info","message":"GET /favicon.ico 304 - 15ms","timestamp":"2026-05-01T15:51:14.667Z"}
{"level":"info","message":"GET /pages/calculator/hyundai_kia_bulk_insurance_calculator.html 304 - 2ms","timestamp":"2026-05-01T15:51:14.682Z"}
{"level":"info","message":"GET /api/deals 304 - 24ms","timestamp":"2026-05-01T15:51:14.701Z"}
{"level":"info","message":"GET / 304 - 2ms","timestamp":"2026-05-01T15:51:15.584Z"}
{"level":"info","message":"GET /css/style.css 304 - 10ms","timestamp":"2026-05-01T15:51:15.618Z"}
{"level":"info","message":"GET /js/main.js 304 - 6ms","timestamp":"2026-05-01T15:51:15.622Z"}
{"level":"info","message":"GET /css/base.css 304 - 2ms","timestamp":"2026-05-01T15:51:15.625Z"}
{"level":"info","message":"GET /css/layout.css 304 - 8ms","timestamp":"2026-05-01T15:51:15.634Z"}
{"level":"info","message":"GET /css/components.css 304 - 8ms","timestamp":"2026-05-01T15:51:15.637Z"}
{"level":"info","message":"GET /css/forms.css 304 - 13ms","timestamp":"2026-05-01T15:51:15.645Z"}
{"level":"info","message":"GET /css/tables.css 304 - 7ms","timestamp":"2026-05-01T15:51:15.647Z"}
{"level":"info","message":"GET /css/pages.css 304 - 10ms","timestamp":"2026-05-01T15:51:15.650Z"}
{"level":"info","message":"GET /css/ppt.css 304 - 12ms","timestamp":"2026-05-01T15:51:15.653Z"}
{"level":"info","message":"GET /css/utilities.css 304 - 3ms","timestamp":"2026-05-01T15:51:15.659Z"}
{"level":"info","message":"GET /js/helpers.js 304 - 2ms","timestamp":"2026-05-01T15:51:15.758Z"}
{"level":"info","message":"GET /js/dealForm.js 304 - 5ms","timestamp":"2026-05-01T15:51:15.761Z"}
{"level":"info","message":"GET /js/ppt.js 304 - 6ms","timestamp":"2026-05-01T15:51:15.762Z"}
{"level":"info","message":"GET /js/records.js 304 - 7ms","timestamp":"2026-05-01T15:51:15.764Z"}
{"level":"info","message":"GET /js/summary.js 304 - 3ms","timestamp":"2026-05-01T15:51:15.766Z"}
{"level":"info","message":"GET /js/health.js 304 - 1ms","timestamp":"2026-05-01T15:51:15.769Z"}
{"level":"info","message":"GET /js/ui.js 304 - 2ms","timestamp":"2026-05-01T15:51:15.770Z"}
{"level":"info","message":"GET /components/topbar.html 304 - 1ms","timestamp":"2026-05-01T15:51:15.781Z"}
{"level":"info","message":"GET /components/sidebar.html 304 - 1ms","timestamp":"2026-05-01T15:51:15.782Z"}
{"level":"info","message":"GET /favicon.ico 304 - 4ms","timestamp":"2026-05-01T15:51:15.791Z"}
{"level":"info","message":"GET /pages/new-deal.html 304 - 7ms","timestamp":"2026-05-01T15:51:15.796Z"}
{"level":"info","message":"GET /pages/records.html 304 - 3ms","timestamp":"2026-05-01T15:51:15.801Z"}
{"level":"info","message":"GET /pages/summary.html 304 - 8ms","timestamp":"2026-05-01T15:51:15.806Z"}
{"level":"info","message":"GET /pages/health.html 304 - 10ms","timestamp":"2026-05-01T15:51:15.809Z"}
{"level":"info","message":"GET /pages/calculator.html 304 - 13ms","timestamp":"2026-05-01T15:51:15.813Z"}
{"level":"info","message":"GET /pages/calculator/hyundai_kia_bulk_insurance_calculator.html 304 - 1ms","timestamp":"2026-05-01T15:51:15.842Z"}
{"level":"info","message":"GET /api/deals 304 - 23ms","timestamp":"2026-05-01T15:51:15.859Z"}
{"level":"info","message":"GET / 304 - 1ms","timestamp":"2026-05-01T15:51:15.919Z"}
{"level":"info","message":"GET /css/style.css 304 - 1ms","timestamp":"2026-05-01T15:51:16.079Z"}
{"level":"info","message":"GET /js/main.js 304 - 1ms","timestamp":"2026-05-01T15:51:16.082Z"}
{"level":"info","message":"GET /css/base.css 304 - 5ms","timestamp":"2026-05-01T15:51:16.097Z"}
{"level":"info","message":"GET /css/layout.css 304 - 4ms","timestamp":"2026-05-01T15:51:16.098Z"}
{"level":"info","message":"GET /css/components.css 304 - 5ms","timestamp":"2026-05-01T15:51:16.101Z"}
{"level":"info","message":"GET /css/forms.css 304 - 8ms","timestamp":"2026-05-01T15:51:16.105Z"}
{"level":"info","message":"GET /css/tables.css 304 - 7ms","timestamp":"2026-05-01T15:51:16.109Z"}
{"level":"info","message":"GET /css/pages.css 304 - 11ms","timestamp":"2026-05-01T15:51:16.115Z"}
{"level":"info","message":"GET /css/ppt.css 304 - 6ms","timestamp":"2026-05-01T15:51:16.117Z"}
{"level":"info","message":"GET /css/utilities.css 304 - 5ms","timestamp":"2026-05-01T15:51:16.118Z"}
{"level":"info","message":"GET /js/helpers.js 304 - 1ms","timestamp":"2026-05-01T15:51:16.232Z"}
{"level":"info","message":"GET /js/dealForm.js 304 - 2ms","timestamp":"2026-05-01T15:51:16.234Z"}
{"level":"info","message":"GET /js/ppt.js 304 - 4ms","timestamp":"2026-05-01T15:51:16.236Z"}
{"level":"info","message":"GET /js/records.js 304 - 4ms","timestamp":"2026-05-01T15:51:16.238Z"}
{"level":"info","message":"GET /js/summary.js 304 - 6ms","timestamp":"2026-05-01T15:51:16.242Z"}
{"level":"info","message":"GET /js/health.js 304 - 13ms","timestamp":"2026-05-01T15:51:16.248Z"}
{"level":"info","message":"GET /js/ui.js 304 - 2ms","timestamp":"2026-05-01T15:51:16.249Z"}
{"level":"info","message":"GET /components/topbar.html 304 - 10ms","timestamp":"2026-05-01T15:51:16.265Z"}
{"level":"info","message":"GET /components/sidebar.html 304 - 11ms","timestamp":"2026-05-01T15:51:16.267Z"}
{"level":"info","message":"GET /favicon.ico 304 - 10ms","timestamp":"2026-05-01T15:51:16.281Z"}
{"level":"info","message":"GET /pages/new-deal.html 304 - 4ms","timestamp":"2026-05-01T15:51:16.282Z"}
{"level":"info","message":"GET /pages/records.html 304 - 5ms","timestamp":"2026-05-01T15:51:16.284Z"}
{"level":"info","message":"GET /pages/summary.html 304 - 17ms","timestamp":"2026-05-01T15:51:16.297Z"}
{"level":"info","message":"GET /pages/health.html 304 - 10ms","timestamp":"2026-05-01T15:51:16.301Z"}
{"level":"info","message":"GET /pages/calculator.html 304 - 9ms","timestamp":"2026-05-01T15:51:16.303Z"}
{"level":"info","message":"GET /api/deals 304 - 30ms","timestamp":"2026-05-01T15:51:16.347Z"}
{"level":"info","message":"GET /pages/calculator/hyundai_kia_bulk_insurance_calculator.html 304 - 1ms","timestamp":"2026-05-01T15:51:16.349Z"}
{"level":"info","message":"GET / 304 - 63ms","timestamp":"2026-05-01T15:52:36.764Z"}
{"level":"info","message":"GET /css/style.css 304 - 10ms","timestamp":"2026-05-01T15:52:37.013Z"}
{"level":"info","message":"GET /js/main.js 304 - 13ms","timestamp":"2026-05-01T15:52:37.018Z"}
{"level":"info","message":"GET /css/base.css 304 - 15ms","timestamp":"2026-05-01T15:52:37.058Z"}
{"level":"info","message":"GET /css/layout.css 304 - 16ms","timestamp":"2026-05-01T15:52:37.061Z"}
{"level":"info","message":"GET /css/components.css 304 - 4ms","timestamp":"2026-05-01T15:52:37.072Z"}
{"level":"info","message":"GET /css/ppt.css 304 - 4ms","timestamp":"2026-05-01T15:52:37.079Z"}
{"level":"info","message":"GET /css/utilities.css 304 - 6ms","timestamp":"2026-05-01T15:52:37.081Z"}
{"level":"info","message":"GET /css/forms.css 304 - 14ms","timestamp":"2026-05-01T15:52:37.091Z"}
{"level":"info","message":"GET /css/tables.css 304 - 18ms","timestamp":"2026-05-01T15:52:37.095Z"}
{"level":"info","message":"GET /css/pages.css 304 - 22ms","timestamp":"2026-05-01T15:52:37.100Z"}
{"level":"info","message":"GET /js/helpers.js 304 - 2ms","timestamp":"2026-05-01T15:52:37.281Z"}
{"level":"info","message":"GET /js/dealForm.js 304 - 3ms","timestamp":"2026-05-01T15:52:37.282Z"}
{"level":"info","message":"GET /js/ppt.js 304 - 7ms","timestamp":"2026-05-01T15:52:37.287Z"}
{"level":"info","message":"GET /js/records.js 304 - 5ms","timestamp":"2026-05-01T15:52:37.289Z"}
{"level":"info","message":"GET /js/summary.js 304 - 6ms","timestamp":"2026-05-01T15:52:37.291Z"}
{"level":"info","message":"GET /js/health.js 304 - 8ms","timestamp":"2026-05-01T15:52:37.293Z"}
{"level":"info","message":"GET /js/ui.js 304 - 1ms","timestamp":"2026-05-01T15:52:37.295Z"}
{"level":"info","message":"GET /components/topbar.html 304 - 3ms","timestamp":"2026-05-01T15:52:37.307Z"}
{"level":"info","message":"GET /components/sidebar.html 304 - 3ms","timestamp":"2026-05-01T15:52:37.309Z"}
{"level":"info","message":"GET /pages/new-deal.html 304 - 10ms","timestamp":"2026-05-01T15:52:37.332Z"}
{"level":"info","message":"GET /pages/records.html 304 - 19ms","timestamp":"2026-05-01T15:52:37.341Z"}
{"level":"info","message":"GET /pages/summary.html 304 - 20ms","timestamp":"2026-05-01T15:52:37.343Z"}
{"level":"info","message":"GET /pages/health.html 304 - 22ms","timestamp":"2026-05-01T15:52:37.350Z"}
{"level":"info","message":"GET /favicon.ico 304 - 36ms","timestamp":"2026-05-01T15:52:37.354Z"}
{"level":"info","message":"GET /pages/calculator.html 304 - 16ms","timestamp":"2026-05-01T15:52:37.363Z"}
{"level":"info","message":"GET /api/deals 304 - 62ms","timestamp":"2026-05-01T15:52:37.652Z"}
{"level":"info","message":"GET /pages/calculator/hyundai_kia_bulk_insurance_calculator.html 304 - 49ms","timestamp":"2026-05-01T15:52:37.654Z"}
{"level":"info","message":"GET /css/style.css 304 - 11ms","timestamp":"2026-05-01T15:56:37.715Z"}
{"level":"info","message":"GET /css/base.css 304 - 6ms","timestamp":"2026-05-01T15:56:37.731Z"}
{"level":"info","message":"GET /css/layout.css 304 - 7ms","timestamp":"2026-05-01T15:56:37.733Z"}
{"level":"info","message":"GET /css/components.css 304 - 8ms","timestamp":"2026-05-01T15:56:37.735Z"}
{"level":"info","message":"GET /css/forms.css 304 - 10ms","timestamp":"2026-05-01T15:56:37.738Z"}
{"level":"info","message":"GET /css/tables.css 304 - 12ms","timestamp":"2026-05-01T15:56:37.740Z"}
{"level":"info","message":"GET /css/pages.css 304 - 14ms","timestamp":"2026-05-01T15:56:37.743Z"}
{"level":"info","message":"GET /css/ppt.css 304 - 9ms","timestamp":"2026-05-01T15:56:37.754Z"}
{"level":"info","message":"GET /css/utilities.css 304 - 13ms","timestamp":"2026-05-01T15:56:37.759Z"}
{"level":"info","message":"GET /.well-known/appspecific/com.chrome.devtools.json 304 - 15ms","timestamp":"2026-05-01T15:56:37.762Z"}
{"level":"info","message":"GET / 304 - 54ms","timestamp":"2026-05-01T16:02:24.130Z"}
{"level":"info","message":"GET /css/style.css 304 - 3ms","timestamp":"2026-05-01T16:02:24.561Z"}
{"level":"info","message":"GET /js/main.js 304 - 2ms","timestamp":"2026-05-01T16:02:24.570Z"}
{"level":"info","message":"GET /css/tables.css 304 - 7ms","timestamp":"2026-05-01T16:02:24.603Z"}
{"level":"info","message":"GET /css/pages.css 304 - 15ms","timestamp":"2026-05-01T16:02:24.613Z"}
{"level":"info","message":"GET /css/ppt.css 304 - 13ms","timestamp":"2026-05-01T16:02:24.615Z"}
{"level":"info","message":"GET /css/forms.css 304 - 25ms","timestamp":"2026-05-01T16:02:24.645Z"}
{"level":"info","message":"GET /css/base.css 304 - 18ms","timestamp":"2026-05-01T16:02:24.648Z"}
{"level":"info","message":"GET /css/layout.css 304 - 16ms","timestamp":"2026-05-01T16:02:24.651Z"}
{"level":"info","message":"GET /css/components.css 304 - 20ms","timestamp":"2026-05-01T16:02:24.660Z"}
{"level":"info","message":"GET /css/utilities.css 304 - 2ms","timestamp":"2026-05-01T16:02:24.664Z"}
{"level":"info","message":"GET /js/helpers.js 304 - 3ms","timestamp":"2026-05-01T16:02:24.873Z"}
{"level":"info","message":"GET /js/dealForm.js 304 - 4ms","timestamp":"2026-05-01T16:02:24.875Z"}
{"level":"info","message":"GET /js/ppt.js 304 - 6ms","timestamp":"2026-05-01T16:02:24.878Z"}
{"level":"info","message":"GET /js/records.js 304 - 4ms","timestamp":"2026-05-01T16:02:24.880Z"}
{"level":"info","message":"GET /js/summary.js 304 - 6ms","timestamp":"2026-05-01T16:02:24.882Z"}
{"level":"info","message":"GET /js/ui.js 304 - 7ms","timestamp":"2026-05-01T16:02:24.884Z"}
{"level":"info","message":"GET /js/health.js 304 - 2ms","timestamp":"2026-05-01T16:02:24.888Z"}
{"level":"info","message":"GET /components/topbar.html 304 - 2ms","timestamp":"2026-05-01T16:02:24.903Z"}
{"level":"info","message":"GET /components/sidebar.html 304 - 10ms","timestamp":"2026-05-01T16:02:24.912Z"}
{"level":"info","message":"GET /pages/new-deal.html 304 - 2ms","timestamp":"2026-05-01T16:02:24.930Z"}
{"level":"info","message":"GET /pages/records.html 304 - 7ms","timestamp":"2026-05-01T16:02:24.936Z"}
{"level":"info","message":"GET /pages/summary.html 304 - 10ms","timestamp":"2026-05-01T16:02:24.944Z"}
{"level":"info","message":"GET /pages/health.html 304 - 2ms","timestamp":"2026-05-01T16:02:24.948Z"}
{"level":"info","message":"GET /pages/calculator.html 200 - 27ms","timestamp":"2026-05-01T16:02:24.975Z"}
{"level":"info","message":"GET /favicon.ico 304 - 3ms","timestamp":"2026-05-01T16:02:25.150Z"}
{"level":"info","message":"GET /pages/calculator/hyundai_kia_bulk_insurance_calculator.html 200 - 7ms","timestamp":"2026-05-01T16:02:25.273Z"}
{"level":"info","message":"GET /api/deals 304 - 140ms","timestamp":"2026-05-01T16:02:25.345Z"}
{"level":"info","message":"GET / 304 - 49ms","timestamp":"2026-05-01T16:07:46.638Z"}
{"level":"info","message":"GET /css/style.css 304 - 3ms","timestamp":"2026-05-01T16:07:46.710Z"}
{"level":"info","message":"GET /js/main.js 304 - 3ms","timestamp":"2026-05-01T16:07:46.721Z"}
{"level":"info","message":"GET /css/base.css 304 - 7ms","timestamp":"2026-05-01T16:07:46.756Z"}
{"level":"info","message":"GET /css/layout.css 304 - 12ms","timestamp":"2026-05-01T16:07:46.763Z"}
{"level":"info","message":"GET /css/forms.css 304 - 8ms","timestamp":"2026-05-01T16:07:46.769Z"}
{"level":"info","message":"GET /css/pages.css 304 - 7ms","timestamp":"2026-05-01T16:07:46.783Z"}
{"level":"info","message":"GET /css/components.css 304 - 11ms","timestamp":"2026-05-01T16:07:46.788Z"}
{"level":"info","message":"GET /css/utilities.css 304 - 5ms","timestamp":"2026-05-01T16:07:46.797Z"}
{"level":"info","message":"GET /css/tables.css 304 - 10ms","timestamp":"2026-05-01T16:07:46.803Z"}
{"level":"info","message":"GET /css/ppt.css 304 - 16ms","timestamp":"2026-05-01T16:07:46.810Z"}
{"level":"info","message":"GET /js/helpers.js 304 - 3ms","timestamp":"2026-05-01T16:07:47.063Z"}
{"level":"info","message":"GET /js/dealForm.js 304 - 3ms","timestamp":"2026-05-01T16:07:47.068Z"}
{"level":"info","message":"GET /js/ppt.js 304 - 7ms","timestamp":"2026-05-01T16:07:47.073Z"}
{"level":"info","message":"GET /js/records.js 304 - 8ms","timestamp":"2026-05-01T16:07:47.077Z"}
{"level":"info","message":"GET /js/summary.js 304 - 18ms","timestamp":"2026-05-01T16:07:47.089Z"}
{"level":"info","message":"GET /js/health.js 304 - 13ms","timestamp":"2026-05-01T16:07:47.100Z"}
{"level":"info","message":"GET /js/ui.js 304 - 11ms","timestamp":"2026-05-01T16:07:47.105Z"}
{"level":"info","message":"GET /components/topbar.html 304 - 4ms","timestamp":"2026-05-01T16:07:47.123Z"}
{"level":"info","message":"GET /components/sidebar.html 304 - 11ms","timestamp":"2026-05-01T16:07:47.133Z"}
{"level":"info","message":"GET /pages/new-deal.html 304 - 3ms","timestamp":"2026-05-01T16:07:47.145Z"}
{"level":"info","message":"GET /pages/records.html 304 - 6ms","timestamp":"2026-05-01T16:07:47.149Z"}
{"level":"info","message":"GET /pages/summary.html 304 - 13ms","timestamp":"2026-05-01T16:07:47.157Z"}
{"level":"info","message":"GET /pages/health.html 304 - 4ms","timestamp":"2026-05-01T16:07:47.158Z"}
{"level":"info","message":"GET /pages/calculator.html 304 - 5ms","timestamp":"2026-05-01T16:07:47.160Z"}
{"level":"info","message":"GET /favicon.ico 304 - 8ms","timestamp":"2026-05-01T16:07:47.164Z"}
{"level":"info","message":"GET /pages/calculator/hyundai_kia_bulk_insurance_calculator.html 304 - 1ms","timestamp":"2026-05-01T16:07:47.214Z"}
{"level":"info","message":"GET /api/deals 304 - 70ms","timestamp":"2026-05-01T16:07:47.266Z"}
{"level":"info","message":"GET / 304 - 4ms","timestamp":"2026-05-01T16:07:48.801Z"}
{"level":"info","message":"GET /css/style.css 304 - 6ms","timestamp":"2026-05-01T16:07:48.869Z"}
{"level":"info","message":"GET /js/main.js 304 - 4ms","timestamp":"2026-05-01T16:07:48.878Z"}
{"level":"info","message":"GET /css/base.css 304 - 3ms","timestamp":"2026-05-01T16:07:48.888Z"}
{"level":"info","message":"GET /css/layout.css 304 - 6ms","timestamp":"2026-05-01T16:07:48.893Z"}
{"level":"info","message":"GET /css/components.css 304 - 5ms","timestamp":"2026-05-01T16:07:48.895Z"}
{"level":"info","message":"GET /css/forms.css 304 - 7ms","timestamp":"2026-05-01T16:07:48.899Z"}
{"level":"info","message":"GET /css/tables.css 304 - 2ms","timestamp":"2026-05-01T16:07:48.902Z"}
{"level":"info","message":"GET /css/pages.css 304 - 3ms","timestamp":"2026-05-01T16:07:48.904Z"}
{"level":"info","message":"GET /css/ppt.css 304 - 6ms","timestamp":"2026-05-01T16:07:48.907Z"}
{"level":"info","message":"GET /css/utilities.css 304 - 3ms","timestamp":"2026-05-01T16:07:48.909Z"}
{"level":"info","message":"GET /js/helpers.js 304 - 4ms","timestamp":"2026-05-01T16:07:49.028Z"}
{"level":"info","message":"GET /js/dealForm.js 304 - 4ms","timestamp":"2026-05-01T16:07:49.029Z"}
{"level":"info","message":"GET /js/ppt.js 304 - 5ms","timestamp":"2026-05-01T16:07:49.031Z"}
{"level":"info","message":"GET /js/records.js 304 - 6ms","timestamp":"2026-05-01T16:07:49.033Z"}
{"level":"info","message":"GET /js/summary.js 304 - 3ms","timestamp":"2026-05-01T16:07:49.035Z"}
{"level":"info","message":"GET /js/health.js 304 - 3ms","timestamp":"2026-05-01T16:07:49.040Z"}
{"level":"info","message":"GET /js/ui.js 304 - 6ms","timestamp":"2026-05-01T16:07:49.045Z"}
{"level":"info","message":"GET /components/topbar.html 304 - 1ms","timestamp":"2026-05-01T16:07:49.052Z"}
{"level":"info","message":"GET /components/sidebar.html 304 - 2ms","timestamp":"2026-05-01T16:07:49.053Z"}
{"level":"info","message":"GET /favicon.ico 304 - 3ms","timestamp":"2026-05-01T16:07:49.060Z"}
{"level":"info","message":"GET /pages/new-deal.html 304 - 5ms","timestamp":"2026-05-01T16:07:49.079Z"}
{"level":"info","message":"GET /pages/records.html 304 - 7ms","timestamp":"2026-05-01T16:07:49.082Z"}
{"level":"info","message":"GET /pages/summary.html 304 - 9ms","timestamp":"2026-05-01T16:07:49.086Z"}
{"level":"info","message":"GET /pages/health.html 304 - 3ms","timestamp":"2026-05-01T16:07:49.087Z"}
{"level":"info","message":"GET /pages/calculator.html 304 - 3ms","timestamp":"2026-05-01T16:07:49.089Z"}
{"level":"info","message":"GET /api/deals 304 - 19ms","timestamp":"2026-05-01T16:07:49.122Z"}
{"level":"info","message":"GET /pages/calculator/hyundai_kia_bulk_insurance_calculator.html 304 - 17ms","timestamp":"2026-05-01T16:07:49.125Z"}
{"level":"info","message":"GET / 304 - 37ms","timestamp":"2026-05-01T16:14:12.028Z"}
{"level":"info","message":"GET /js/main.js 304 - 31ms","timestamp":"2026-05-01T16:14:12.264Z"}
{"level":"info","message":"GET /css/style.css 304 - 52ms","timestamp":"2026-05-01T16:14:12.305Z"}
{"level":"info","message":"GET /css/base.css 304 - 13ms","timestamp":"2026-05-01T16:14:12.336Z"}
{"level":"info","message":"GET /css/layout.css 304 - 15ms","timestamp":"2026-05-01T16:14:12.340Z"}
{"level":"info","message":"GET /css/components.css 304 - 11ms","timestamp":"2026-05-01T16:14:12.343Z"}
{"level":"info","message":"GET /css/forms.css 304 - 22ms","timestamp":"2026-05-01T16:14:12.355Z"}
{"level":"info","message":"GET /css/pages.css 304 - 26ms","timestamp":"2026-05-01T16:14:12.360Z"}
{"level":"info","message":"GET /css/tables.css 304 - 35ms","timestamp":"2026-05-01T16:14:12.370Z"}
{"level":"info","message":"GET /css/ppt.css 304 - 4ms","timestamp":"2026-05-01T16:14:12.378Z"}
{"level":"info","message":"GET /css/utilities.css 304 - 7ms","timestamp":"2026-05-01T16:14:12.382Z"}
{"level":"info","message":"GET /js/helpers.js 304 - 4ms","timestamp":"2026-05-01T16:14:12.609Z"}
{"level":"info","message":"GET /js/dealForm.js 304 - 5ms","timestamp":"2026-05-01T16:14:12.612Z"}
{"level":"info","message":"GET /js/ppt.js 304 - 8ms","timestamp":"2026-05-01T16:14:12.616Z"}
{"level":"info","message":"GET /js/records.js 304 - 9ms","timestamp":"2026-05-01T16:14:12.617Z"}
{"level":"info","message":"GET /js/summary.js 304 - 9ms","timestamp":"2026-05-01T16:14:12.631Z"}
{"level":"info","message":"GET /js/ui.js 304 - 13ms","timestamp":"2026-05-01T16:14:12.634Z"}
{"level":"info","message":"GET /js/health.js 304 - 5ms","timestamp":"2026-05-01T16:14:12.642Z"}
{"level":"info","message":"GET /components/sidebar.html 304 - 4ms","timestamp":"2026-05-01T16:14:12.658Z"}
{"level":"info","message":"GET /components/topbar.html 304 - 5ms","timestamp":"2026-05-01T16:14:12.660Z"}
{"level":"info","message":"GET /favicon.ico 304 - 29ms","timestamp":"2026-05-01T16:14:12.684Z"}
{"level":"info","message":"GET /pages/summary.html 304 - 18ms","timestamp":"2026-05-01T16:14:12.687Z"}
{"level":"info","message":"GET /pages/new-deal.html 304 - 19ms","timestamp":"2026-05-01T16:14:12.689Z"}
{"level":"info","message":"GET /pages/records.html 304 - 12ms","timestamp":"2026-05-01T16:14:12.694Z"}
{"level":"info","message":"GET /pages/health.html 304 - 16ms","timestamp":"2026-05-01T16:14:12.698Z"}
{"level":"info","message":"GET /pages/calculator.html 304 - 21ms","timestamp":"2026-05-01T16:14:12.703Z"}
{"level":"info","message":"GET /pages/calculator/hyundai_kia_bulk_insurance_calculator.html 304 - 2ms","timestamp":"2026-05-01T16:14:12.931Z"}
{"level":"info","message":"GET /api/deals 304 - 78ms","timestamp":"2026-05-01T16:14:12.992Z"}
{"level":"info","message":"GET / 304 - 8ms","timestamp":"2026-05-01T16:14:51.493Z"}
{"level":"info","message":"GET /css/style.css 304 - 5ms","timestamp":"2026-05-01T16:14:51.572Z"}
{"level":"info","message":"GET /js/main.js 304 - 8ms","timestamp":"2026-05-01T16:14:51.576Z"}
{"level":"info","message":"GET /css/base.css 304 - 2ms","timestamp":"2026-05-01T16:14:51.582Z"}
{"level":"info","message":"GET /css/layout.css 304 - 4ms","timestamp":"2026-05-01T16:14:51.587Z"}
{"level":"info","message":"GET /css/components.css 304 - 5ms","timestamp":"2026-05-01T16:14:51.594Z"}
{"level":"info","message":"GET /css/forms.css 304 - 5ms","timestamp":"2026-05-01T16:14:51.596Z"}
{"level":"info","message":"GET /css/tables.css 304 - 9ms","timestamp":"2026-05-01T16:14:51.602Z"}
{"level":"info","message":"GET /css/pages.css 304 - 4ms","timestamp":"2026-05-01T16:14:51.605Z"}
{"level":"info","message":"GET /css/ppt.css 304 - 15ms","timestamp":"2026-05-01T16:14:51.615Z"}
{"level":"info","message":"GET /css/utilities.css 304 - 3ms","timestamp":"2026-05-01T16:14:51.617Z"}
{"level":"info","message":"GET /js/helpers.js 304 - 2ms","timestamp":"2026-05-01T16:14:51.767Z"}
{"level":"info","message":"GET /js/dealForm.js 304 - 2ms","timestamp":"2026-05-01T16:14:51.768Z"}
{"level":"info","message":"GET /js/ppt.js 304 - 7ms","timestamp":"2026-05-01T16:14:51.773Z"}
{"level":"info","message":"GET /js/records.js 304 - 8ms","timestamp":"2026-05-01T16:14:51.777Z"}
{"level":"info","message":"GET /js/summary.js 304 - 10ms","timestamp":"2026-05-01T16:14:51.780Z"}
{"level":"info","message":"GET /js/health.js 304 - 12ms","timestamp":"2026-05-01T16:14:51.783Z"}
{"level":"info","message":"GET /js/ui.js 304 - 4ms","timestamp":"2026-05-01T16:14:51.785Z"}
{"level":"info","message":"GET /components/topbar.html 304 - 3ms","timestamp":"2026-05-01T16:14:51.795Z"}
{"level":"info","message":"GET /components/sidebar.html 304 - 2ms","timestamp":"2026-05-01T16:14:51.796Z"}
{"level":"info","message":"GET /pages/new-deal.html 304 - 2ms","timestamp":"2026-05-01T16:14:51.804Z"}
{"level":"info","message":"GET /pages/records.html 304 - 4ms","timestamp":"2026-05-01T16:14:51.807Z"}
{"level":"info","message":"GET /pages/summary.html 304 - 10ms","timestamp":"2026-05-01T16:14:51.813Z"}
{"level":"info","message":"GET /pages/health.html 304 - 4ms","timestamp":"2026-05-01T16:14:51.815Z"}
{"level":"info","message":"GET /pages/calculator.html 200 - 12ms","timestamp":"2026-05-01T16:14:51.824Z"}
{"level":"info","message":"GET /favicon.ico 304 - 8ms","timestamp":"2026-05-01T16:14:51.826Z"}
{"level":"info","message":"GET /pages/calculator/hyundai_kia_bulk_insurance_calculator.html 304 - 1ms","timestamp":"2026-05-01T16:14:51.839Z"}
{"level":"info","message":"GET /api/deals 304 - 31ms","timestamp":"2026-05-01T16:14:51.865Z"}
{"level":"info","message":"GET / 200 - 30ms","timestamp":"2026-05-01T16:18:32.401Z"}
{"level":"info","message":"GET /css/style.css 304 - 28ms","timestamp":"2026-05-01T16:18:32.578Z"}
{"level":"info","message":"GET /js/main.js?v=2 200 - 54ms","timestamp":"2026-05-01T16:18:32.602Z"}
{"level":"info","message":"GET /css/base.css 304 - 24ms","timestamp":"2026-05-01T16:18:32.618Z"}
{"level":"info","message":"GET /css/components.css 304 - 24ms","timestamp":"2026-05-01T16:18:32.625Z"}
{"level":"info","message":"GET /css/layout.css 304 - 32ms","timestamp":"2026-05-01T16:18:32.632Z"}
{"level":"info","message":"GET /css/forms.css 304 - 15ms","timestamp":"2026-05-01T16:18:32.636Z"}
{"level":"info","message":"GET /css/tables.css 304 - 17ms","timestamp":"2026-05-01T16:18:32.639Z"}
{"level":"info","message":"GET /css/pages.css 304 - 3ms","timestamp":"2026-05-01T16:18:32.649Z"}
{"level":"info","message":"GET /css/ppt.css 304 - 4ms","timestamp":"2026-05-01T16:18:32.651Z"}
{"level":"info","message":"GET /css/utilities.css 304 - 13ms","timestamp":"2026-05-01T16:18:32.661Z"}
{"level":"info","message":"GET /js/records.js 304 - 5ms","timestamp":"2026-05-01T16:18:32.867Z"}
{"level":"info","message":"GET /js/summary.js 304 - 7ms","timestamp":"2026-05-01T16:18:32.870Z"}
{"level":"info","message":"GET /js/helpers.js 304 - 8ms","timestamp":"2026-05-01T16:18:32.872Z"}
{"level":"info","message":"GET /js/dealForm.js 304 - 10ms","timestamp":"2026-05-01T16:18:32.875Z"}
{"level":"info","message":"GET /js/ppt.js 304 - 16ms","timestamp":"2026-05-01T16:18:32.881Z"}
{"level":"info","message":"GET /js/health.js 304 - 18ms","timestamp":"2026-05-01T16:18:32.883Z"}
{"level":"info","message":"GET /js/ui.js 304 - 1ms","timestamp":"2026-05-01T16:18:32.888Z"}
{"level":"info","message":"GET /components/sidebar.html 304 - 2ms","timestamp":"2026-05-01T16:18:32.903Z"}
{"level":"info","message":"GET /components/topbar.html 304 - 14ms","timestamp":"2026-05-01T16:18:32.916Z"}
{"level":"info","message":"GET /pages/records.html 304 - 3ms","timestamp":"2026-05-01T16:18:33.069Z"}
{"level":"info","message":"GET /pages/new-deal.html 304 - 4ms","timestamp":"2026-05-01T16:18:33.071Z"}
{"level":"info","message":"GET /pages/health.html 304 - 6ms","timestamp":"2026-05-01T16:18:33.074Z"}
{"level":"info","message":"GET /favicon.ico 200 - 17ms","timestamp":"2026-05-01T16:18:33.080Z"}
{"level":"info","message":"GET /pages/summary.html 304 - 14ms","timestamp":"2026-05-01T16:18:33.086Z"}
{"level":"info","message":"GET /pages/calculator.html 304 - 22ms","timestamp":"2026-05-01T16:18:33.095Z"}
{"level":"info","message":"GET /pages/calculator/hyundai_kia_bulk_insurance_calculator.html 304 - 2ms","timestamp":"2026-05-01T16:18:33.251Z"}
{"level":"info","message":"GET /api/deals 304 - 120ms","timestamp":"2026-05-01T16:18:33.344Z"}
{"level":"info","message":"GET /api/deals/health 200 - 84ms","timestamp":"2026-05-01T16:18:39.301Z"}
{"level":"info","message":"GET /api/deals/health 200 - 9ms","timestamp":"2026-05-01T16:18:39.315Z"}
{"level":"info","message":"GET / 304 - 7ms","timestamp":"2026-05-01T16:18:40.010Z"}
{"level":"info","message":"GET /css/style.css 304 - 23ms","timestamp":"2026-05-01T16:18:40.096Z"}
{"level":"info","message":"GET /js/main.js?v=2 304 - 19ms","timestamp":"2026-05-01T16:18:40.113Z"}
{"level":"info","message":"GET /css/base.css 304 - 26ms","timestamp":"2026-05-01T16:18:40.142Z"}
{"level":"info","message":"GET /css/layout.css 304 - 13ms","timestamp":"2026-05-01T16:18:40.144Z"}
{"level":"info","message":"GET /css/components.css 304 - 12ms","timestamp":"2026-05-01T16:18:40.146Z"}
{"level":"info","message":"GET /css/forms.css 304 - 11ms","timestamp":"2026-05-01T16:18:40.148Z"}
{"level":"info","message":"GET /css/tables.css 304 - 10ms","timestamp":"2026-05-01T16:18:40.150Z"}
{"level":"info","message":"GET /css/pages.css 304 - 11ms","timestamp":"2026-05-01T16:18:40.152Z"}
{"level":"info","message":"GET /css/ppt.css 304 - 2ms","timestamp":"2026-05-01T16:18:40.159Z"}
{"level":"info","message":"GET /css/utilities.css 304 - 5ms","timestamp":"2026-05-01T16:18:40.163Z"}
{"level":"info","message":"GET /js/helpers.js 304 - 2ms","timestamp":"2026-05-01T16:18:40.298Z"}
{"level":"info","message":"GET /js/dealForm.js 304 - 3ms","timestamp":"2026-05-01T16:18:40.300Z"}
{"level":"info","message":"GET /js/ppt.js 304 - 4ms","timestamp":"2026-05-01T16:18:40.301Z"}
{"level":"info","message":"GET /js/records.js 304 - 11ms","timestamp":"2026-05-01T16:18:40.309Z"}
{"level":"info","message":"GET /js/summary.js 304 - 7ms","timestamp":"2026-05-01T16:18:40.312Z"}
{"level":"info","message":"GET /js/health.js 304 - 8ms","timestamp":"2026-05-01T16:18:40.314Z"}
{"level":"info","message":"GET /js/ui.js 304 - 2ms","timestamp":"2026-05-01T16:18:40.317Z"}
{"level":"info","message":"GET /components/topbar.html 304 - 4ms","timestamp":"2026-05-01T16:18:40.328Z"}
{"level":"info","message":"GET /components/sidebar.html 304 - 8ms","timestamp":"2026-05-01T16:18:40.333Z"}
{"level":"info","message":"GET /favicon.ico 304 - 7ms","timestamp":"2026-05-01T16:18:40.345Z"}
{"level":"info","message":"GET /pages/new-deal.html 304 - 8ms","timestamp":"2026-05-01T16:18:40.349Z"}
{"level":"info","message":"GET /pages/records.html 304 - 6ms","timestamp":"2026-05-01T16:18:40.353Z"}
{"level":"info","message":"GET /pages/summary.html 304 - 8ms","timestamp":"2026-05-01T16:18:40.359Z"}
{"level":"info","message":"GET /pages/health.html 304 - 13ms","timestamp":"2026-05-01T16:18:40.365Z"}
{"level":"info","message":"GET /pages/calculator.html 304 - 16ms","timestamp":"2026-05-01T16:18:40.368Z"}
{"level":"info","message":"GET /api/deals 304 - 36ms","timestamp":"2026-05-01T16:18:40.419Z"}
{"level":"info","message":"GET /pages/calculator/hyundai_kia_bulk_insurance_calculator.html 304 - 2ms","timestamp":"2026-05-01T16:18:40.422Z"}
{"level":"info","message":"GET / 304 - 38ms","timestamp":"2026-05-01T16:27:27.266Z"}
{"level":"info","message":"GET /css/style.css 304 - 6ms","timestamp":"2026-05-01T16:27:27.751Z"}
{"level":"info","message":"GET /js/main.js?v=2 304 - 1ms","timestamp":"2026-05-01T16:27:27.756Z"}
{"level":"info","message":"GET /css/base.css 304 - 2ms","timestamp":"2026-05-01T16:27:27.799Z"}
{"level":"info","message":"GET /css/layout.css 304 - 3ms","timestamp":"2026-05-01T16:27:27.801Z"}
{"level":"info","message":"GET /css/components.css 304 - 16ms","timestamp":"2026-05-01T16:27:27.821Z"}
{"level":"info","message":"GET /css/forms.css 304 - 26ms","timestamp":"2026-05-01T16:27:27.833Z"}
{"level":"info","message":"GET /css/tables.css 304 - 32ms","timestamp":"2026-05-01T16:27:27.840Z"}
{"level":"info","message":"GET /css/pages.css 304 - 30ms","timestamp":"2026-05-01T16:27:27.849Z"}
{"level":"info","message":"GET /css/ppt.css 304 - 3ms","timestamp":"2026-05-01T16:27:27.855Z"}
{"level":"info","message":"GET /css/utilities.css 304 - 5ms","timestamp":"2026-05-01T16:27:27.858Z"}
{"level":"info","message":"GET /js/helpers.js 304 - 7ms","timestamp":"2026-05-01T16:27:28.096Z"}
{"level":"info","message":"GET /js/dealForm.js 304 - 10ms","timestamp":"2026-05-01T16:27:28.099Z"}
{"level":"info","message":"GET /js/ppt.js 304 - 13ms","timestamp":"2026-05-01T16:27:28.102Z"}
{"level":"info","message":"GET /js/records.js 304 - 15ms","timestamp":"2026-05-01T16:27:28.105Z"}
{"level":"info","message":"GET /js/summary.js 304 - 18ms","timestamp":"2026-05-01T16:27:28.108Z"}
{"level":"info","message":"GET /js/health.js 304 - 21ms","timestamp":"2026-05-01T16:27:28.112Z"}
{"level":"info","message":"GET /js/ui.js 304 - 1ms","timestamp":"2026-05-01T16:27:28.117Z"}
{"level":"info","message":"GET /components/topbar.html 304 - 4ms","timestamp":"2026-05-01T16:27:28.130Z"}
{"level":"info","message":"GET /components/sidebar.html 304 - 10ms","timestamp":"2026-05-01T16:27:28.137Z"}
{"level":"info","message":"GET /pages/new-deal.html 304 - 6ms","timestamp":"2026-05-01T16:27:28.154Z"}
{"level":"info","message":"GET /pages/health.html 304 - 9ms","timestamp":"2026-05-01T16:27:28.157Z"}
{"level":"info","message":"GET /pages/records.html 304 - 12ms","timestamp":"2026-05-01T16:27:28.161Z"}
{"level":"info","message":"GET /pages/summary.html 304 - 15ms","timestamp":"2026-05-01T16:27:28.165Z"}
{"level":"info","message":"GET /pages/calculator.html 304 - 18ms","timestamp":"2026-05-01T16:27:28.169Z"}
{"level":"info","message":"GET /favicon.ico 304 - 25ms","timestamp":"2026-05-01T16:27:28.173Z"}
{"level":"info","message":"GET /pages/calculator/hyundai_kia_bulk_insurance_calculator.html 200 - 13ms","timestamp":"2026-05-01T16:27:28.269Z"}
{"level":"info","message":"GET /api/deals 304 - 264ms","timestamp":"2026-05-01T16:27:28.484Z"}
{"level":"error","message":"POST /api/insurance/bulk-process 404 - 6ms","timestamp":"2026-05-01T16:28:08.419Z"}
{"level":"info","message":"GET / 304 - 489ms","timestamp":"2026-05-02T08:25:58.013Z"}
{"level":"info","message":"GET /css/style.css 304 - 17ms","timestamp":"2026-05-02T08:25:58.146Z"}
{"level":"info","message":"GET /js/main.js?v=2 304 - 13ms","timestamp":"2026-05-02T08:25:58.209Z"}
{"level":"info","message":"GET /css/base.css 304 - 37ms","timestamp":"2026-05-02T08:25:58.277Z"}
{"level":"info","message":"GET /css/layout.css 304 - 52ms","timestamp":"2026-05-02T08:25:58.309Z"}
{"level":"info","message":"GET /css/components.css 304 - 80ms","timestamp":"2026-05-02T08:25:58.338Z"}
{"level":"info","message":"GET /css/forms.css 304 - 95ms","timestamp":"2026-05-02T08:25:58.354Z"}
{"level":"info","message":"GET /css/tables.css 304 - 127ms","timestamp":"2026-05-02T08:25:58.398Z"}
{"level":"info","message":"GET /css/pages.css 304 - 153ms","timestamp":"2026-05-02T08:25:58.424Z"}
{"level":"info","message":"GET /css/ppt.css 304 - 35ms","timestamp":"2026-05-02T08:25:58.497Z"}
{"level":"info","message":"GET /css/utilities.css 304 - 69ms","timestamp":"2026-05-02T08:25:58.529Z"}
{"level":"info","message":"GET /js/helpers.js 304 - 4ms","timestamp":"2026-05-02T08:25:58.773Z"}
{"level":"info","message":"GET /js/dealForm.js 304 - 10ms","timestamp":"2026-05-02T08:25:58.792Z"}
{"level":"info","message":"GET /js/ppt.js 304 - 16ms","timestamp":"2026-05-02T08:25:58.799Z"}
{"level":"info","message":"GET /js/records.js 304 - 18ms","timestamp":"2026-05-02T08:25:58.805Z"}
{"level":"info","message":"GET /js/health.js 304 - 20ms","timestamp":"2026-05-02T08:25:58.810Z"}
{"level":"info","message":"GET /js/summary.js 304 - 2ms","timestamp":"2026-05-02T08:25:58.815Z"}
{"level":"info","message":"GET /js/ui.js 304 - 11ms","timestamp":"2026-05-02T08:25:58.825Z"}
{"level":"info","message":"GET /components/sidebar.html 304 - 13ms","timestamp":"2026-05-02T08:25:58.859Z"}
{"level":"info","message":"GET /components/topbar.html 304 - 19ms","timestamp":"2026-05-02T08:25:58.865Z"}
{"level":"info","message":"GET /favicon.ico 304 - 28ms","timestamp":"2026-05-02T08:25:58.877Z"}
{"level":"info","message":"GET /pages/new-deal.html 304 - 40ms","timestamp":"2026-05-02T08:25:59.062Z"}
{"level":"info","message":"GET /pages/records.html 304 - 70ms","timestamp":"2026-05-02T08:25:59.093Z"}
{"level":"info","message":"GET /pages/summary.html 304 - 69ms","timestamp":"2026-05-02T08:25:59.111Z"}
{"level":"info","message":"GET /pages/calculator.html 304 - 72ms","timestamp":"2026-05-02T08:25:59.125Z"}
{"level":"info","message":"GET /pages/health.html 304 - 83ms","timestamp":"2026-05-02T08:25:59.144Z"}
{"level":"info","message":"GET /pages/calculator/hyundai_kia_bulk_insurance_calculator.html 200 - 29ms","timestamp":"2026-05-02T08:25:59.299Z"}
{"level":"info","message":"GET /api/deals 304 - 376ms","timestamp":"2026-05-02T08:25:59.611Z"}
{"level":"info","message":"DELETE /api/deals/69f1f358559579db1971d6a6 200 - 173ms","timestamp":"2026-05-02T08:27:48.593Z"}
{"level":"info","message":"GET /api/deals 200 - 32ms","timestamp":"2026-05-02T08:27:48.633Z"}
{"level":"info","message":"GET /uploads/1777484435683-801786388-hyundai_kia_insurance_calculator.html 200 - 8ms","timestamp":"2026-05-02T08:29:00.350Z"}
{"level":"info","message":"GET /favicon.ico 304 - 2ms","timestamp":"2026-05-02T08:29:00.855Z"}
{"level":"info","message":"GET /api/deals/health 200 - 114ms","timestamp":"2026-05-02T08:30:00.076Z"}
{"level":"info","message":"GET /api/deals/health 200 - 18ms","timestamp":"2026-05-02T08:30:00.100Z"}
{"level":"info","message":"GET / 304 - 107ms","timestamp":"2026-05-02T12:08:43.725Z"}
{"level":"info","message":"GET /css/style.css 304 - 182ms","timestamp":"2026-05-02T12:08:44.448Z"}
{"level":"info","message":"GET /js/main.js?v=2 304 - 203ms","timestamp":"2026-05-02T12:08:44.589Z"}
{"level":"info","message":"GET /css/base.css 304 - 80ms","timestamp":"2026-05-02T12:08:44.737Z"}
{"level":"info","message":"GET /css/tables.css 304 - 46ms","timestamp":"2026-05-02T12:08:44.757Z"}
{"level":"info","message":"GET /css/layout.css 304 - 108ms","timestamp":"2026-05-02T12:08:44.825Z"}
{"level":"info","message":"GET /css/components.css 304 - 121ms","timestamp":"2026-05-02T12:08:44.848Z"}
{"level":"info","message":"GET /css/forms.css 304 - 126ms","timestamp":"2026-05-02T12:08:44.854Z"}
{"level":"info","message":"GET /css/pages.css 304 - 129ms","timestamp":"2026-05-02T12:08:44.858Z"}
{"level":"info","message":"GET /css/ppt.css 304 - 7ms","timestamp":"2026-05-02T12:08:44.870Z"}
{"level":"info","message":"GET /css/utilities.css 304 - 11ms","timestamp":"2026-05-02T12:08:44.876Z"}
{"level":"info","message":"GET /js/helpers.js 304 - 7ms","timestamp":"2026-05-02T12:08:45.262Z"}
{"level":"info","message":"GET /js/ui.js 304 - 7ms","timestamp":"2026-05-02T12:08:45.270Z"}
{"level":"info","message":"GET /js/dealForm.js 304 - 14ms","timestamp":"2026-05-02T12:08:45.294Z"}
{"level":"info","message":"GET /js/ppt.js 304 - 18ms","timestamp":"2026-05-02T12:08:45.307Z"}
{"level":"info","message":"GET /js/records.js 304 - 33ms","timestamp":"2026-05-02T12:08:45.323Z"}
{"level":"info","message":"GET /js/summary.js 304 - 39ms","timestamp":"2026-05-02T12:08:45.330Z"}
{"level":"info","message":"GET /js/health.js 304 - 49ms","timestamp":"2026-05-02T12:08:45.341Z"}
{"level":"info","message":"GET /components/topbar.html 304 - 11ms","timestamp":"2026-05-02T12:08:45.357Z"}
{"level":"info","message":"GET /components/sidebar.html 304 - 17ms","timestamp":"2026-05-02T12:08:45.365Z"}
{"level":"info","message":"GET /favicon.ico 304 - 39ms","timestamp":"2026-05-02T12:08:45.424Z"}
{"level":"info","message":"GET /pages/summary.html 304 - 13ms","timestamp":"2026-05-02T12:08:45.534Z"}
{"level":"info","message":"GET /pages/new-deal.html 304 - 70ms","timestamp":"2026-05-02T12:08:45.592Z"}
{"level":"info","message":"GET /pages/records.html 304 - 109ms","timestamp":"2026-05-02T12:08:45.632Z"}
{"level":"info","message":"GET /pages/calculator.html 304 - 124ms","timestamp":"2026-05-02T12:08:45.648Z"}
{"level":"info","message":"GET /pages/health.html 304 - 133ms","timestamp":"2026-05-02T12:08:45.659Z"}
{"level":"info","message":"GET /pages/calculator/hyundai_kia_bulk_insurance_calculator.html 304 - 16ms","timestamp":"2026-05-02T12:08:45.781Z"}
{"level":"info","message":"GET /api/deals 304 - 776ms","timestamp":"2026-05-02T12:08:46.508Z"}
{"level":"info","message":"GET /api/deals/health 200 - 159ms","timestamp":"2026-05-02T12:09:02.543Z"}
{"level":"info","message":"GET /api/deals/health 200 - 25ms","timestamp":"2026-05-02T12:09:02.576Z"}
{"level":"error","message":"POST /api/insurance/bulk-process 404 - 4ms","timestamp":"2026-05-02T12:09:13.323Z"}
{"level":"info","message":"GET /api/deals/health 200 - 17ms","timestamp":"2026-05-02T12:09:32.046Z"}
{"level":"info","message":"GET /api/deals/health 200 - 15ms","timestamp":"2026-05-02T12:09:32.066Z"}
{"level":"info","message":"GET /api/deals/health 200 - 14ms","timestamp":"2026-05-02T12:09:34.652Z"}
{"level":"info","message":"GET /api/deals/health 200 - 23ms","timestamp":"2026-05-02T12:09:34.681Z"}
{"level":"info","message":"GET / 304 - 157ms","timestamp":"2026-05-02T12:47:44.410Z"}
{"level":"info","message":"GET /css/style.css 304 - 4ms","timestamp":"2026-05-02T12:47:44.560Z"}
{"level":"info","message":"GET /js/main.js?v=2 304 - 11ms","timestamp":"2026-05-02T12:47:44.576Z"}
{"level":"info","message":"GET /css/base.css 304 - 12ms","timestamp":"2026-05-02T12:47:44.596Z"}
{"level":"info","message":"GET /css/layout.css 304 - 11ms","timestamp":"2026-05-02T12:47:44.601Z"}
{"level":"info","message":"GET /css/components.css 304 - 13ms","timestamp":"2026-05-02T12:47:44.604Z"}
{"level":"info","message":"GET /css/pages.css 304 - 4ms","timestamp":"2026-05-02T12:47:44.612Z"}
{"level":"info","message":"GET /css/forms.css 304 - 12ms","timestamp":"2026-05-02T12:47:44.621Z"}
{"level":"info","message":"GET /css/tables.css 304 - 16ms","timestamp":"2026-05-02T12:47:44.625Z"}
{"level":"info","message":"GET /css/ppt.css 304 - 9ms","timestamp":"2026-05-02T12:47:44.637Z"}
{"level":"info","message":"GET /css/utilities.css 304 - 14ms","timestamp":"2026-05-02T12:47:44.643Z"}
{"level":"info","message":"GET /js/helpers.js 304 - 4ms","timestamp":"2026-05-02T12:47:44.963Z"}
{"level":"info","message":"GET /js/dealForm.js 304 - 10ms","timestamp":"2026-05-02T12:47:44.970Z"}
{"level":"info","message":"GET /js/ppt.js 304 - 11ms","timestamp":"2026-05-02T12:47:44.972Z"}
{"level":"info","message":"GET /js/records.js 304 - 13ms","timestamp":"2026-05-02T12:47:44.975Z"}
{"level":"info","message":"GET /js/summary.js 304 - 17ms","timestamp":"2026-05-02T12:47:44.979Z"}
{"level":"info","message":"GET /js/health.js 304 - 12ms","timestamp":"2026-05-02T12:47:44.997Z"}
{"level":"info","message":"GET /js/ui.js 304 - 15ms","timestamp":"2026-05-02T12:47:45.001Z"}
{"level":"info","message":"GET /components/sidebar.html 304 - 7ms","timestamp":"2026-05-02T12:47:45.019Z"}
{"level":"info","message":"GET /components/topbar.html 304 - 46ms","timestamp":"2026-05-02T12:47:45.062Z"}
{"level":"info","message":"GET /favicon.ico 304 - 5ms","timestamp":"2026-05-02T12:47:45.183Z"}
{"level":"info","message":"GET /pages/new-deal.html 304 - 6ms","timestamp":"2026-05-02T12:47:45.186Z"}
{"level":"info","message":"GET /pages/records.html 304 - 2ms","timestamp":"2026-05-02T12:47:45.190Z"}
{"level":"info","message":"GET /pages/summary.html 304 - 6ms","timestamp":"2026-05-02T12:47:45.195Z"}
{"level":"info","message":"GET /pages/health.html 304 - 10ms","timestamp":"2026-05-02T12:47:45.199Z"}
{"level":"info","message":"GET /pages/calculator.html 304 - 11ms","timestamp":"2026-05-02T12:47:45.200Z"}
{"level":"info","message":"GET /pages/calculator/hyundai_kia_bulk_insurance_calculator.html 200 - 34ms","timestamp":"2026-05-02T12:47:45.453Z"}
{"level":"info","message":"GET /pages/calculator/css/style.css 200 - 7ms","timestamp":"2026-05-02T12:47:45.477Z"}
{"level":"info","message":"GET /pages/calculator/js/main.js?v=2 200 - 11ms","timestamp":"2026-05-02T12:47:45.482Z"}
{"level":"info","message":"GET /api/deals 304 - 288ms","timestamp":"2026-05-02T12:47:45.629Z"}
{"level":"info","message":"GET /pages/calculator/Insurance_Pro_updated.html 200 - 36ms","timestamp":"2026-05-02T13:32:51.119Z"}
{"level":"info","message":"GET /pages/index.html 200 - 2ms","timestamp":"2026-05-02T13:33:18.270Z"}
{"level":"info","message":"GET /pages/css/style.css 200 - 83ms","timestamp":"2026-05-02T13:33:18.526Z"}
{"level":"info","message":"GET /pages/js/main.js?v=2 200 - 91ms","timestamp":"2026-05-02T13:33:18.541Z"}
{"level":"info","message":"GET /favicon.ico 304 - 4ms","timestamp":"2026-05-02T13:33:18.711Z"}
{"level":"info","message":"GET /pages/index.html 304 - 4ms","timestamp":"2026-05-02T13:33:31.145Z"}
{"level":"info","message":"GET /pages/css/style.css 304 - 4ms","timestamp":"2026-05-02T13:33:31.164Z"}
{"level":"info","message":"GET /pages/js/main.js?v=2 304 - 4ms","timestamp":"2026-05-02T13:33:31.166Z"}
{"level":"info","message":"GET /favicon.ico 304 - 1ms","timestamp":"2026-05-02T13:33:31.250Z"}
{"level":"info","message":"GET /pages/index.html 304 - 1ms","timestamp":"2026-05-02T13:33:33.850Z"}
{"level":"info","message":"GET /pages/css/style.css 304 - 3ms","timestamp":"2026-05-02T13:33:33.889Z"}
{"level":"info","message":"GET /pages/js/main.js?v=2 304 - 6ms","timestamp":"2026-05-02T13:33:33.893Z"}
{"level":"info","message":"GET /favicon.ico 304 - 1ms","timestamp":"2026-05-02T13:33:33.980Z"}
{"level":"info","message":"GET / 304 - 35ms","timestamp":"2026-05-02T13:48:35.088Z"}
{"level":"info","message":"GET /css/style.css 304 - 26ms","timestamp":"2026-05-02T13:48:35.382Z"}
{"level":"info","message":"GET /js/main.js?v=2 304 - 42ms","timestamp":"2026-05-02T13:48:35.403Z"}
{"level":"info","message":"GET /css/base.css 304 - 23ms","timestamp":"2026-05-02T13:48:35.428Z"}
{"level":"info","message":"GET /css/layout.css 304 - 30ms","timestamp":"2026-05-02T13:48:35.438Z"}
{"level":"info","message":"GET /css/components.css 304 - 10ms","timestamp":"2026-05-02T13:48:35.451Z"}
{"level":"info","message":"GET /css/forms.css 304 - 11ms","timestamp":"2026-05-02T13:48:35.453Z"}
{"level":"info","message":"GET /css/tables.css 304 - 18ms","timestamp":"2026-05-02T13:48:35.467Z"}
{"level":"info","message":"GET /css/ppt.css 304 - 20ms","timestamp":"2026-05-02T13:48:35.469Z"}
{"level":"info","message":"GET /css/utilities.css 304 - 4ms","timestamp":"2026-05-02T13:48:35.474Z"}
{"level":"info","message":"GET /css/pages.css 200 - 38ms","timestamp":"2026-05-02T13:48:35.484Z"}
{"level":"info","message":"GET /js/helpers.js 304 - 1ms","timestamp":"2026-05-02T13:48:35.635Z"}
{"level":"info","message":"GET /js/dealForm.js 304 - 1ms","timestamp":"2026-05-02T13:48:35.635Z"}
{"level":"info","message":"GET /js/ppt.js 304 - 2ms","timestamp":"2026-05-02T13:48:35.636Z"}
{"level":"info","message":"GET /js/records.js 304 - 5ms","timestamp":"2026-05-02T13:48:35.639Z"}
{"level":"info","message":"GET /js/summary.js 304 - 6ms","timestamp":"2026-05-02T13:48:35.643Z"}
{"level":"info","message":"GET /js/health.js 304 - 9ms","timestamp":"2026-05-02T13:48:35.647Z"}
{"level":"info","message":"GET /js/ui.js 200 - 3ms","timestamp":"2026-05-02T13:48:35.650Z"}
{"level":"info","message":"GET /components/sidebar.html 304 - 3ms","timestamp":"2026-05-02T13:48:35.667Z"}
{"level":"info","message":"GET /components/topbar.html 304 - 4ms","timestamp":"2026-05-02T13:48:35.670Z"}
{"level":"info","message":"GET /favicon.ico 304 - 17ms","timestamp":"2026-05-02T13:48:35.689Z"}
{"level":"info","message":"GET /pages/records.html 304 - 15ms","timestamp":"2026-05-02T13:48:35.698Z"}
{"level":"info","message":"GET /pages/new-deal.html 304 - 17ms","timestamp":"2026-05-02T13:48:35.701Z"}
{"level":"info","message":"GET /pages/summary.html 304 - 5ms","timestamp":"2026-05-02T13:48:35.704Z"}
{"level":"info","message":"GET /pages/health.html 304 - 8ms","timestamp":"2026-05-02T13:48:35.708Z"}
{"level":"info","message":"GET /pages/calculator.html 200 - 19ms","timestamp":"2026-05-02T13:48:35.719Z"}
{"level":"info","message":"GET /api/deals 304 - 175ms","timestamp":"2026-05-02T13:48:35.939Z"}
{"level":"info","message":"GET /pages/calculator/Insurance_Pro_updated.html 200 - 10ms","timestamp":"2026-05-02T13:48:38.247Z"}
{"level":"info","message":"GET / 304 - 246ms","timestamp":"2026-05-02T14:58:52.938Z"}
{"level":"info","message":"GET /css/style.css 304 - 5ms","timestamp":"2026-05-02T14:58:53.031Z"}
{"level":"info","message":"GET /js/main.js?v=2 304 - 9ms","timestamp":"2026-05-02T14:58:53.037Z"}
{"level":"info","message":"GET /css/base.css 304 - 8ms","timestamp":"2026-05-02T14:58:53.059Z"}
{"level":"info","message":"GET /css/layout.css 304 - 11ms","timestamp":"2026-05-02T14:58:53.064Z"}
{"level":"info","message":"GET /css/forms.css 304 - 34ms","timestamp":"2026-05-02T14:58:53.117Z"}
{"level":"info","message":"GET /css/tables.css 304 - 35ms","timestamp":"2026-05-02T14:58:53.119Z"}
{"level":"info","message":"GET /css/pages.css 304 - 51ms","timestamp":"2026-05-02T14:58:53.136Z"}
{"level":"info","message":"GET /css/components.css 304 - 56ms","timestamp":"2026-05-02T14:58:53.171Z"}
{"level":"info","message":"GET /css/ppt.css 304 - 23ms","timestamp":"2026-05-02T14:58:53.177Z"}
{"level":"info","message":"GET /css/utilities.css 304 - 19ms","timestamp":"2026-05-02T14:58:53.183Z"}
{"level":"info","message":"GET /js/helpers.js 304 - 37ms","timestamp":"2026-05-02T14:58:53.483Z"}
{"level":"info","message":"GET /js/ppt.js 304 - 44ms","timestamp":"2026-05-02T14:58:53.497Z"}
{"level":"info","message":"GET /js/dealForm.js 304 - 54ms","timestamp":"2026-05-02T14:58:53.505Z"}
{"level":"info","message":"GET /js/records.js 304 - 50ms","timestamp":"2026-05-02T14:58:53.515Z"}
{"level":"info","message":"GET /js/summary.js 304 - 7ms","timestamp":"2026-05-02T14:58:53.538Z"}
{"level":"info","message":"GET /js/ui.js 304 - 17ms","timestamp":"2026-05-02T14:58:53.549Z"}
{"level":"info","message":"GET /js/health.js 304 - 23ms","timestamp":"2026-05-02T14:58:53.557Z"}
{"level":"info","message":"GET /components/topbar.html 304 - 10ms","timestamp":"2026-05-02T14:58:53.605Z"}
{"level":"info","message":"GET /components/sidebar.html 304 - 27ms","timestamp":"2026-05-02T14:58:53.631Z"}
{"level":"info","message":"GET /favicon.ico 304 - 135ms","timestamp":"2026-05-02T14:58:53.761Z"}
{"level":"info","message":"GET /pages/new-deal.html 304 - 67ms","timestamp":"2026-05-02T14:58:53.764Z"}
{"level":"info","message":"GET /pages/records.html 304 - 86ms","timestamp":"2026-05-02T14:58:53.783Z"}
{"level":"info","message":"GET /pages/summary.html 304 - 127ms","timestamp":"2026-05-02T14:58:53.843Z"}
{"level":"info","message":"GET /pages/health.html 304 - 152ms","timestamp":"2026-05-02T14:58:53.884Z"}
{"level":"info","message":"GET /pages/calculator.html 304 - 171ms","timestamp":"2026-05-02T14:58:53.903Z"}
{"level":"info","message":"GET /api/deals 304 - 737ms","timestamp":"2026-05-02T14:58:54.831Z"}
{"level":"info","message":"GET /pages/calculator/Insurance_Pro_updated.html 304 - 1ms","timestamp":"2026-05-02T14:59:00.051Z"}
{"level":"info","message":"GET / 304 - 19ms","timestamp":"2026-05-02T15:04:08.105Z"}
{"level":"info","message":"GET /css/style.css 304 - 43ms","timestamp":"2026-05-02T15:04:08.324Z"}
{"level":"info","message":"GET /js/main.js?v=2 304 - 66ms","timestamp":"2026-05-02T15:04:08.359Z"}
{"level":"info","message":"GET /css/base.css 304 - 35ms","timestamp":"2026-05-02T15:04:08.408Z"}
{"level":"info","message":"GET /css/pages.css 304 - 18ms","timestamp":"2026-05-02T15:04:08.416Z"}
{"level":"info","message":"GET /css/layout.css 304 - 24ms","timestamp":"2026-05-02T15:04:08.420Z"}
{"level":"info","message":"GET /css/components.css 304 - 29ms","timestamp":"2026-05-02T15:04:08.428Z"}
{"level":"info","message":"GET /css/forms.css 304 - 36ms","timestamp":"2026-05-02T15:04:08.436Z"}
{"level":"info","message":"GET /css/tables.css 304 - 43ms","timestamp":"2026-05-02T15:04:08.446Z"}
{"level":"info","message":"GET /css/ppt.css 304 - 17ms","timestamp":"2026-05-02T15:04:08.485Z"}
{"level":"info","message":"GET /css/utilities.css 304 - 19ms","timestamp":"2026-05-02T15:04:08.492Z"}
{"level":"info","message":"GET /js/dealForm.js 304 - 3ms","timestamp":"2026-05-02T15:04:08.673Z"}
{"level":"info","message":"GET /js/helpers.js 304 - 6ms","timestamp":"2026-05-02T15:04:08.677Z"}
{"level":"info","message":"GET /js/ppt.js 304 - 7ms","timestamp":"2026-05-02T15:04:08.679Z"}
{"level":"info","message":"GET /js/ui.js 304 - 10ms","timestamp":"2026-05-02T15:04:08.683Z"}
{"level":"info","message":"GET /js/records.js 304 - 6ms","timestamp":"2026-05-02T15:04:08.686Z"}
{"level":"info","message":"GET /js/summary.js 304 - 8ms","timestamp":"2026-05-02T15:04:08.689Z"}
{"level":"info","message":"GET /js/health.js 304 - 3ms","timestamp":"2026-05-02T15:04:08.691Z"}
{"level":"info","message":"GET /components/topbar.html 304 - 3ms","timestamp":"2026-05-02T15:04:08.703Z"}
{"level":"info","message":"GET /components/sidebar.html 304 - 5ms","timestamp":"2026-05-02T15:04:08.705Z"}
{"level":"info","message":"GET /pages/new-deal.html 304 - 6ms","timestamp":"2026-05-02T15:04:08.719Z"}
{"level":"info","message":"GET /pages/records.html 304 - 8ms","timestamp":"2026-05-02T15:04:08.723Z"}
{"level":"info","message":"GET /pages/summary.html 304 - 8ms","timestamp":"2026-05-02T15:04:08.724Z"}
{"level":"info","message":"GET /pages/health.html 304 - 9ms","timestamp":"2026-05-02T15:04:08.727Z"}
{"level":"info","message":"GET /pages/calculator.html 304 - 5ms","timestamp":"2026-05-02T15:04:08.730Z"}
{"level":"info","message":"GET /favicon.ico 304 - 11ms","timestamp":"2026-05-02T15:04:08.737Z"}
{"level":"info","message":"GET /api/deals 304 - 162ms","timestamp":"2026-05-02T15:04:09.085Z"}
{"level":"info","message":"GET /pages/calculator/Insurance_Pro_updated.html 200 - 10ms","timestamp":"2026-05-02T15:04:10.830Z"}
{"level":"info","message":"GET / 304 - 5ms","timestamp":"2026-05-02T15:06:50.441Z"}
{"level":"info","message":"GET /css/style.css 304 - 3ms","timestamp":"2026-05-02T15:06:50.626Z"}
{"level":"info","message":"GET /js/main.js?v=2 304 - 8ms","timestamp":"2026-05-02T15:06:50.632Z"}
{"level":"info","message":"GET /css/base.css 304 - 11ms","timestamp":"2026-05-02T15:06:50.681Z"}
{"level":"info","message":"GET /css/layout.css 304 - 16ms","timestamp":"2026-05-02T15:06:50.687Z"}
{"level":"info","message":"GET /css/forms.css 304 - 9ms","timestamp":"2026-05-02T15:06:50.702Z"}
{"level":"info","message":"GET /css/components.css 304 - 14ms","timestamp":"2026-05-02T15:06:50.708Z"}
{"level":"info","message":"GET /css/ppt.css 304 - 16ms","timestamp":"2026-05-02T15:06:50.712Z"}
{"level":"info","message":"GET /css/utilities.css 304 - 10ms","timestamp":"2026-05-02T15:06:50.727Z"}
{"level":"info","message":"GET /css/tables.css 304 - 16ms","timestamp":"2026-05-02T15:06:50.734Z"}
{"level":"info","message":"GET /css/pages.css 304 - 17ms","timestamp":"2026-05-02T15:06:50.737Z"}
{"level":"info","message":"GET /js/helpers.js 304 - 1ms","timestamp":"2026-05-02T15:06:50.937Z"}
{"level":"info","message":"GET /js/dealForm.js 304 - 2ms","timestamp":"2026-05-02T15:06:50.938Z"}
{"level":"info","message":"GET /js/ppt.js 304 - 4ms","timestamp":"2026-05-02T15:06:50.940Z"}
{"level":"info","message":"GET /js/records.js 304 - 4ms","timestamp":"2026-05-02T15:06:50.945Z"}
{"level":"info","message":"GET /js/summary.js 304 - 4ms","timestamp":"2026-05-02T15:06:50.947Z"}
{"level":"info","message":"GET /js/health.js 304 - 6ms","timestamp":"2026-05-02T15:06:50.949Z"}
{"level":"info","message":"GET /js/ui.js 304 - 1ms","timestamp":"2026-05-02T15:06:50.952Z"}
{"level":"info","message":"GET /components/topbar.html 304 - 2ms","timestamp":"2026-05-02T15:06:50.961Z"}
{"level":"info","message":"GET /components/sidebar.html 304 - 4ms","timestamp":"2026-05-02T15:06:50.965Z"}
{"level":"info","message":"GET /favicon.ico 304 - 3ms","timestamp":"2026-05-02T15:06:50.978Z"}
{"level":"info","message":"GET /pages/new-deal.html 304 - 4ms","timestamp":"2026-05-02T15:06:50.988Z"}
{"level":"info","message":"GET /pages/records.html 304 - 5ms","timestamp":"2026-05-02T15:06:50.990Z"}
{"level":"info","message":"GET /pages/summary.html 304 - 5ms","timestamp":"2026-05-02T15:06:50.998Z"}
{"level":"info","message":"GET /pages/health.html 304 - 4ms","timestamp":"2026-05-02T15:06:51.002Z"}
{"level":"info","message":"GET /pages/calculator.html 304 - 8ms","timestamp":"2026-05-02T15:06:51.005Z"}
{"level":"info","message":"GET /api/deals 304 - 18ms","timestamp":"2026-05-02T15:06:51.194Z"}
{"level":"info","message":"GET /pages/calculator/Insurance_Pro_updated.html 200 - 10ms","timestamp":"2026-05-02T15:06:52.987Z"}
{"level":"info","message":"GET / 304 - 5ms","timestamp":"2026-05-02T15:09:01.950Z"}
{"level":"info","message":"GET /css/style.css 304 - 2ms","timestamp":"2026-05-02T15:09:01.980Z"}
{"level":"info","message":"GET /js/main.js?v=2 304 - 9ms","timestamp":"2026-05-02T15:09:01.987Z"}
{"level":"info","message":"GET /css/base.css 304 - 3ms","timestamp":"2026-05-02T15:09:01.993Z"}
{"level":"info","message":"GET /css/layout.css 304 - 3ms","timestamp":"2026-05-02T15:09:02.006Z"}
{"level":"info","message":"GET /css/components.css 304 - 5ms","timestamp":"2026-05-02T15:09:02.009Z"}
{"level":"info","message":"GET /css/forms.css 304 - 7ms","timestamp":"2026-05-02T15:09:02.011Z"}
{"level":"info","message":"GET /css/tables.css 304 - 13ms","timestamp":"2026-05-02T15:09:02.018Z"}
{"level":"info","message":"GET /css/ppt.css 304 - 5ms","timestamp":"2026-05-02T15:09:02.021Z"}
{"level":"info","message":"GET /css/utilities.css 304 - 8ms","timestamp":"2026-05-02T15:09:02.024Z"}
{"level":"info","message":"GET /css/pages.css 304 - 1ms","timestamp":"2026-05-02T15:09:02.026Z"}
{"level":"info","message":"GET /js/helpers.js 304 - 5ms","timestamp":"2026-05-02T15:09:02.174Z"}
{"level":"info","message":"GET /js/dealForm.js 304 - 6ms","timestamp":"2026-05-02T15:09:02.176Z"}
{"level":"info","message":"GET /js/ppt.js 304 - 8ms","timestamp":"2026-05-02T15:09:02.178Z"}
{"level":"info","message":"GET /js/records.js 304 - 9ms","timestamp":"2026-05-02T15:09:02.180Z"}
{"level":"info","message":"GET /js/summary.js 304 - 16ms","timestamp":"2026-05-02T15:09:02.188Z"}
{"level":"info","message":"GET /js/health.js 304 - 19ms","timestamp":"2026-05-02T15:09:02.191Z"}
{"level":"info","message":"GET /js/ui.js 304 - 2ms","timestamp":"2026-05-02T15:09:02.194Z"}
{"level":"info","message":"GET /components/topbar.html 304 - 3ms","timestamp":"2026-05-02T15:09:02.204Z"}
{"level":"info","message":"GET /components/sidebar.html 304 - 4ms","timestamp":"2026-05-02T15:09:02.206Z"}
{"level":"info","message":"GET /pages/new-deal.html 304 - 7ms","timestamp":"2026-05-02T15:09:02.221Z"}
{"level":"info","message":"GET /pages/records.html 304 - 7ms","timestamp":"2026-05-02T15:09:02.223Z"}
{"level":"info","message":"GET /pages/summary.html 304 - 9ms","timestamp":"2026-05-02T15:09:02.226Z"}
{"level":"info","message":"GET /pages/health.html 304 - 5ms","timestamp":"2026-05-02T15:09:02.237Z"}
{"level":"info","message":"GET /pages/calculator.html 304 - 11ms","timestamp":"2026-05-02T15:09:02.240Z"}
{"level":"info","message":"GET /favicon.ico 304 - 13ms","timestamp":"2026-05-02T15:09:02.243Z"}
{"level":"info","message":"GET /api/deals 304 - 22ms","timestamp":"2026-05-02T15:09:02.282Z"}
{"level":"info","message":"GET /pages/calculator/Insurance_Pro_updated.html 200 - 3ms","timestamp":"2026-05-02T15:09:03.763Z"}
{"level":"info","message":"GET / 304 - 11ms","timestamp":"2026-05-02T15:11:28.607Z"}
{"level":"info","message":"GET /css/style.css 304 - 3ms","timestamp":"2026-05-02T15:11:28.815Z"}
{"level":"info","message":"GET /js/main.js?v=2 304 - 20ms","timestamp":"2026-05-02T15:11:28.833Z"}
{"level":"info","message":"GET /css/base.css 304 - 6ms","timestamp":"2026-05-02T15:11:29.045Z"}
{"level":"info","message":"GET /css/layout.css 304 - 16ms","timestamp":"2026-05-02T15:11:29.056Z"}
{"level":"info","message":"GET /css/components.css 304 - 16ms","timestamp":"2026-05-02T15:11:29.058Z"}
{"level":"info","message":"GET /css/forms.css 304 - 16ms","timestamp":"2026-05-02T15:11:29.059Z"}
{"level":"info","message":"GET /css/tables.css 304 - 16ms","timestamp":"2026-05-02T15:11:29.060Z"}
{"level":"info","message":"GET /css/ppt.css 304 - 19ms","timestamp":"2026-05-02T15:11:29.063Z"}
{"level":"info","message":"GET /css/utilities.css 304 - 4ms","timestamp":"2026-05-02T15:11:29.068Z"}
{"level":"info","message":"GET /css/pages.css 304 - 3ms","timestamp":"2026-05-02T15:11:29.070Z"}
{"level":"info","message":"GET /js/helpers.js 304 - 2ms","timestamp":"2026-05-02T15:11:29.266Z"}
{"level":"info","message":"GET /js/dealForm.js 304 - 6ms","timestamp":"2026-05-02T15:11:29.270Z"}
{"level":"info","message":"GET /js/ppt.js 304 - 6ms","timestamp":"2026-05-02T15:11:29.272Z"}
{"level":"info","message":"GET /js/records.js 304 - 3ms","timestamp":"2026-05-02T15:11:29.276Z"}
{"level":"info","message":"GET /js/summary.js 304 - 3ms","timestamp":"2026-05-02T15:11:29.277Z"}
{"level":"info","message":"GET /js/health.js 304 - 4ms","timestamp":"2026-05-02T15:11:29.279Z"}
{"level":"info","message":"GET /js/ui.js 304 - 3ms","timestamp":"2026-05-02T15:11:29.281Z"}
{"level":"info","message":"GET /components/topbar.html 304 - 2ms","timestamp":"2026-05-02T15:11:29.294Z"}
{"level":"info","message":"GET /components/sidebar.html 304 - 12ms","timestamp":"2026-05-02T15:11:29.304Z"}
{"level":"info","message":"GET /favicon.ico 304 - 2ms","timestamp":"2026-05-02T15:11:29.310Z"}
{"level":"info","message":"GET /pages/new-deal.html 304 - 1ms","timestamp":"2026-05-02T15:11:29.413Z"}
{"level":"info","message":"GET /pages/records.html 304 - 3ms","timestamp":"2026-05-02T15:11:29.415Z"}
{"level":"info","message":"GET /pages/summary.html 304 - 7ms","timestamp":"2026-05-02T15:11:29.419Z"}
{"level":"info","message":"GET /pages/health.html 304 - 10ms","timestamp":"2026-05-02T15:11:29.423Z"}
{"level":"info","message":"GET /pages/calculator.html 304 - 3ms","timestamp":"2026-05-02T15:11:29.425Z"}
{"level":"info","message":"GET /api/deals 304 - 24ms","timestamp":"2026-05-02T15:11:29.563Z"}
{"level":"info","message":"GET /pages/calculator/Insurance_Pro_updated.html 200 - 9ms","timestamp":"2026-05-02T15:11:31.635Z"}
{"level":"info","message":"GET / 304 - 2ms","timestamp":"2026-05-02T15:12:34.406Z"}
{"level":"info","message":"GET /css/style.css 304 - 6ms","timestamp":"2026-05-02T15:12:34.458Z"}
{"level":"info","message":"GET /js/main.js?v=2 304 - 31ms","timestamp":"2026-05-02T15:12:34.485Z"}
{"level":"info","message":"GET /css/base.css 304 - 28ms","timestamp":"2026-05-02T15:12:34.523Z"}
{"level":"info","message":"GET /css/pages.css 304 - 41ms","timestamp":"2026-05-02T15:12:34.537Z"}
{"level":"info","message":"GET /css/layout.css 304 - 34ms","timestamp":"2026-05-02T15:12:34.550Z"}
{"level":"info","message":"GET /css/components.css 304 - 52ms","timestamp":"2026-05-02T15:12:34.569Z"}
{"level":"info","message":"GET /css/forms.css 304 - 67ms","timestamp":"2026-05-02T15:12:34.584Z"}
{"level":"info","message":"GET /css/tables.css 304 - 88ms","timestamp":"2026-05-02T15:12:34.605Z"}
{"level":"info","message":"GET /css/ppt.css 304 - 1ms","timestamp":"2026-05-02T15:12:34.621Z"}
{"level":"info","message":"GET /css/utilities.css 304 - 0ms","timestamp":"2026-05-02T15:12:34.658Z"}
{"level":"info","message":"GET /js/helpers.js 304 - 2ms","timestamp":"2026-05-02T15:12:34.839Z"}
{"level":"info","message":"GET /js/dealForm.js 304 - 4ms","timestamp":"2026-05-02T15:12:34.841Z"}
{"level":"info","message":"GET /js/ppt.js 304 - 8ms","timestamp":"2026-05-02T15:12:34.846Z"}
{"level":"info","message":"GET /js/records.js 304 - 10ms","timestamp":"2026-05-02T15:12:34.848Z"}
{"level":"info","message":"GET /js/summary.js 304 - 12ms","timestamp":"2026-05-02T15:12:34.850Z"}
{"level":"info","message":"GET /js/health.js 304 - 1ms","timestamp":"2026-05-02T15:12:34.853Z"}
{"level":"info","message":"GET /js/ui.js 304 - 3ms","timestamp":"2026-05-02T15:12:34.857Z"}
{"level":"info","message":"GET /components/topbar.html 304 - 2ms","timestamp":"2026-05-02T15:12:34.866Z"}
{"level":"info","message":"GET /components/sidebar.html 304 - 18ms","timestamp":"2026-05-02T15:12:34.884Z"}
{"level":"info","message":"GET /pages/new-deal.html 304 - 16ms","timestamp":"2026-05-02T15:12:34.920Z"}
{"level":"info","message":"GET /pages/records.html 304 - 16ms","timestamp":"2026-05-02T15:12:34.922Z"}
{"level":"info","message":"GET /pages/summary.html 304 - 17ms","timestamp":"2026-05-02T15:12:34.925Z"}
{"level":"info","message":"GET /pages/health.html 304 - 25ms","timestamp":"2026-05-02T15:12:34.933Z"}
{"level":"info","message":"GET /pages/calculator.html 304 - 20ms","timestamp":"2026-05-02T15:12:34.935Z"}
{"level":"info","message":"GET /favicon.ico 304 - 39ms","timestamp":"2026-05-02T15:12:34.939Z"}
{"level":"info","message":"GET /api/deals 304 - 24ms","timestamp":"2026-05-02T15:12:34.980Z"}
{"level":"info","message":"GET /pages/calculator/Insurance_Pro_updated.html 200 - 22ms","timestamp":"2026-05-02T15:12:36.370Z"}
{"level":"info","message":"GET / 304 - 7ms","timestamp":"2026-05-02T15:13:41.708Z"}
{"level":"info","message":"GET /css/style.css 304 - 6ms","timestamp":"2026-05-02T15:13:41.750Z"}
{"level":"info","message":"GET /js/main.js?v=2 304 - 15ms","timestamp":"2026-05-02T15:13:41.761Z"}
{"level":"info","message":"GET /css/base.css 304 - 3ms","timestamp":"2026-05-02T15:13:41.766Z"}
{"level":"info","message":"GET /css/layout.css 304 - 5ms","timestamp":"2026-05-02T15:13:41.772Z"}
{"level":"info","message":"GET /css/components.css 304 - 5ms","timestamp":"2026-05-02T15:13:41.777Z"}
{"level":"info","message":"GET /css/forms.css 304 - 11ms","timestamp":"2026-05-02T15:13:41.779Z"}
{"level":"info","message":"GET /css/tables.css 304 - 13ms","timestamp":"2026-05-02T15:13:41.781Z"}
{"level":"info","message":"GET /css/pages.css 304 - 13ms","timestamp":"2026-05-02T15:13:41.783Z"}
{"level":"info","message":"GET /css/ppt.css 304 - 4ms","timestamp":"2026-05-02T15:13:41.790Z"}
{"level":"info","message":"GET /css/utilities.css 304 - 4ms","timestamp":"2026-05-02T15:13:41.792Z"}
{"level":"info","message":"GET /js/helpers.js 304 - 4ms","timestamp":"2026-05-02T15:13:41.933Z"}
{"level":"info","message":"GET /js/dealForm.js 304 - 5ms","timestamp":"2026-05-02T15:13:41.935Z"}
{"level":"info","message":"GET /js/ppt.js 304 - 8ms","timestamp":"2026-05-02T15:13:41.941Z"}
{"level":"info","message":"GET /js/records.js 304 - 4ms","timestamp":"2026-05-02T15:13:41.947Z"}
{"level":"info","message":"GET /js/summary.js 304 - 6ms","timestamp":"2026-05-02T15:13:41.950Z"}
{"level":"info","message":"GET /js/health.js 304 - 9ms","timestamp":"2026-05-02T15:13:41.955Z"}
{"level":"info","message":"GET /js/ui.js 304 - 1ms","timestamp":"2026-05-02T15:13:41.959Z"}
{"level":"info","message":"GET /components/topbar.html 304 - 1ms","timestamp":"2026-05-02T15:13:41.968Z"}
{"level":"info","message":"GET /components/sidebar.html 304 - 7ms","timestamp":"2026-05-02T15:13:41.974Z"}
{"level":"info","message":"GET /favicon.ico 304 - 5ms","timestamp":"2026-05-02T15:13:41.988Z"}
{"level":"info","message":"GET /pages/new-deal.html 304 - 10ms","timestamp":"2026-05-02T15:13:42.000Z"}
{"level":"info","message":"GET /pages/records.html 304 - 8ms","timestamp":"2026-05-02T15:13:42.005Z"}
{"level":"info","message":"GET /pages/summary.html 304 - 11ms","timestamp":"2026-05-02T15:13:42.009Z"}
{"level":"info","message":"GET /pages/health.html 304 - 13ms","timestamp":"2026-05-02T15:13:42.012Z"}
{"level":"info","message":"GET /pages/calculator.html 304 - 15ms","timestamp":"2026-05-02T15:13:42.014Z"}
{"level":"info","message":"GET /api/deals 304 - 16ms","timestamp":"2026-05-02T15:13:42.049Z"}
{"level":"info","message":"GET /pages/calculator/Insurance_Pro_updated.html 200 - 6ms","timestamp":"2026-05-02T15:13:43.844Z"}
{"level":"info","message":"GET /css/style.css 304 - 10ms","timestamp":"2026-05-02T15:13:50.723Z"}
{"level":"info","message":"GET /css/base.css 304 - 18ms","timestamp":"2026-05-02T15:13:50.730Z"}
{"level":"info","message":"GET /css/layout.css 304 - 18ms","timestamp":"2026-05-02T15:13:50.731Z"}
{"level":"info","message":"GET /css/components.css 304 - 19ms","timestamp":"2026-05-02T15:13:50.732Z"}
{"level":"info","message":"GET /css/forms.css 304 - 3ms","timestamp":"2026-05-02T15:13:50.741Z"}
{"level":"info","message":"GET /css/pages.css 304 - 10ms","timestamp":"2026-05-02T15:13:50.748Z"}
{"level":"info","message":"GET /css/ppt.css 304 - 6ms","timestamp":"2026-05-02T15:13:50.749Z"}
{"level":"info","message":"GET /css/utilities.css 304 - 7ms","timestamp":"2026-05-02T15:13:50.754Z"}
{"level":"info","message":"GET /css/tables.css 304 - 14ms","timestamp":"2026-05-02T15:13:50.761Z"}
{"level":"info","message":"GET /.well-known/appspecific/com.chrome.devtools.json 200 - 34ms","timestamp":"2026-05-02T15:13:50.798Z"}
{"level":"info","message":"GET / 304 - 10ms","timestamp":"2026-05-02T15:15:55.067Z"}
{"level":"info","message":"GET /css/style.css 304 - 3ms","timestamp":"2026-05-02T15:15:55.106Z"}
{"level":"info","message":"GET /js/main.js?v=2 304 - 8ms","timestamp":"2026-05-02T15:15:55.112Z"}
{"level":"info","message":"GET /css/base.css 304 - 14ms","timestamp":"2026-05-02T15:15:55.153Z"}
{"level":"info","message":"GET /css/layout.css 304 - 21ms","timestamp":"2026-05-02T15:15:55.161Z"}
{"level":"info","message":"GET /css/components.css 304 - 4ms","timestamp":"2026-05-02T15:15:55.166Z"}
{"level":"info","message":"GET /css/forms.css 304 - 4ms","timestamp":"2026-05-02T15:15:55.167Z"}
{"level":"info","message":"GET /css/tables.css 304 - 6ms","timestamp":"2026-05-02T15:15:55.170Z"}
{"level":"info","message":"GET /css/ppt.css 304 - 7ms","timestamp":"2026-05-02T15:15:55.171Z"}
{"level":"info","message":"GET /css/utilities.css 304 - 23ms","timestamp":"2026-05-02T15:15:55.188Z"}
{"level":"info","message":"GET /css/pages.css 304 - 10ms","timestamp":"2026-05-02T15:15:55.197Z"}
{"level":"info","message":"GET /.well-known/appspecific/com.chrome.devtools.json 304 - 5ms","timestamp":"2026-05-02T15:15:55.199Z"}
{"level":"info","message":"GET /js/helpers.js 304 - 2ms","timestamp":"2026-05-02T15:15:55.533Z"}
{"level":"info","message":"GET /js/dealForm.js 304 - 3ms","timestamp":"2026-05-02T15:15:55.534Z"}
{"level":"info","message":"GET /js/ppt.js 304 - 3ms","timestamp":"2026-05-02T15:15:55.535Z"}
{"level":"info","message":"GET /js/records.js 304 - 19ms","timestamp":"2026-05-02T15:15:55.551Z"}
{"level":"info","message":"GET /js/summary.js 304 - 10ms","timestamp":"2026-05-02T15:15:55.554Z"}
{"level":"info","message":"GET /js/health.js 304 - 8ms","timestamp":"2026-05-02T15:15:55.560Z"}
{"level":"info","message":"GET /js/ui.js 304 - 11ms","timestamp":"2026-05-02T15:15:55.565Z"}
{"level":"info","message":"GET /components/topbar.html 304 - 3ms","timestamp":"2026-05-02T15:15:55.586Z"}
{"level":"info","message":"GET /components/sidebar.html 304 - 9ms","timestamp":"2026-05-02T15:15:55.594Z"}
{"level":"info","message":"GET /favicon.ico 304 - 15ms","timestamp":"2026-05-02T15:15:55.614Z"}
{"level":"info","message":"GET /pages/new-deal.html 304 - 8ms","timestamp":"2026-05-02T15:15:55.639Z"}
{"level":"info","message":"GET /pages/records.html 304 - 11ms","timestamp":"2026-05-02T15:15:55.642Z"}
{"level":"info","message":"GET /pages/summary.html 304 - 20ms","timestamp":"2026-05-02T15:15:55.651Z"}
{"level":"info","message":"GET /pages/health.html 304 - 21ms","timestamp":"2026-05-02T15:15:55.653Z"}
{"level":"info","message":"GET /pages/calculator.html 304 - 21ms","timestamp":"2026-05-02T15:15:55.655Z"}
{"level":"info","message":"GET /api/deals 304 - 47ms","timestamp":"2026-05-02T15:15:55.753Z"}
{"level":"info","message":"GET /pages/calculator/Insurance_Pro_updated.html 200 - 5ms","timestamp":"2026-05-02T15:15:57.261Z"}
{"level":"info","message":"GET / 304 - 3ms","timestamp":"2026-05-02T15:16:20.245Z"}
{"level":"info","message":"GET /css/style.css 304 - 51ms","timestamp":"2026-05-02T15:16:20.360Z"}
{"level":"info","message":"GET /js/main.js?v=2 304 - 62ms","timestamp":"2026-05-02T15:16:20.387Z"}
{"level":"info","message":"GET /css/base.css 304 - 10ms","timestamp":"2026-05-02T15:16:20.403Z"}
{"level":"info","message":"GET /css/layout.css 304 - 10ms","timestamp":"2026-05-02T15:16:20.408Z"}
{"level":"info","message":"GET /css/components.css 304 - 12ms","timestamp":"2026-05-02T15:16:20.412Z"}
{"level":"info","message":"GET /css/forms.css 304 - 13ms","timestamp":"2026-05-02T15:16:20.414Z"}
{"level":"info","message":"GET /css/tables.css 304 - 14ms","timestamp":"2026-05-02T15:16:20.415Z"}
{"level":"info","message":"GET /css/pages.css 304 - 3ms","timestamp":"2026-05-02T15:16:20.424Z"}
{"level":"info","message":"GET /css/ppt.css 304 - 7ms","timestamp":"2026-05-02T15:16:20.435Z"}
{"level":"info","message":"GET /css/utilities.css 304 - 6ms","timestamp":"2026-05-02T15:16:20.436Z"}
{"level":"info","message":"GET /.well-known/appspecific/com.chrome.devtools.json 304 - 10ms","timestamp":"2026-05-02T15:16:20.440Z"}
{"level":"info","message":"GET /js/helpers.js 304 - 6ms","timestamp":"2026-05-02T15:16:20.804Z"}
{"level":"info","message":"GET /js/dealForm.js 304 - 9ms","timestamp":"2026-05-02T15:16:20.810Z"}
{"level":"info","message":"GET /js/ppt.js 304 - 4ms","timestamp":"2026-05-02T15:16:20.811Z"}
{"level":"info","message":"GET /js/records.js 304 - 6ms","timestamp":"2026-05-02T15:16:20.814Z"}
{"level":"info","message":"GET /js/summary.js 304 - 15ms","timestamp":"2026-05-02T15:16:20.824Z"}
{"level":"info","message":"GET /js/health.js 304 - 5ms","timestamp":"2026-05-02T15:16:20.827Z"}
{"level":"info","message":"GET /js/ui.js 304 - 8ms","timestamp":"2026-05-02T15:16:20.831Z"}
{"level":"info","message":"GET /components/topbar.html 304 - 11ms","timestamp":"2026-05-02T15:16:20.859Z"}
{"level":"info","message":"GET /components/sidebar.html 304 - 37ms","timestamp":"2026-05-02T15:16:20.890Z"}
{"level":"info","message":"GET /pages/new-deal.html 304 - 10ms","timestamp":"2026-05-02T15:16:20.924Z"}
{"level":"info","message":"GET /pages/records.html 304 - 14ms","timestamp":"2026-05-02T15:16:20.928Z"}
{"level":"info","message":"GET /pages/summary.html 304 - 10ms","timestamp":"2026-05-02T15:16:20.930Z"}
{"level":"info","message":"GET /pages/health.html 304 - 21ms","timestamp":"2026-05-02T15:16:20.941Z"}
{"level":"info","message":"GET /pages/calculator.html 304 - 30ms","timestamp":"2026-05-02T15:16:20.951Z"}
{"level":"info","message":"GET /favicon.ico 304 - 53ms","timestamp":"2026-05-02T15:16:20.962Z"}
{"level":"info","message":"GET /api/deals 304 - 32ms","timestamp":"2026-05-02T15:16:21.027Z"}
{"level":"info","message":"GET /pages/calculator/Insurance_Pro_updated.html 200 - 11ms","timestamp":"2026-05-02T15:16:22.579Z"}
{"level":"info","message":"GET / 304 - 70ms","timestamp":"2026-05-02T15:31:44.791Z"}
{"level":"info","message":"GET /css/style.css 304 - 8ms","timestamp":"2026-05-02T15:31:44.911Z"}
{"level":"info","message":"GET /js/main.js?v=2 304 - 15ms","timestamp":"2026-05-02T15:31:44.933Z"}
{"level":"info","message":"GET /css/forms.css 304 - 3ms","timestamp":"2026-05-02T15:31:44.977Z"}
{"level":"info","message":"GET /css/layout.css 304 - 4ms","timestamp":"2026-05-02T15:31:44.979Z"}
{"level":"info","message":"GET /css/base.css 304 - 2ms","timestamp":"2026-05-02T15:31:44.983Z"}
{"level":"info","message":"GET /css/components.css 304 - 7ms","timestamp":"2026-05-02T15:31:44.988Z"}
{"level":"info","message":"GET /css/tables.css 304 - 9ms","timestamp":"2026-05-02T15:31:44.991Z"}
{"level":"info","message":"GET /css/pages.css 304 - 12ms","timestamp":"2026-05-02T15:31:44.994Z"}
{"level":"info","message":"GET /css/ppt.css 304 - 3ms","timestamp":"2026-05-02T15:31:44.996Z"}
{"level":"info","message":"GET /css/utilities.css 304 - 3ms","timestamp":"2026-05-02T15:31:44.997Z"}
{"level":"info","message":"GET /js/dealForm.js 304 - 1ms","timestamp":"2026-05-02T15:31:45.176Z"}
{"level":"info","message":"GET /js/helpers.js 304 - 2ms","timestamp":"2026-05-02T15:31:45.177Z"}
{"level":"info","message":"GET /js/ppt.js 304 - 3ms","timestamp":"2026-05-02T15:31:45.180Z"}
{"level":"info","message":"GET /js/records.js 304 - 3ms","timestamp":"2026-05-02T15:31:45.181Z"}
{"level":"info","message":"GET /js/summary.js 304 - 4ms","timestamp":"2026-05-02T15:31:45.183Z"}
{"level":"info","message":"GET /js/health.js 304 - 10ms","timestamp":"2026-05-02T15:31:45.189Z"}
{"level":"info","message":"GET /js/ui.js 304 - 12ms","timestamp":"2026-05-02T15:31:45.191Z"}
{"level":"info","message":"GET /components/topbar.html 304 - 8ms","timestamp":"2026-05-02T15:31:45.208Z"}
{"level":"info","message":"GET /components/sidebar.html 304 - 11ms","timestamp":"2026-05-02T15:31:45.212Z"}
{"level":"info","message":"GET /pages/records.html 304 - 5ms","timestamp":"2026-05-02T15:31:45.228Z"}
{"level":"info","message":"GET /pages/new-deal.html 304 - 9ms","timestamp":"2026-05-02T15:31:45.231Z"}
{"level":"info","message":"GET /pages/summary.html 304 - 7ms","timestamp":"2026-05-02T15:31:45.233Z"}
{"level":"info","message":"GET /pages/health.html 304 - 9ms","timestamp":"2026-05-02T15:31:45.235Z"}
{"level":"info","message":"GET /pages/calculator.html 304 - 16ms","timestamp":"2026-05-02T15:31:45.243Z"}
{"level":"info","message":"GET /favicon.ico 304 - 23ms","timestamp":"2026-05-02T15:31:45.276Z"}
{"level":"info","message":"GET /api/deals 304 - 116ms","timestamp":"2026-05-02T15:31:45.408Z"}
{"level":"info","message":"GET /pages/calculator/Insurance_Pro_updated.html 200 - 13ms","timestamp":"2026-05-02T15:31:46.864Z"}
{"level":"info","message":"GET / 304 - 4ms","timestamp":"2026-05-02T15:33:00.066Z"}
{"level":"info","message":"GET /css/style.css 304 - 8ms","timestamp":"2026-05-02T15:33:00.131Z"}
{"level":"info","message":"GET /js/main.js?v=2 304 - 12ms","timestamp":"2026-05-02T15:33:00.137Z"}
{"level":"info","message":"GET /css/base.css 304 - 3ms","timestamp":"2026-05-02T15:33:00.155Z"}
{"level":"info","message":"GET /css/layout.css 304 - 7ms","timestamp":"2026-05-02T15:33:00.162Z"}
{"level":"info","message":"GET /css/components.css 304 - 3ms","timestamp":"2026-05-02T15:33:00.169Z"}
{"level":"info","message":"GET /css/forms.css 304 - 3ms","timestamp":"2026-05-02T15:33:00.170Z"}
{"level":"info","message":"GET /css/pages.css 304 - 6ms","timestamp":"2026-05-02T15:33:00.174Z"}
{"level":"info","message":"GET /css/ppt.css 304 - 3ms","timestamp":"2026-05-02T15:33:00.178Z"}
{"level":"info","message":"GET /css/tables.css 304 - 9ms","timestamp":"2026-05-02T15:33:00.182Z"}
{"level":"info","message":"GET /css/utilities.css 304 - 12ms","timestamp":"2026-05-02T15:33:00.185Z"}
{"level":"info","message":"GET /js/helpers.js 304 - 4ms","timestamp":"2026-05-02T15:33:00.325Z"}
{"level":"info","message":"GET /js/dealForm.js 304 - 8ms","timestamp":"2026-05-02T15:33:00.331Z"}
{"level":"info","message":"GET /js/ppt.js 304 - 9ms","timestamp":"2026-05-02T15:33:00.333Z"}
{"level":"info","message":"GET /js/records.js 304 - 4ms","timestamp":"2026-05-02T15:33:00.341Z"}
{"level":"info","message":"GET /js/summary.js 304 - 9ms","timestamp":"2026-05-02T15:33:00.346Z"}
{"level":"info","message":"GET /js/health.js 304 - 13ms","timestamp":"2026-05-02T15:33:00.351Z"}
{"level":"info","message":"GET /js/ui.js 304 - 16ms","timestamp":"2026-05-02T15:33:00.355Z"}
{"level":"info","message":"GET /components/topbar.html 304 - 4ms","timestamp":"2026-05-02T15:33:00.371Z"}
{"level":"info","message":"GET /components/sidebar.html 304 - 18ms","timestamp":"2026-05-02T15:33:00.387Z"}
{"level":"info","message":"GET /favicon.ico 304 - 16ms","timestamp":"2026-05-02T15:33:00.421Z"}
{"level":"info","message":"GET /pages/new-deal.html 304 - 13ms","timestamp":"2026-05-02T15:33:00.423Z"}
{"level":"info","message":"GET /pages/records.html 304 - 12ms","timestamp":"2026-05-02T15:33:00.425Z"}
{"level":"info","message":"GET /pages/summary.html 304 - 12ms","timestamp":"2026-05-02T15:33:00.429Z"}
{"level":"info","message":"GET /pages/health.html 304 - 19ms","timestamp":"2026-05-02T15:33:00.437Z"}
{"level":"info","message":"GET /pages/calculator.html 304 - 20ms","timestamp":"2026-05-02T15:33:00.440Z"}
{"level":"info","message":"GET /api/deals 304 - 25ms","timestamp":"2026-05-02T15:33:00.487Z"}
{"level":"info","message":"GET /pages/calculator/Insurance_Pro_updated.html 200 - 10ms","timestamp":"2026-05-02T15:33:01.965Z"}
{"level":"info","message":"GET / 200 - 40ms","timestamp":"2026-05-02T15:34:58.482Z"}
{"level":"info","message":"GET /css/style.css 304 - 6ms","timestamp":"2026-05-02T15:34:58.800Z"}
{"level":"info","message":"GET /js/main.js?v=2 304 - 27ms","timestamp":"2026-05-02T15:34:58.823Z"}
{"level":"info","message":"GET /css/base.css 304 - 15ms","timestamp":"2026-05-02T15:34:58.847Z"}
{"level":"info","message":"GET /css/layout.css 304 - 10ms","timestamp":"2026-05-02T15:34:58.860Z"}
{"level":"info","message":"GET /css/components.css 304 - 12ms","timestamp":"2026-05-02T15:34:58.864Z"}
{"level":"info","message":"GET /css/forms.css 304 - 30ms","timestamp":"2026-05-02T15:34:58.883Z"}
{"level":"info","message":"GET /css/tables.css 304 - 36ms","timestamp":"2026-05-02T15:34:58.890Z"}
{"level":"info","message":"GET /css/ppt.css 304 - 48ms","timestamp":"2026-05-02T15:34:58.904Z"}
{"level":"info","message":"GET /css/utilities.css 304 - 58ms","timestamp":"2026-05-02T15:34:58.917Z"}
{"level":"info","message":"GET /css/pages.css 304 - 3ms","timestamp":"2026-05-02T15:34:58.927Z"}
{"level":"info","message":"GET /js/helpers.js 304 - 3ms","timestamp":"2026-05-02T15:34:59.121Z"}
{"level":"info","message":"GET /js/dealForm.js 304 - 7ms","timestamp":"2026-05-02T15:34:59.126Z"}
{"level":"info","message":"GET /js/ppt.js 304 - 7ms","timestamp":"2026-05-02T15:34:59.127Z"}
{"level":"info","message":"GET /js/records.js 304 - 2ms","timestamp":"2026-05-02T15:34:59.131Z"}
{"level":"info","message":"GET /js/summary.js 304 - 3ms","timestamp":"2026-05-02T15:34:59.133Z"}
{"level":"info","message":"GET /js/health.js 304 - 4ms","timestamp":"2026-05-02T15:34:59.135Z"}
{"level":"info","message":"GET /js/ui.js 304 - 2ms","timestamp":"2026-05-02T15:34:59.139Z"}
{"level":"info","message":"GET /components/topbar.html 304 - 3ms","timestamp":"2026-05-02T15:34:59.152Z"}
{"level":"info","message":"GET /components/sidebar.html 304 - 5ms","timestamp":"2026-05-02T15:34:59.155Z"}
{"level":"info","message":"GET /favicon.ico 304 - 3ms","timestamp":"2026-05-02T15:34:59.168Z"}
{"level":"info","message":"GET /pages/new-deal.html 304 - 6ms","timestamp":"2026-05-02T15:34:59.188Z"}
{"level":"info","message":"GET /pages/records.html 304 - 11ms","timestamp":"2026-05-02T15:34:59.193Z"}
{"level":"info","message":"GET /pages/summary.html 304 - 12ms","timestamp":"2026-05-02T15:34:59.195Z"}
{"level":"info","message":"GET /pages/health.html 304 - 12ms","timestamp":"2026-05-02T15:34:59.197Z"}
{"level":"info","message":"GET /pages/calculator.html 304 - 13ms","timestamp":"2026-05-02T15:34:59.199Z"}
{"level":"info","message":"GET /api/deals 304 - 109ms","timestamp":"2026-05-02T15:34:59.501Z"}
{"level":"info","message":"GET /pages/calculator/Insurance_Pro_updated.html 200 - 6ms","timestamp":"2026-05-02T15:35:01.162Z"}
{"level":"info","message":"GET / 304 - 39ms","timestamp":"2026-05-02T15:50:06.857Z"}
{"level":"info","message":"GET /css/style.css 304 - 6ms","timestamp":"2026-05-02T15:50:06.954Z"}
{"level":"info","message":"GET /js/main.js?v=2 304 - 3ms","timestamp":"2026-05-02T15:50:06.959Z"}
{"level":"info","message":"GET /css/base.css 304 - 2ms","timestamp":"2026-05-02T15:50:07.000Z"}
{"level":"info","message":"GET /css/layout.css 304 - 5ms","timestamp":"2026-05-02T15:50:07.004Z"}
{"level":"info","message":"GET /css/components.css 304 - 7ms","timestamp":"2026-05-02T15:50:07.010Z"}
{"level":"info","message":"GET /css/tables.css 304 - 6ms","timestamp":"2026-05-02T15:50:07.013Z"}
{"level":"info","message":"GET /css/forms.css 304 - 7ms","timestamp":"2026-05-02T15:50:07.015Z"}
{"level":"info","message":"GET /css/pages.css 304 - 6ms","timestamp":"2026-05-02T15:50:07.024Z"}
{"level":"info","message":"GET /css/ppt.css 304 - 3ms","timestamp":"2026-05-02T15:50:07.025Z"}
{"level":"info","message":"GET /css/utilities.css 304 - 4ms","timestamp":"2026-05-02T15:50:07.027Z"}
{"level":"info","message":"GET /js/helpers.js 304 - 5ms","timestamp":"2026-05-02T15:50:07.278Z"}
{"level":"info","message":"GET /js/dealForm.js 304 - 6ms","timestamp":"2026-05-02T15:50:07.280Z"}
{"level":"info","message":"GET /js/ppt.js 304 - 7ms","timestamp":"2026-05-02T15:50:07.282Z"}
{"level":"info","message":"GET /js/records.js 304 - 10ms","timestamp":"2026-05-02T15:50:07.286Z"}
{"level":"info","message":"GET /js/summary.js 304 - 15ms","timestamp":"2026-05-02T15:50:07.292Z"}
{"level":"info","message":"GET /js/health.js 304 - 6ms","timestamp":"2026-05-02T15:50:07.296Z"}
{"level":"info","message":"GET /js/ui.js 304 - 3ms","timestamp":"2026-05-02T15:50:07.303Z"}
{"level":"info","message":"GET /components/topbar.html 304 - 3ms","timestamp":"2026-05-02T15:50:07.325Z"}
{"level":"info","message":"GET /components/sidebar.html 304 - 5ms","timestamp":"2026-05-02T15:50:07.328Z"}
{"level":"info","message":"GET /pages/new-deal.html 304 - 5ms","timestamp":"2026-05-02T15:50:07.362Z"}
{"level":"info","message":"GET /pages/records.html 304 - 8ms","timestamp":"2026-05-02T15:50:07.367Z"}
{"level":"info","message":"GET /pages/summary.html 304 - 12ms","timestamp":"2026-05-02T15:50:07.372Z"}
{"level":"info","message":"GET /pages/health.html 304 - 5ms","timestamp":"2026-05-02T15:50:07.374Z"}
{"level":"info","message":"GET /pages/calculator.html 304 - 8ms","timestamp":"2026-05-02T15:50:07.378Z"}
{"level":"info","message":"GET /favicon.ico 304 - 9ms","timestamp":"2026-05-02T15:50:07.402Z"}
{"level":"info","message":"GET /api/deals 304 - 120ms","timestamp":"2026-05-02T15:50:07.561Z"}
{"level":"info","message":"GET /pages/calculator/Insurance_Pro_updated.html 200 - 30ms","timestamp":"2026-05-02T15:50:09.217Z"}
{"level":"info","message":"GET / 304 - 48ms","timestamp":"2026-05-02T15:50:22.787Z"}
{"level":"info","message":"GET /css/style.css 304 - 15ms","timestamp":"2026-05-02T15:50:23.034Z"}
{"level":"info","message":"GET /js/main.js?v=2 304 - 20ms","timestamp":"2026-05-02T15:50:23.040Z"}
{"level":"info","message":"GET /css/base.css 304 - 14ms","timestamp":"2026-05-02T15:50:23.079Z"}
{"level":"info","message":"GET /css/layout.css 304 - 16ms","timestamp":"2026-05-02T15:50:23.083Z"}
{"level":"info","message":"GET /css/components.css 304 - 19ms","timestamp":"2026-05-02T15:50:23.088Z"}
{"level":"info","message":"GET /css/forms.css 304 - 20ms","timestamp":"2026-05-02T15:50:23.091Z"}
{"level":"info","message":"GET /css/tables.css 304 - 6ms","timestamp":"2026-05-02T15:50:23.102Z"}
{"level":"info","message":"GET /css/pages.css 304 - 11ms","timestamp":"2026-05-02T15:50:23.108Z"}
{"level":"info","message":"GET /css/ppt.css 304 - 14ms","timestamp":"2026-05-02T15:50:23.114Z"}
{"level":"info","message":"GET /css/utilities.css 304 - 1ms","timestamp":"2026-05-02T15:50:23.119Z"}
{"level":"info","message":"GET /js/helpers.js 304 - 10ms","timestamp":"2026-05-02T15:50:23.336Z"}
{"level":"info","message":"GET /js/dealForm.js 304 - 12ms","timestamp":"2026-05-02T15:50:23.340Z"}
{"level":"info","message":"GET /js/ppt.js 304 - 15ms","timestamp":"2026-05-02T15:50:23.344Z"}
{"level":"info","message":"GET /js/records.js 304 - 20ms","timestamp":"2026-05-02T15:50:23.351Z"}
{"level":"info","message":"GET /js/summary.js 304 - 26ms","timestamp":"2026-05-02T15:50:23.358Z"}
{"level":"info","message":"GET /js/health.js 304 - 32ms","timestamp":"2026-05-02T15:50:23.365Z"}
{"level":"info","message":"GET /js/ui.js 304 - 2ms","timestamp":"2026-05-02T15:50:23.373Z"}
{"level":"info","message":"GET /components/topbar.html 304 - 7ms","timestamp":"2026-05-02T15:50:23.399Z"}
{"level":"info","message":"GET /components/sidebar.html 304 - 9ms","timestamp":"2026-05-02T15:50:23.404Z"}
{"level":"info","message":"GET /favicon.ico 304 - 16ms","timestamp":"2026-05-02T15:50:23.439Z"}
{"level":"info","message":"GET /pages/new-deal.html 304 - 17ms","timestamp":"2026-05-02T15:50:23.449Z"}
{"level":"info","message":"GET /pages/records.html 304 - 18ms","timestamp":"2026-05-02T15:50:23.453Z"}
{"level":"info","message":"GET /pages/summary.html 304 - 30ms","timestamp":"2026-05-02T15:50:23.467Z"}
{"level":"info","message":"GET /pages/health.html 304 - 12ms","timestamp":"2026-05-02T15:50:23.473Z"}
{"level":"info","message":"GET /pages/calculator.html 304 - 13ms","timestamp":"2026-05-02T15:50:23.478Z"}
{"level":"info","message":"GET /api/deals 304 - 71ms","timestamp":"2026-05-02T15:50:23.745Z"}
{"level":"info","message":"GET /pages/calculator/Insurance_Pro_updated.html 304 - 2ms","timestamp":"2026-05-02T15:50:25.297Z"}
{"level":"info","message":"GET / 304 - 38ms","timestamp":"2026-05-02T15:52:34.312Z"}
{"level":"info","message":"GET /css/style.css 304 - 12ms","timestamp":"2026-05-02T15:52:34.600Z"}
{"level":"info","message":"GET /js/main.js?v=2 304 - 15ms","timestamp":"2026-05-02T15:52:34.608Z"}
{"level":"info","message":"GET /css/base.css 304 - 3ms","timestamp":"2026-05-02T15:52:34.628Z"}
{"level":"info","message":"GET /css/layout.css 304 - 6ms","timestamp":"2026-05-02T15:52:34.634Z"}
{"level":"info","message":"GET /css/pages.css 304 - 2ms","timestamp":"2026-05-02T15:52:34.640Z"}
{"level":"info","message":"GET /css/ppt.css 304 - 28ms","timestamp":"2026-05-02T15:52:34.671Z"}
{"level":"info","message":"GET /css/utilities.css 304 - 24ms","timestamp":"2026-05-02T15:52:34.674Z"}
{"level":"info","message":"GET /css/components.css 304 - 15ms","timestamp":"2026-05-02T15:52:34.677Z"}
{"level":"info","message":"GET /css/forms.css 304 - 12ms","timestamp":"2026-05-02T15:52:34.682Z"}
{"level":"info","message":"GET /css/tables.css 304 - 1ms","timestamp":"2026-05-02T15:52:34.687Z"}
{"level":"info","message":"GET /js/helpers.js 304 - 3ms","timestamp":"2026-05-02T15:52:34.861Z"}
{"level":"info","message":"GET /js/dealForm.js 304 - 3ms","timestamp":"2026-05-02T15:52:34.862Z"}
{"level":"info","message":"GET /js/ppt.js 304 - 5ms","timestamp":"2026-05-02T15:52:34.864Z"}
{"level":"info","message":"GET /js/records.js 304 - 8ms","timestamp":"2026-05-02T15:52:34.868Z"}
{"level":"info","message":"GET /js/summary.js 304 - 4ms","timestamp":"2026-05-02T15:52:34.870Z"}
{"level":"info","message":"GET /js/health.js 304 - 6ms","timestamp":"2026-05-02T15:52:34.873Z"}
{"level":"info","message":"GET /js/ui.js 304 - 5ms","timestamp":"2026-05-02T15:52:34.879Z"}
{"level":"info","message":"GET /components/topbar.html 304 - 3ms","timestamp":"2026-05-02T15:52:34.894Z"}
{"level":"info","message":"GET /components/sidebar.html 304 - 6ms","timestamp":"2026-05-02T15:52:34.898Z"}
{"level":"info","message":"GET /favicon.ico 304 - 3ms","timestamp":"2026-05-02T15:52:34.927Z"}
{"level":"info","message":"GET /pages/records.html 304 - 1ms","timestamp":"2026-05-02T15:52:35.025Z"}
{"level":"info","message":"GET /pages/new-deal.html 304 - 4ms","timestamp":"2026-05-02T15:52:35.029Z"}
{"level":"info","message":"GET /pages/summary.html 304 - 3ms","timestamp":"2026-05-02T15:52:35.031Z"}
{"level":"info","message":"GET /pages/health.html 304 - 5ms","timestamp":"2026-05-02T15:52:35.033Z"}
{"level":"info","message":"GET /pages/calculator.html 304 - 2ms","timestamp":"2026-05-02T15:52:35.037Z"}
{"level":"info","message":"GET /api/deals 304 - 63ms","timestamp":"2026-05-02T15:52:35.234Z"}
{"level":"info","message":"GET /pages/calculator/Insurance_Pro_updated.html 200 - 20ms","timestamp":"2026-05-02T15:52:36.815Z"}
{"level":"info","message":"GET / 304 - 6ms","timestamp":"2026-05-02T15:52:57.533Z"}
{"level":"info","message":"GET /css/style.css 304 - 7ms","timestamp":"2026-05-02T15:52:57.587Z"}
{"level":"info","message":"GET /js/main.js?v=2 304 - 16ms","timestamp":"2026-05-02T15:52:57.598Z"}
{"level":"info","message":"GET /css/base.css 304 - 2ms","timestamp":"2026-05-02T15:52:57.603Z"}
{"level":"info","message":"GET /css/layout.css 304 - 4ms","timestamp":"2026-05-02T15:52:57.613Z"}
{"level":"info","message":"GET /css/forms.css 304 - 8ms","timestamp":"2026-05-02T15:52:57.624Z"}
{"level":"info","message":"GET /css/components.css 304 - 19ms","timestamp":"2026-05-02T15:52:57.638Z"}
{"level":"info","message":"GET /css/tables.css 304 - 31ms","timestamp":"2026-05-02T15:52:57.651Z"}
{"level":"info","message":"GET /css/ppt.css 304 - 8ms","timestamp":"2026-05-02T15:52:57.665Z"}
{"level":"info","message":"GET /css/pages.css 304 - 19ms","timestamp":"2026-05-02T15:52:57.675Z"}
{"level":"info","message":"GET /css/utilities.css 304 - 24ms","timestamp":"2026-05-02T15:52:57.685Z"}
{"level":"info","message":"GET /js/helpers.js 304 - 3ms","timestamp":"2026-05-02T15:52:57.800Z"}
{"level":"info","message":"GET /js/dealForm.js 304 - 3ms","timestamp":"2026-05-02T15:52:57.801Z"}
{"level":"info","message":"GET /js/ppt.js 304 - 4ms","timestamp":"2026-05-02T15:52:57.802Z"}
{"level":"info","message":"GET /js/records.js 304 - 4ms","timestamp":"2026-05-02T15:52:57.808Z"}
{"level":"info","message":"GET /js/summary.js 304 - 7ms","timestamp":"2026-05-02T15:52:57.812Z"}
{"level":"info","message":"GET /js/health.js 304 - 8ms","timestamp":"2026-05-02T15:52:57.813Z"}
{"level":"info","message":"GET /js/ui.js 304 - 1ms","timestamp":"2026-05-02T15:52:57.816Z"}
{"level":"info","message":"GET /components/topbar.html 304 - 3ms","timestamp":"2026-05-02T15:52:57.826Z"}
{"level":"info","message":"GET /components/sidebar.html 304 - 4ms","timestamp":"2026-05-02T15:52:57.828Z"}
{"level":"info","message":"GET /favicon.ico 304 - 3ms","timestamp":"2026-05-02T15:52:57.835Z"}
{"level":"info","message":"GET /pages/new-deal.html 304 - 1ms","timestamp":"2026-05-02T15:52:57.837Z"}
{"level":"info","message":"GET /pages/records.html 304 - 2ms","timestamp":"2026-05-02T15:52:57.843Z"}
{"level":"info","message":"GET /pages/summary.html 304 - 3ms","timestamp":"2026-05-02T15:52:57.845Z"}
{"level":"info","message":"GET /pages/health.html 304 - 5ms","timestamp":"2026-05-02T15:52:57.847Z"}
{"level":"info","message":"GET /pages/calculator.html 304 - 4ms","timestamp":"2026-05-02T15:52:57.850Z"}
{"level":"info","message":"GET /api/deals 304 - 27ms","timestamp":"2026-05-02T15:52:57.893Z"}
{"level":"info","message":"GET /pages/calculator/Insurance_Pro_updated.html 200 - 13ms","timestamp":"2026-05-02T15:52:59.576Z"}
{"level":"info","message":"GET / 304 - 3ms","timestamp":"2026-05-02T15:53:17.755Z"}
{"level":"info","message":"GET /css/style.css 304 - 16ms","timestamp":"2026-05-02T15:53:17.824Z"}
{"level":"info","message":"GET /js/main.js?v=2 304 - 6ms","timestamp":"2026-05-02T15:53:17.829Z"}
{"level":"info","message":"GET /css/base.css 304 - 8ms","timestamp":"2026-05-02T15:53:17.853Z"}
{"level":"info","message":"GET /css/layout.css 304 - 18ms","timestamp":"2026-05-02T15:53:17.865Z"}
{"level":"info","message":"GET /css/ppt.css 304 - 11ms","timestamp":"2026-05-02T15:53:17.884Z"}
{"level":"info","message":"GET /css/components.css 304 - 16ms","timestamp":"2026-05-02T15:53:17.891Z"}
{"level":"info","message":"GET /css/forms.css 304 - 18ms","timestamp":"2026-05-02T15:53:17.895Z"}
{"level":"info","message":"GET /css/tables.css 304 - 21ms","timestamp":"2026-05-02T15:53:17.900Z"}
{"level":"info","message":"GET /css/pages.css 304 - 27ms","timestamp":"2026-05-02T15:53:17.908Z"}
{"level":"info","message":"GET /css/utilities.css 304 - 30ms","timestamp":"2026-05-02T15:53:17.913Z"}
{"level":"info","message":"GET /js/helpers.js 304 - 1ms","timestamp":"2026-05-02T15:53:18.021Z"}
{"level":"info","message":"GET /js/dealForm.js 304 - 3ms","timestamp":"2026-05-02T15:53:18.023Z"}
{"level":"info","message":"GET /js/ppt.js 304 - 4ms","timestamp":"2026-05-02T15:53:18.025Z"}
{"level":"info","message":"GET /js/records.js 304 - 3ms","timestamp":"2026-05-02T15:53:18.026Z"}
{"level":"info","message":"GET /js/summary.js 304 - 3ms","timestamp":"2026-05-02T15:53:18.027Z"}
{"level":"info","message":"GET /js/health.js 304 - 6ms","timestamp":"2026-05-02T15:53:18.030Z"}
{"level":"info","message":"GET /js/ui.js 304 - 5ms","timestamp":"2026-05-02T15:53:18.033Z"}
{"level":"info","message":"GET /components/topbar.html 304 - 2ms","timestamp":"2026-05-02T15:53:18.041Z"}
{"level":"info","message":"GET /components/sidebar.html 304 - 4ms","timestamp":"2026-05-02T15:53:18.044Z"}
{"level":"info","message":"GET /favicon.ico 304 - 3ms","timestamp":"2026-05-02T15:53:18.050Z"}
{"level":"info","message":"GET /pages/new-deal.html 304 - 2ms","timestamp":"2026-05-02T15:53:18.054Z"}
{"level":"info","message":"GET /pages/records.html 304 - 3ms","timestamp":"2026-05-02T15:53:18.056Z"}
{"level":"info","message":"GET /pages/summary.html 304 - 3ms","timestamp":"2026-05-02T15:53:18.060Z"}
{"level":"info","message":"GET /pages/health.html 304 - 3ms","timestamp":"2026-05-02T15:53:18.062Z"}
{"level":"info","message":"GET /pages/calculator.html 304 - 2ms","timestamp":"2026-05-02T15:53:18.066Z"}
{"level":"info","message":"GET /api/deals 304 - 16ms","timestamp":"2026-05-02T15:53:18.106Z"}
{"level":"info","message":"GET /pages/calculator/Insurance_Pro_updated.html 304 - 2ms","timestamp":"2026-05-02T15:53:20.425Z"}
{"level":"info","message":"GET / 304 - 30ms","timestamp":"2026-05-02T15:55:24.139Z"}
{"level":"info","message":"GET /css/style.css 304 - 21ms","timestamp":"2026-05-02T15:55:24.287Z"}
{"level":"info","message":"GET /js/main.js?v=2 304 - 16ms","timestamp":"2026-05-02T15:55:24.295Z"}
{"level":"info","message":"GET /css/base.css 304 - 2ms","timestamp":"2026-05-02T15:55:24.300Z"}
{"level":"info","message":"GET /css/layout.css 304 - 3ms","timestamp":"2026-05-02T15:55:24.309Z"}
{"level":"info","message":"GET /css/components.css 304 - 7ms","timestamp":"2026-05-02T15:55:24.313Z"}
{"level":"info","message":"GET /css/forms.css 304 - 8ms","timestamp":"2026-05-02T15:55:24.315Z"}
{"level":"info","message":"GET /css/tables.css 304 - 6ms","timestamp":"2026-05-02T15:55:24.323Z"}
{"level":"info","message":"GET /css/pages.css 304 - 12ms","timestamp":"2026-05-02T15:55:24.330Z"}
{"level":"info","message":"GET /css/ppt.css 304 - 13ms","timestamp":"2026-05-02T15:55:24.333Z"}
{"level":"info","message":"GET /css/utilities.css 304 - 15ms","timestamp":"2026-05-02T15:55:24.335Z"}
{"level":"info","message":"GET /js/helpers.js 304 - 3ms","timestamp":"2026-05-02T15:55:24.535Z"}
{"level":"info","message":"GET /js/dealForm.js 304 - 3ms","timestamp":"2026-05-02T15:55:24.536Z"}
{"level":"info","message":"GET /js/ppt.js 304 - 5ms","timestamp":"2026-05-02T15:55:24.538Z"}
{"level":"info","message":"GET /js/records.js 304 - 6ms","timestamp":"2026-05-02T15:55:24.540Z"}
{"level":"info","message":"GET /js/summary.js 304 - 15ms","timestamp":"2026-05-02T15:55:24.549Z"}
{"level":"info","message":"GET /js/health.js 304 - 8ms","timestamp":"2026-05-02T15:55:24.551Z"}
{"level":"info","message":"GET /js/ui.js 304 - 7ms","timestamp":"2026-05-02T15:55:24.560Z"}
{"level":"info","message":"GET /components/topbar.html 304 - 2ms","timestamp":"2026-05-02T15:55:24.569Z"}
{"level":"info","message":"GET /components/sidebar.html 304 - 10ms","timestamp":"2026-05-02T15:55:24.578Z"}
{"level":"info","message":"GET /favicon.ico 304 - 6ms","timestamp":"2026-05-02T15:55:24.594Z"}
{"level":"info","message":"GET /pages/new-deal.html 304 - 4ms","timestamp":"2026-05-02T15:55:24.675Z"}
{"level":"info","message":"GET /pages/records.html 304 - 4ms","timestamp":"2026-05-02T15:55:24.677Z"}
{"level":"info","message":"GET /pages/summary.html 304 - 6ms","timestamp":"2026-05-02T15:55:24.680Z"}
{"level":"info","message":"GET /pages/health.html 304 - 4ms","timestamp":"2026-05-02T15:55:24.682Z"}
{"level":"info","message":"GET /pages/calculator.html 304 - 6ms","timestamp":"2026-05-02T15:55:24.685Z"}
{"level":"info","message":"GET /api/deals 304 - 48ms","timestamp":"2026-05-02T15:55:24.845Z"}
{"level":"info","message":"GET /pages/calculator/Insurance_Pro_updated.html 200 - 25ms","timestamp":"2026-05-02T15:55:26.115Z"}
{"level":"info","message":"GET /css/style.css 304 - 16ms","timestamp":"2026-05-02T15:56:00.782Z"}
{"level":"info","message":"GET /css/base.css 304 - 16ms","timestamp":"2026-05-02T15:56:00.788Z"}
{"level":"info","message":"GET /css/layout.css 304 - 17ms","timestamp":"2026-05-02T15:56:00.790Z"}
{"level":"info","message":"GET /css/components.css 304 - 25ms","timestamp":"2026-05-02T15:56:00.799Z"}
{"level":"info","message":"GET /css/forms.css 304 - 34ms","timestamp":"2026-05-02T15:56:00.812Z"}
{"level":"info","message":"GET /css/tables.css 304 - 35ms","timestamp":"2026-05-02T15:56:00.814Z"}
{"level":"info","message":"GET /css/pages.css 304 - 8ms","timestamp":"2026-05-02T15:56:00.824Z"}
{"level":"info","message":"GET /css/ppt.css 304 - 10ms","timestamp":"2026-05-02T15:56:00.828Z"}
{"level":"info","message":"GET /css/utilities.css 304 - 10ms","timestamp":"2026-05-02T15:56:00.830Z"}
{"level":"info","message":"GET /.well-known/appspecific/com.chrome.devtools.json 304 - 2ms","timestamp":"2026-05-02T15:56:00.834Z"}
{"level":"info","message":"GET /pages/calculator/Insurance_Pro_updated.html 200 - 54ms","timestamp":"2026-05-02T16:12:06.009Z"}
{"level":"info","message":"GET / 304 - 19ms","timestamp":"2026-05-02T16:13:09.958Z"}
{"level":"info","message":"GET /css/style.css 304 - 16ms","timestamp":"2026-05-02T16:13:10.095Z"}
{"level":"info","message":"GET /js/main.js?v=2 304 - 11ms","timestamp":"2026-05-02T16:13:10.098Z"}
{"level":"info","message":"GET /css/base.css 304 - 3ms","timestamp":"2026-05-02T16:13:10.106Z"}
{"level":"info","message":"GET /css/components.css 304 - 8ms","timestamp":"2026-05-02T16:13:10.114Z"}
{"level":"info","message":"GET /css/forms.css 304 - 2ms","timestamp":"2026-05-02T16:13:10.121Z"}
{"level":"info","message":"GET /css/layout.css 304 - 15ms","timestamp":"2026-05-02T16:13:10.135Z"}
{"level":"info","message":"GET /css/tables.css 304 - 8ms","timestamp":"2026-05-02T16:13:10.136Z"}
{"level":"info","message":"GET /css/utilities.css 304 - 12ms","timestamp":"2026-05-02T16:13:10.144Z"}
{"level":"info","message":"GET /css/pages.css 304 - 13ms","timestamp":"2026-05-02T16:13:10.147Z"}
{"level":"info","message":"GET /css/ppt.css 304 - 38ms","timestamp":"2026-05-02T16:13:10.172Z"}
{"level":"info","message":"GET /.well-known/appspecific/com.chrome.devtools.json 304 - 30ms","timestamp":"2026-05-02T16:13:10.181Z"}
{"level":"info","message":"GET /js/helpers.js 304 - 7ms","timestamp":"2026-05-02T16:13:10.656Z"}
{"level":"info","message":"GET /js/dealForm.js 304 - 11ms","timestamp":"2026-05-02T16:13:10.661Z"}
{"level":"info","message":"GET /js/ppt.js 304 - 16ms","timestamp":"2026-05-02T16:13:10.668Z"}
{"level":"info","message":"GET /js/records.js 304 - 29ms","timestamp":"2026-05-02T16:13:10.683Z"}
{"level":"info","message":"GET /js/summary.js 304 - 44ms","timestamp":"2026-05-02T16:13:10.698Z"}
{"level":"info","message":"GET /js/health.js 304 - 60ms","timestamp":"2026-05-02T16:13:10.714Z"}
{"level":"info","message":"GET /js/ui.js 304 - 17ms","timestamp":"2026-05-02T16:13:10.736Z"}
{"level":"info","message":"GET /components/topbar.html 304 - 20ms","timestamp":"2026-05-02T16:13:10.788Z"}
{"level":"info","message":"GET /components/sidebar.html 304 - 28ms","timestamp":"2026-05-02T16:13:10.812Z"}
{"level":"info","message":"GET /favicon.ico 304 - 37ms","timestamp":"2026-05-02T16:13:10.822Z"}
{"level":"info","message":"GET /pages/summary.html 304 - 22ms","timestamp":"2026-05-02T16:13:10.867Z"}
{"level":"info","message":"GET /pages/new-deal.html 304 - 18ms","timestamp":"2026-05-02T16:13:10.869Z"}
{"level":"info","message":"GET /pages/records.html 304 - 23ms","timestamp":"2026-05-02T16:13:10.877Z"}
{"level":"info","message":"GET /pages/health.html 304 - 24ms","timestamp":"2026-05-02T16:13:10.879Z"}
{"level":"info","message":"GET /pages/calculator.html 304 - 25ms","timestamp":"2026-05-02T16:13:10.882Z"}
{"level":"info","message":"GET /api/deals 304 - 298ms","timestamp":"2026-05-02T16:13:11.280Z"}
{"level":"info","message":"GET /pages/calculator/Insurance_Pro_updated.html 200 - 51ms","timestamp":"2026-05-02T16:13:12.494Z"}
{"level":"info","message":"GET /css/base.css 304 - 2ms","timestamp":"2026-05-02T16:15:30.468Z"}
{"level":"info","message":"GET /css/style.css 304 - 25ms","timestamp":"2026-05-02T16:15:30.502Z"}
{"level":"info","message":"GET /css/tables.css 304 - 38ms","timestamp":"2026-05-02T16:15:30.519Z"}
{"level":"info","message":"GET /css/forms.css 304 - 36ms","timestamp":"2026-05-02T16:15:30.522Z"}
{"level":"info","message":"GET /css/layout.css 304 - 41ms","timestamp":"2026-05-02T16:15:30.532Z"}
{"level":"info","message":"GET /css/components.css 304 - 6ms","timestamp":"2026-05-02T16:15:30.535Z"}
{"level":"info","message":"GET /css/pages.css 304 - 6ms","timestamp":"2026-05-02T16:15:30.537Z"}
{"level":"info","message":"GET /css/ppt.css 304 - 39ms","timestamp":"2026-05-02T16:15:30.579Z"}
{"level":"info","message":"GET /css/utilities.css 304 - 43ms","timestamp":"2026-05-02T16:15:30.583Z"}
{"level":"info","message":"GET /.well-known/appspecific/com.chrome.devtools.json 304 - 43ms","timestamp":"2026-05-02T16:15:30.584Z"}
{"level":"info","message":"GET / 304 - 6ms","timestamp":"2026-05-02T16:16:33.051Z"}
{"level":"info","message":"GET /css/style.css 304 - 17ms","timestamp":"2026-05-02T16:16:33.141Z"}
{"level":"info","message":"GET /js/main.js?v=2 304 - 17ms","timestamp":"2026-05-02T16:16:33.170Z"}
{"level":"info","message":"GET /css/base.css 304 - 15ms","timestamp":"2026-05-02T16:16:33.197Z"}
{"level":"info","message":"GET /css/layout.css 304 - 13ms","timestamp":"2026-05-02T16:16:33.199Z"}
{"level":"info","message":"GET /css/components.css 304 - 17ms","timestamp":"2026-05-02T16:16:33.212Z"}
{"level":"info","message":"GET /css/forms.css 304 - 19ms","timestamp":"2026-05-02T16:16:33.214Z"}
{"level":"info","message":"GET /css/tables.css 304 - 1ms","timestamp":"2026-05-02T16:16:33.220Z"}
{"level":"info","message":"GET /css/pages.css 304 - 6ms","timestamp":"2026-05-02T16:16:33.225Z"}
{"level":"info","message":"GET /css/ppt.css 304 - 3ms","timestamp":"2026-05-02T16:16:33.230Z"}
{"level":"info","message":"GET /css/utilities.css 304 - 3ms","timestamp":"2026-05-02T16:16:33.231Z"}
{"level":"info","message":"GET /.well-known/appspecific/com.chrome.devtools.json 304 - 4ms","timestamp":"2026-05-02T16:16:33.233Z"}
{"level":"info","message":"GET /js/ppt.js 304 - 6ms","timestamp":"2026-05-02T16:16:33.574Z"}
{"level":"info","message":"GET /js/records.js 304 - 6ms","timestamp":"2026-05-02T16:16:33.575Z"}
{"level":"info","message":"GET /js/helpers.js 304 - 7ms","timestamp":"2026-05-02T16:16:33.580Z"}
{"level":"info","message":"GET /js/dealForm.js 304 - 13ms","timestamp":"2026-05-02T16:16:33.586Z"}
{"level":"info","message":"GET /js/summary.js 304 - 2ms","timestamp":"2026-05-02T16:16:33.594Z"}
{"level":"info","message":"GET /js/health.js 304 - 4ms","timestamp":"2026-05-02T16:16:33.597Z"}
{"level":"info","message":"GET /js/ui.js 304 - 4ms","timestamp":"2026-05-02T16:16:33.607Z"}
{"level":"info","message":"GET /components/topbar.html 304 - 3ms","timestamp":"2026-05-02T16:16:33.623Z"}
{"level":"info","message":"GET /components/sidebar.html 304 - 5ms","timestamp":"2026-05-02T16:16:33.632Z"}
{"level":"info","message":"GET /favicon.ico 304 - 7ms","timestamp":"2026-05-02T16:16:33.651Z"}
{"level":"info","message":"GET /pages/new-deal.html 304 - 7ms","timestamp":"2026-05-02T16:16:33.666Z"}
{"level":"info","message":"GET /pages/records.html 304 - 7ms","timestamp":"2026-05-02T16:16:33.670Z"}
{"level":"info","message":"GET /pages/summary.html 304 - 4ms","timestamp":"2026-05-02T16:16:33.686Z"}
{"level":"info","message":"GET /pages/health.html 304 - 17ms","timestamp":"2026-05-02T16:16:33.700Z"}
{"level":"info","message":"GET /pages/calculator.html 200 - 30ms","timestamp":"2026-05-02T16:16:33.712Z"}
{"level":"info","message":"GET /api/deals 304 - 48ms","timestamp":"2026-05-02T16:16:33.810Z"}
{"level":"info","message":"GET /pages/calculator/Insurance_Pro_updated.html 304 - 2ms","timestamp":"2026-05-02T16:16:35.603Z"}
{"level":"info","message":"GET /api/deals/health 200 - 207ms","timestamp":"2026-05-02T16:16:41.928Z"}
{"level":"info","message":"GET /api/deals/health 200 - 43ms","timestamp":"2026-05-02T16:16:41.980Z"}
{"level":"info","message":"GET /api/deals/health 200 - 21ms","timestamp":"2026-05-02T16:16:52.593Z"}
{"level":"info","message":"GET /api/deals/health 200 - 25ms","timestamp":"2026-05-02T16:16:52.630Z"}
{"level":"info","message":"GET /api/deals/health 200 - 9ms","timestamp":"2026-05-02T16:16:57.969Z"}
{"level":"info","message":"GET /api/deals/health 200 - 13ms","timestamp":"2026-05-02T16:16:57.985Z"}
{"level":"info","message":"GET /api/deals/health 200 - 63ms","timestamp":"2026-05-02T16:20:27.236Z"}
{"level":"info","message":"GET /api/deals/health 200 - 14ms","timestamp":"2026-05-02T16:20:27.263Z"}
{"level":"info","message":"GET / 304 - 55ms","timestamp":"2026-05-02T16:21:58.169Z"}
{"level":"info","message":"GET /css/style.css 304 - 4ms","timestamp":"2026-05-02T16:21:58.360Z"}
{"level":"info","message":"GET /js/main.js?v=2 304 - 14ms","timestamp":"2026-05-02T16:21:58.372Z"}
{"level":"info","message":"GET /css/base.css 304 - 4ms","timestamp":"2026-05-02T16:21:58.393Z"}
{"level":"info","message":"GET /css/layout.css 304 - 11ms","timestamp":"2026-05-02T16:21:58.402Z"}
{"level":"info","message":"GET /css/components.css 304 - 9ms","timestamp":"2026-05-02T16:21:58.417Z"}
{"level":"info","message":"GET /css/forms.css 304 - 18ms","timestamp":"2026-05-02T16:21:58.427Z"}
{"level":"info","message":"GET /css/tables.css 304 - 28ms","timestamp":"2026-05-02T16:21:58.439Z"}
{"level":"info","message":"GET /css/pages.css 304 - 32ms","timestamp":"2026-05-02T16:21:58.443Z"}
{"level":"info","message":"GET /css/ppt.css 304 - 13ms","timestamp":"2026-05-02T16:21:58.448Z"}
{"level":"info","message":"GET /css/utilities.css 304 - 16ms","timestamp":"2026-05-02T16:21:58.452Z"}
{"level":"info","message":"GET /js/helpers.js 304 - 3ms","timestamp":"2026-05-02T16:21:58.646Z"}
{"level":"info","message":"GET /js/dealForm.js 304 - 6ms","timestamp":"2026-05-02T16:21:58.650Z"}
{"level":"info","message":"GET /js/ppt.js 304 - 17ms","timestamp":"2026-05-02T16:21:58.662Z"}
{"level":"info","message":"GET /js/records.js 304 - 16ms","timestamp":"2026-05-02T16:21:58.667Z"}
{"level":"info","message":"GET /js/summary.js 304 - 18ms","timestamp":"2026-05-02T16:21:58.672Z"}
{"level":"info","message":"GET /js/health.js 304 - 9ms","timestamp":"2026-05-02T16:21:58.684Z"}
{"level":"info","message":"GET /js/ui.js 304 - 14ms","timestamp":"2026-05-02T16:21:58.690Z"}
{"level":"info","message":"GET /components/topbar.html 304 - 5ms","timestamp":"2026-05-02T16:21:58.717Z"}
{"level":"info","message":"GET /components/sidebar.html 304 - 8ms","timestamp":"2026-05-02T16:21:58.720Z"}
{"level":"info","message":"GET /favicon.ico 304 - 31ms","timestamp":"2026-05-02T16:21:58.755Z"}
{"level":"info","message":"GET /pages/new-deal.html 304 - 7ms","timestamp":"2026-05-02T16:21:58.758Z"}
{"level":"info","message":"GET /pages/records.html 304 - 8ms","timestamp":"2026-05-02T16:21:58.759Z"}
{"level":"info","message":"GET /pages/health.html 304 - 8ms","timestamp":"2026-05-02T16:21:58.760Z"}
{"level":"info","message":"GET /pages/summary.html 304 - 10ms","timestamp":"2026-05-02T16:21:58.763Z"}
{"level":"info","message":"GET /pages/calculator.html 304 - 12ms","timestamp":"2026-05-02T16:21:58.766Z"}
{"level":"info","message":"GET /api/deals 304 - 123ms","timestamp":"2026-05-02T16:21:59.128Z"}
{"level":"info","message":"GET / 304 - 22ms","timestamp":"2026-05-02T16:49:02.540Z"}
{"level":"info","message":"GET /css/style.css 304 - 1ms","timestamp":"2026-05-02T16:49:02.633Z"}
{"level":"info","message":"GET /js/main.js?v=2 304 - 1ms","timestamp":"2026-05-02T16:49:02.639Z"}
{"level":"info","message":"GET /css/base.css 304 - 3ms","timestamp":"2026-05-02T16:49:02.675Z"}
{"level":"info","message":"GET /css/layout.css 304 - 4ms","timestamp":"2026-05-02T16:49:02.677Z"}
{"level":"info","message":"GET /css/components.css 304 - 2ms","timestamp":"2026-05-02T16:49:02.681Z"}
{"level":"info","message":"GET /css/forms.css 304 - 4ms","timestamp":"2026-05-02T16:49:02.684Z"}
{"level":"info","message":"GET /css/pages.css 304 - 5ms","timestamp":"2026-05-02T16:49:02.686Z"}
{"level":"info","message":"GET /css/tables.css 304 - 5ms","timestamp":"2026-05-02T16:49:02.687Z"}
{"level":"info","message":"GET /css/ppt.css 304 - 2ms","timestamp":"2026-05-02T16:49:02.690Z"}
{"level":"info","message":"GET /css/utilities.css 304 - 2ms","timestamp":"2026-05-02T16:49:02.691Z"}
{"level":"info","message":"GET /js/helpers.js 304 - 2ms","timestamp":"2026-05-02T16:49:02.877Z"}
{"level":"info","message":"GET /js/dealForm.js 304 - 2ms","timestamp":"2026-05-02T16:49:02.879Z"}
{"level":"info","message":"GET /js/ppt.js 304 - 3ms","timestamp":"2026-05-02T16:49:02.883Z"}
{"level":"info","message":"GET /js/records.js 304 - 5ms","timestamp":"2026-05-02T16:49:02.886Z"}
{"level":"info","message":"GET /js/summary.js 304 - 6ms","timestamp":"2026-05-02T16:49:02.888Z"}
{"level":"info","message":"GET /js/health.js 304 - 8ms","timestamp":"2026-05-02T16:49:02.890Z"}
{"level":"info","message":"GET /js/ui.js 304 - 1ms","timestamp":"2026-05-02T16:49:02.893Z"}
{"level":"info","message":"GET /components/topbar.html 304 - 3ms","timestamp":"2026-05-02T16:49:02.911Z"}
{"level":"info","message":"GET /components/sidebar.html 304 - 8ms","timestamp":"2026-05-02T16:49:02.918Z"}
{"level":"info","message":"GET /pages/new-deal.html 304 - 3ms","timestamp":"2026-05-02T16:49:02.938Z"}
{"level":"info","message":"GET /pages/records.html 304 - 4ms","timestamp":"2026-05-02T16:49:02.940Z"}
{"level":"info","message":"GET /pages/summary.html 304 - 6ms","timestamp":"2026-05-02T16:49:02.942Z"}
{"level":"info","message":"GET /pages/health.html 304 - 14ms","timestamp":"2026-05-02T16:49:02.952Z"}
{"level":"info","message":"GET /pages/calculator.html 304 - 5ms","timestamp":"2026-05-02T16:49:02.953Z"}
{"level":"info","message":"GET /favicon.ico 304 - 13ms","timestamp":"2026-05-02T16:49:02.962Z"}
{"level":"info","message":"GET /api/deals 304 - 125ms","timestamp":"2026-05-02T16:49:03.129Z"}
{"level":"info","message":"GET / 304 - 21ms","timestamp":"2026-05-02T17:00:28.294Z"}
{"level":"info","message":"GET /css/style.css 304 - 7ms","timestamp":"2026-05-02T17:00:28.374Z"}
{"level":"info","message":"GET /css/base.css 304 - 20ms","timestamp":"2026-05-02T17:00:28.443Z"}
{"level":"info","message":"GET /css/layout.css 304 - 22ms","timestamp":"2026-05-02T17:00:28.446Z"}
{"level":"info","message":"GET /js/main.js?v=2 200 - 95ms","timestamp":"2026-05-02T17:00:28.465Z"}
{"level":"info","message":"GET /css/components.css 304 - 20ms","timestamp":"2026-05-02T17:00:28.469Z"}
{"level":"info","message":"GET /css/forms.css 304 - 22ms","timestamp":"2026-05-02T17:00:28.471Z"}
{"level":"info","message":"GET /css/pages.css 304 - 3ms","timestamp":"2026-05-02T17:00:28.475Z"}
{"level":"info","message":"GET /css/ppt.css 304 - 3ms","timestamp":"2026-05-02T17:00:28.476Z"}
{"level":"info","message":"GET /css/tables.css 304 - 4ms","timestamp":"2026-05-02T17:00:28.477Z"}
{"level":"info","message":"GET /css/utilities.css 304 - 1ms","timestamp":"2026-05-02T17:00:28.479Z"}
{"level":"info","message":"GET /js/helpers.js 304 - 3ms","timestamp":"2026-05-02T17:00:28.728Z"}
{"level":"info","message":"GET /js/dealForm.js 304 - 4ms","timestamp":"2026-05-02T17:00:28.730Z"}
{"level":"info","message":"GET /js/ppt.js 304 - 12ms","timestamp":"2026-05-02T17:00:28.739Z"}
{"level":"info","message":"GET /js/records.js 304 - 13ms","timestamp":"2026-05-02T17:00:28.749Z"}
{"level":"info","message":"GET /js/summary.js 304 - 14ms","timestamp":"2026-05-02T17:00:28.758Z"}
{"level":"info","message":"GET /js/health.js 304 - 17ms","timestamp":"2026-05-02T17:00:28.762Z"}
{"level":"info","message":"GET /js/ui.js 304 - 27ms","timestamp":"2026-05-02T17:00:28.774Z"}
{"level":"info","message":"GET /js/FILTERPPTDOWNLOAD.js 200 - 45ms","timestamp":"2026-05-02T17:00:28.778Z"}
{"level":"info","message":"GET /components/topbar.html 304 - 4ms","timestamp":"2026-05-02T17:00:28.809Z"}
{"level":"info","message":"GET /components/sidebar.html 304 - 9ms","timestamp":"2026-05-02T17:00:28.816Z"}
{"level":"info","message":"GET /favicon.ico 304 - 6ms","timestamp":"2026-05-02T17:00:28.834Z"}
{"level":"info","message":"GET /pages/new-deal.html 304 - 6ms","timestamp":"2026-05-02T17:00:28.845Z"}
{"level":"info","message":"GET /pages/summary.html 304 - 15ms","timestamp":"2026-05-02T17:00:28.858Z"}
{"level":"info","message":"GET /pages/health.html 304 - 4ms","timestamp":"2026-05-02T17:00:28.865Z"}
{"level":"info","message":"GET /pages/calculator.html 304 - 10ms","timestamp":"2026-05-02T17:00:28.875Z"}
{"level":"info","message":"GET /pages/records.html 200 - 39ms","timestamp":"2026-05-02T17:00:28.880Z"}
{"level":"info","message":"GET /api/deals 304 - 40ms","timestamp":"2026-05-02T17:00:28.958Z"}
{"level":"info","message":"GET /api/deals 304 - 40ms","timestamp":"2026-05-02T17:00:32.501Z"}
{"level":"info","message":"GET /api/deals 304 - 33ms","timestamp":"2026-05-02T17:00:54.199Z"}
{"level":"info","message":"PUT /api/deals/69f242939382f9425f634483 200 - 312ms","timestamp":"2026-05-02T17:03:53.339Z"}
{"level":"info","message":"GET /api/deals 200 - 162ms","timestamp":"2026-05-02T17:03:55.488Z"}
{"level":"info","message":"POST /api/deals 201 - 374ms","timestamp":"2026-05-02T17:04:52.992Z"}
{"level":"info","message":"GET /api/deals 200 - 60ms","timestamp":"2026-05-02T17:04:54.820Z"}
{"level":"info","message":"GET /favicon.ico 304 - 11ms","timestamp":"2026-05-02T17:05:12.219Z"}
{"level":"info","message":"GET /uploads/1777484435683-801786388-hyundai_kia_insurance_calculator.html 200 - 10ms","timestamp":"2026-05-02T17:05:15.182Z"}
{"level":"info","message":"GET /api/deals 304 - 44ms","timestamp":"2026-05-02T17:05:37.436Z"}
{"level":"info","message":"GET /api/deals/health 200 - 203ms","timestamp":"2026-05-02T17:24:58.277Z"}
{"level":"info","message":"GET /api/deals/health 200 - 7ms","timestamp":"2026-05-02T17:24:58.292Z"}
{"level":"info","message":"GET /pages/mis_v6.html 200 - 131ms","timestamp":"2026-05-02T23:57:45.804Z"}
{"level":"info","message":"GET / 304 - 16ms","timestamp":"2026-05-02T23:59:26.420Z"}
{"level":"info","message":"GET /css/style.css 304 - 8ms","timestamp":"2026-05-02T23:59:26.850Z"}
{"level":"info","message":"GET /js/main.js?v=2 200 - 17ms","timestamp":"2026-05-02T23:59:26.874Z"}
{"level":"info","message":"GET /css/base.css 304 - 1ms","timestamp":"2026-05-02T23:59:26.891Z"}
{"level":"info","message":"GET /css/layout.css 304 - 2ms","timestamp":"2026-05-02T23:59:26.898Z"}
{"level":"info","message":"GET /css/components.css 304 - 4ms","timestamp":"2026-05-02T23:59:26.901Z"}
{"level":"info","message":"GET /css/forms.css 304 - 1ms","timestamp":"2026-05-02T23:59:26.910Z"}
{"level":"info","message":"GET /css/tables.css 304 - 5ms","timestamp":"2026-05-02T23:59:26.916Z"}
{"level":"info","message":"GET /css/ppt.css 304 - 5ms","timestamp":"2026-05-02T23:59:26.917Z"}
{"level":"info","message":"GET /css/pages.css 304 - 12ms","timestamp":"2026-05-02T23:59:26.941Z"}
{"level":"info","message":"GET /css/utilities.css 304 - 33ms","timestamp":"2026-05-02T23:59:26.947Z"}
{"level":"info","message":"GET /js/helpers.js 304 - 3ms","timestamp":"2026-05-02T23:59:27.247Z"}
{"level":"info","message":"GET /js/dealForm.js 304 - 4ms","timestamp":"2026-05-02T23:59:27.249Z"}
{"level":"info","message":"GET /js/ppt.js 304 - 5ms","timestamp":"2026-05-02T23:59:27.250Z"}
{"level":"info","message":"GET /js/records.js 304 - 6ms","timestamp":"2026-05-02T23:59:27.252Z"}
{"level":"info","message":"GET /js/summary.js 304 - 2ms","timestamp":"2026-05-02T23:59:27.253Z"}
{"level":"info","message":"GET /js/FILTERPPTDOWNLOAD.js 304 - 6ms","timestamp":"2026-05-02T23:59:27.263Z"}
{"level":"info","message":"GET /js/health.js 304 - 3ms","timestamp":"2026-05-02T23:59:27.264Z"}
{"level":"info","message":"GET /js/ui.js 200 - 4ms","timestamp":"2026-05-02T23:59:27.269Z"}
{"level":"info","message":"GET /components/topbar.html 304 - 1ms","timestamp":"2026-05-02T23:59:27.281Z"}
{"level":"info","message":"GET /components/sidebar.html 200 - 9ms","timestamp":"2026-05-02T23:59:27.289Z"}
{"level":"info","message":"GET /favicon.ico 304 - 4ms","timestamp":"2026-05-02T23:59:27.298Z"}
{"level":"info","message":"GET /pages/new-deal.html 304 - 4ms","timestamp":"2026-05-02T23:59:27.303Z"}
{"level":"info","message":"GET /pages/summary.html 304 - 3ms","timestamp":"2026-05-02T23:59:27.304Z"}
{"level":"info","message":"GET /pages/records.html 304 - 5ms","timestamp":"2026-05-02T23:59:27.307Z"}
{"level":"info","message":"GET /pages/calculator.html 304 - 2ms","timestamp":"2026-05-02T23:59:27.312Z"}
{"level":"info","message":"GET /pages/health.html 304 - 2ms","timestamp":"2026-05-02T23:59:27.313Z"}
{"level":"info","message":"GET /pages/mis.html 200 - 14ms","timestamp":"2026-05-02T23:59:27.316Z"}
{"level":"info","message":"GET /pages/mis_v6.html 200 - 8ms","timestamp":"2026-05-02T23:59:27.457Z"}
{"level":"info","message":"GET /api/deals 304 - 233ms","timestamp":"2026-05-02T23:59:27.594Z"}
{"level":"info","message":"GET /pages/mis_v6.html 200 - 15ms","timestamp":"2026-05-03T00:03:36.275Z"}
{"level":"info","message":"GET / 304 - 19ms","timestamp":"2026-05-03T00:04:02.023Z"}
{"level":"info","message":"GET /css/style.css 304 - 2ms","timestamp":"2026-05-03T00:04:02.297Z"}
{"level":"info","message":"GET /js/main.js?v=2 200 - 43ms","timestamp":"2026-05-03T00:04:02.345Z"}
{"level":"info","message":"GET /css/base.css 304 - 18ms","timestamp":"2026-05-03T00:04:02.346Z"}
{"level":"info","message":"GET /css/layout.css 304 - 31ms","timestamp":"2026-05-03T00:04:02.369Z"}
{"level":"info","message":"GET /css/forms.css 304 - 5ms","timestamp":"2026-05-03T00:04:02.380Z"}
{"level":"info","message":"GET /css/components.css 304 - 12ms","timestamp":"2026-05-03T00:04:02.385Z"}
{"level":"info","message":"GET /css/pages.css 304 - 4ms","timestamp":"2026-05-03T00:04:02.390Z"}
{"level":"info","message":"GET /css/ppt.css 304 - 7ms","timestamp":"2026-05-03T00:04:02.395Z"}
{"level":"info","message":"GET /css/utilities.css 304 - 9ms","timestamp":"2026-05-03T00:04:02.397Z"}
{"level":"info","message":"GET /css/tables.css 304 - 16ms","timestamp":"2026-05-03T00:04:02.405Z"}
{"level":"info","message":"GET /js/helpers.js 304 - 5ms","timestamp":"2026-05-03T00:04:02.704Z"}
{"level":"info","message":"GET /js/dealForm.js 304 - 6ms","timestamp":"2026-05-03T00:04:02.706Z"}
{"level":"info","message":"GET /js/ppt.js 304 - 8ms","timestamp":"2026-05-03T00:04:02.709Z"}
{"level":"info","message":"GET /js/summary.js 304 - 13ms","timestamp":"2026-05-03T00:04:02.714Z"}
{"level":"info","message":"GET /js/records.js 304 - 14ms","timestamp":"2026-05-03T00:04:02.716Z"}
{"level":"info","message":"GET /js/health.js 304 - 19ms","timestamp":"2026-05-03T00:04:02.722Z"}
{"level":"info","message":"GET /js/FILTERPPTDOWNLOAD.js 304 - 1ms","timestamp":"2026-05-03T00:04:02.728Z"}
{"level":"info","message":"GET /js/ui.js 200 - 5ms","timestamp":"2026-05-03T00:04:02.731Z"}
{"level":"info","message":"GET /components/topbar.html 304 - 3ms","timestamp":"2026-05-03T00:04:02.745Z"}
{"level":"info","message":"GET /components/sidebar.html 200 - 3ms","timestamp":"2026-05-03T00:04:02.753Z"}
{"level":"info","message":"GET /favicon.ico 304 - 2ms","timestamp":"2026-05-03T00:04:02.880Z"}
{"level":"info","message":"GET /pages/new-deal.html 304 - 2ms","timestamp":"2026-05-03T00:04:02.881Z"}
{"level":"info","message":"GET /pages/summary.html 304 - 2ms","timestamp":"2026-05-03T00:04:02.884Z"}
{"level":"info","message":"GET /pages/records.html 304 - 2ms","timestamp":"2026-05-03T00:04:02.885Z"}
{"level":"info","message":"GET /pages/health.html 304 - 1ms","timestamp":"2026-05-03T00:04:02.888Z"}
{"level":"info","message":"GET /pages/calculator.html 304 - 1ms","timestamp":"2026-05-03T00:04:02.890Z"}
{"level":"info","message":"GET /api/deals 304 - 87ms","timestamp":"2026-05-03T00:04:03.124Z"}
{"level":"info","message":"GET /pages/mis_v6.html 200 - 12ms","timestamp":"2026-05-03T00:04:05.788Z"}
{"level":"info","message":"GET /favicon.ico 304 - 4ms","timestamp":"2026-05-03T00:04:06.587Z"}
{"level":"info","message":"GET /pages/mis_v6.html 200 - 92ms","timestamp":"2026-05-03T00:07:28.400Z"}
{"level":"info","message":"GET /pages/mis_v6.html 200 - 12ms","timestamp":"2026-05-03T00:08:01.535Z"}
{"level":"info","message":"GET /favicon.ico 304 - 12ms","timestamp":"2026-05-03T00:08:01.971Z"}
{"level":"info","message":"GET /pages/mis_v6.html 304 - 2ms","timestamp":"2026-05-03T00:08:03.182Z"}
{"level":"info","message":"GET /favicon.ico 304 - 4ms","timestamp":"2026-05-03T00:08:03.466Z"}
{"level":"info","message":"GET /pages/index.html 304 - 4ms","timestamp":"2026-05-03T00:08:05.076Z"}
{"level":"info","message":"GET /pages/css/style.css 304 - 8ms","timestamp":"2026-05-03T00:08:05.137Z"}
{"level":"info","message":"GET /pages/js/main.js?v=2 304 - 11ms","timestamp":"2026-05-03T00:08:05.156Z"}
{"level":"info","message":"GET /favicon.ico 304 - 1ms","timestamp":"2026-05-03T00:08:05.346Z"}
{"level":"info","message":"GET / 304 - 3ms","timestamp":"2026-05-03T00:08:12.459Z"}
{"level":"info","message":"GET /css/style.css 304 - 6ms","timestamp":"2026-05-03T00:08:12.605Z"}
{"level":"info","message":"GET /js/main.js?v=2 304 - 3ms","timestamp":"2026-05-03T00:08:12.613Z"}
{"level":"info","message":"GET /css/base.css 304 - 3ms","timestamp":"2026-05-03T00:08:12.676Z"}
{"level":"info","message":"GET /css/layout.css 304 - 7ms","timestamp":"2026-05-03T00:08:12.681Z"}
{"level":"info","message":"GET /css/components.css 304 - 6ms","timestamp":"2026-05-03T00:08:12.693Z"}
{"level":"info","message":"GET /css/forms.css 304 - 11ms","timestamp":"2026-05-03T00:08:12.701Z"}
{"level":"info","message":"GET /css/tables.css 304 - 13ms","timestamp":"2026-05-03T00:08:12.709Z"}
{"level":"info","message":"GET /css/pages.css 304 - 5ms","timestamp":"2026-05-03T00:08:12.712Z"}
{"level":"info","message":"GET /css/ppt.css 304 - 5ms","timestamp":"2026-05-03T00:08:12.722Z"}
{"level":"info","message":"GET /css/utilities.css 304 - 6ms","timestamp":"2026-05-03T00:08:12.725Z"}
{"level":"info","message":"GET /js/helpers.js 304 - 7ms","timestamp":"2026-05-03T00:08:13.433Z"}
{"level":"info","message":"GET /js/dealForm.js 304 - 10ms","timestamp":"2026-05-03T00:08:13.439Z"}
{"level":"info","message":"GET /js/ppt.js 304 - 21ms","timestamp":"2026-05-03T00:08:13.449Z"}
{"level":"info","message":"GET /js/records.js 304 - 12ms","timestamp":"2026-05-03T00:08:13.458Z"}
{"level":"info","message":"GET /js/summary.js 304 - 10ms","timestamp":"2026-05-03T00:08:13.462Z"}
{"level":"info","message":"GET /js/ui.js 304 - 17ms","timestamp":"2026-05-03T00:08:13.470Z"}
{"level":"info","message":"GET /js/FILTERPPTDOWNLOAD.js 304 - 18ms","timestamp":"2026-05-03T00:08:13.473Z"}
{"level":"info","message":"GET /js/health.js 304 - 20ms","timestamp":"2026-05-03T00:08:13.477Z"}
{"level":"info","message":"GET /components/topbar.html 304 - 6ms","timestamp":"2026-05-03T00:08:13.507Z"}
{"level":"info","message":"GET /components/sidebar.html 304 - 7ms","timestamp":"2026-05-03T00:08:13.512Z"}
{"level":"info","message":"GET /favicon.ico 304 - 5ms","timestamp":"2026-05-03T00:08:13.533Z"}
{"level":"info","message":"GET /pages/new-deal.html 304 - 1ms","timestamp":"2026-05-03T00:08:13.542Z"}
{"level":"info","message":"GET /pages/records.html 304 - 4ms","timestamp":"2026-05-03T00:08:13.547Z"}
{"level":"info","message":"GET /pages/summary.html 304 - 4ms","timestamp":"2026-05-03T00:08:13.549Z"}
{"level":"info","message":"GET /pages/health.html 304 - 6ms","timestamp":"2026-05-03T00:08:13.552Z"}
{"level":"info","message":"GET /pages/calculator.html 304 - 5ms","timestamp":"2026-05-03T00:08:13.556Z"}
{"level":"info","message":"GET /api/deals 304 - 122ms","timestamp":"2026-05-03T00:08:13.713Z"}
{"level":"info","message":"GET /pages/mis_v6.html 304 - 2ms","timestamp":"2026-05-03T00:08:16.331Z"}
{"level":"info","message":"GET /favicon.ico 304 - 2ms","timestamp":"2026-05-03T00:08:17.101Z"}
{"level":"info","message":"GET /pages/index.html 304 - 3ms","timestamp":"2026-05-03T00:08:18.832Z"}
{"level":"info","message":"GET /pages/css/style.css 304 - 6ms","timestamp":"2026-05-03T00:08:18.890Z"}
{"level":"info","message":"GET /pages/js/main.js?v=2 304 - 3ms","timestamp":"2026-05-03T00:08:18.907Z"}
{"level":"info","message":"GET /favicon.ico 304 - 3ms","timestamp":"2026-05-03T00:08:19.099Z"}
{"level":"info","message":"GET / 304 - 3ms","timestamp":"2026-05-03T00:09:06.104Z"}
{"level":"info","message":"GET /css/style.css 304 - 2ms","timestamp":"2026-05-03T00:09:06.609Z"}
{"level":"info","message":"GET /js/main.js?v=2 304 - 12ms","timestamp":"2026-05-03T00:09:06.620Z"}
{"level":"info","message":"GET /css/base.css 304 - 2ms","timestamp":"2026-05-03T00:09:06.633Z"}
{"level":"info","message":"GET /css/layout.css 304 - 3ms","timestamp":"2026-05-03T00:09:06.635Z"}
{"level":"info","message":"GET /css/components.css 304 - 1ms","timestamp":"2026-05-03T00:09:06.639Z"}
{"level":"info","message":"GET /css/forms.css 304 - 3ms","timestamp":"2026-05-03T00:09:06.650Z"}
{"level":"info","message":"GET /css/tables.css 304 - 4ms","timestamp":"2026-05-03T00:09:06.653Z"}
{"level":"info","message":"GET /css/pages.css 304 - 4ms","timestamp":"2026-05-03T00:09:06.656Z"}
{"level":"info","message":"GET /css/ppt.css 304 - 1ms","timestamp":"2026-05-03T00:09:06.657Z"}
{"level":"info","message":"GET /css/utilities.css 304 - 2ms","timestamp":"2026-05-03T00:09:06.672Z"}
{"level":"info","message":"GET /js/helpers.js 304 - 4ms","timestamp":"2026-05-03T00:09:06.922Z"}
{"level":"info","message":"GET /js/dealForm.js 304 - 4ms","timestamp":"2026-05-03T00:09:06.924Z"}
{"level":"info","message":"GET /js/ppt.js 304 - 2ms","timestamp":"2026-05-03T00:09:06.928Z"}
{"level":"info","message":"GET /js/summary.js 304 - 7ms","timestamp":"2026-05-03T00:09:06.933Z"}
{"level":"info","message":"GET /js/ui.js 304 - 12ms","timestamp":"2026-05-03T00:09:06.940Z"}
{"level":"info","message":"GET /js/records.js 304 - 5ms","timestamp":"2026-05-03T00:09:06.948Z"}
{"level":"info","message":"GET /js/health.js 304 - 5ms","timestamp":"2026-05-03T00:09:06.951Z"}
{"level":"info","message":"GET /js/FILTERPPTDOWNLOAD.js 304 - 2ms","timestamp":"2026-05-03T00:09:06.958Z"}
{"level":"info","message":"GET /components/topbar.html 304 - 2ms","timestamp":"2026-05-03T00:09:06.973Z"}
{"level":"info","message":"GET /components/sidebar.html 304 - 2ms","timestamp":"2026-05-03T00:09:06.974Z"}
{"level":"info","message":"GET /pages/new-deal.html 304 - 3ms","timestamp":"2026-05-03T00:09:07.005Z"}
{"level":"info","message":"GET /pages/records.html 304 - 3ms","timestamp":"2026-05-03T00:09:07.006Z"}
{"level":"info","message":"GET /pages/summary.html 304 - 4ms","timestamp":"2026-05-03T00:09:07.008Z"}
{"level":"info","message":"GET /pages/health.html 304 - 6ms","timestamp":"2026-05-03T00:09:07.013Z"}
{"level":"info","message":"GET /pages/calculator.html 304 - 5ms","timestamp":"2026-05-03T00:09:07.015Z"}
{"level":"info","message":"GET /favicon.ico 304 - 10ms","timestamp":"2026-05-03T00:09:07.021Z"}
{"level":"info","message":"GET /api/deals 304 - 20ms","timestamp":"2026-05-03T00:09:07.233Z"}
{"level":"info","message":"GET /pages/mis_v6.html 304 - 1ms","timestamp":"2026-05-03T00:09:09.633Z"}
{"level":"info","message":"GET /favicon.ico 304 - 2ms","timestamp":"2026-05-03T00:09:10.329Z"}
{"level":"info","message":"GET /pages/index.html 304 - 2ms","timestamp":"2026-05-03T00:09:18.947Z"}
{"level":"info","message":"GET /pages/css/style.css 304 - 12ms","timestamp":"2026-05-03T00:09:19.005Z"}
{"level":"info","message":"GET /pages/js/main.js?v=2 304 - 12ms","timestamp":"2026-05-03T00:09:19.010Z"}
{"level":"info","message":"GET /favicon.ico 304 - 1ms","timestamp":"2026-05-03T00:09:19.238Z"}
{"level":"info","message":"GET / 200 - 10ms","timestamp":"2026-05-03T00:10:47.740Z"}
{"level":"info","message":"GET /pages/mis_v6.html 200 - 5ms","timestamp":"2026-05-03T00:10:52.654Z"}
{"level":"info","message":"GET / 304 - 4ms","timestamp":"2026-05-03T00:11:12.532Z"}
{"level":"info","message":"GET /css/style.css 304 - 1ms","timestamp":"2026-05-03T00:11:12.760Z"}
{"level":"info","message":"GET /js/main.js?v=2 304 - 2ms","timestamp":"2026-05-03T00:11:12.773Z"}
{"level":"info","message":"GET /css/layout.css 304 - 8ms","timestamp":"2026-05-03T00:11:12.823Z"}
{"level":"info","message":"GET /css/base.css 304 - 10ms","timestamp":"2026-05-03T00:11:12.826Z"}
{"level":"info","message":"GET /css/components.css 304 - 8ms","timestamp":"2026-05-03T00:11:12.828Z"}
{"level":"info","message":"GET /css/forms.css 304 - 9ms","timestamp":"2026-05-03T00:11:12.830Z"}
{"level":"info","message":"GET /css/tables.css 304 - 3ms","timestamp":"2026-05-03T00:11:12.835Z"}
{"level":"info","message":"GET /css/pages.css 304 - 7ms","timestamp":"2026-05-03T00:11:12.840Z"}
{"level":"info","message":"GET /css/ppt.css 304 - 7ms","timestamp":"2026-05-03T00:11:12.841Z"}
{"level":"info","message":"GET /css/utilities.css 304 - 2ms","timestamp":"2026-05-03T00:11:12.844Z"}
{"level":"info","message":"GET /js/helpers.js 304 - 0ms","timestamp":"2026-05-03T00:11:13.015Z"}
{"level":"info","message":"GET /js/dealForm.js 304 - 3ms","timestamp":"2026-05-03T00:11:13.018Z"}
{"level":"info","message":"GET /js/ppt.js 304 - 3ms","timestamp":"2026-05-03T00:11:13.019Z"}
{"level":"info","message":"GET /js/records.js 304 - 7ms","timestamp":"2026-05-03T00:11:13.029Z"}
{"level":"info","message":"GET /js/summary.js 304 - 14ms","timestamp":"2026-05-03T00:11:13.032Z"}
{"level":"info","message":"GET /js/health.js 304 - 2ms","timestamp":"2026-05-03T00:11:13.035Z"}
{"level":"info","message":"GET /js/ui.js 304 - 10ms","timestamp":"2026-05-03T00:11:13.044Z"}
{"level":"info","message":"GET /js/FILTERPPTDOWNLOAD.js 304 - 8ms","timestamp":"2026-05-03T00:11:13.046Z"}
{"level":"info","message":"GET /components/topbar.html 304 - 4ms","timestamp":"2026-05-03T00:11:13.059Z"}
{"level":"info","message":"GET /components/sidebar.html 304 - 7ms","timestamp":"2026-05-03T00:11:13.063Z"}
{"level":"info","message":"GET /favicon.ico 304 - 9ms","timestamp":"2026-05-03T00:11:13.080Z"}
{"level":"info","message":"GET /pages/summary.html 304 - 5ms","timestamp":"2026-05-03T00:11:13.083Z"}
{"level":"info","message":"GET /pages/health.html 304 - 11ms","timestamp":"2026-05-03T00:11:13.090Z"}
{"level":"info","message":"GET /pages/new-deal.html 304 - 15ms","timestamp":"2026-05-03T00:11:13.094Z"}
{"level":"info","message":"GET /pages/records.html 304 - 1ms","timestamp":"2026-05-03T00:11:13.097Z"}
{"level":"info","message":"GET /pages/calculator.html 304 - 2ms","timestamp":"2026-05-03T00:11:13.098Z"}
{"level":"info","message":"GET /api/deals 304 - 35ms","timestamp":"2026-05-03T00:11:13.280Z"}
{"level":"info","message":"GET /api/deals/health 200 - 200ms","timestamp":"2026-05-03T00:11:15.965Z"}
{"level":"info","message":"GET /api/deals/health 200 - 17ms","timestamp":"2026-05-03T00:11:15.992Z"}
{"level":"info","message":"GET /pages/calculator/Insurance_Pro_updated.html 200 - 6ms","timestamp":"2026-05-03T00:11:17.478Z"}
{"level":"info","message":"GET /pages/mis_v6.html 200 - 8ms","timestamp":"2026-05-03T00:11:31.166Z"}
{"level":"info","message":"GET /favicon.ico 304 - 2ms","timestamp":"2026-05-03T00:11:31.912Z"}
{"level":"info","message":"GET / 304 - 3ms","timestamp":"2026-05-03T00:11:33.807Z"}
{"level":"info","message":"GET /css/style.css 304 - 6ms","timestamp":"2026-05-03T00:11:33.864Z"}
{"level":"info","message":"GET /js/main.js?v=2 304 - 10ms","timestamp":"2026-05-03T00:11:33.870Z"}
{"level":"info","message":"GET /css/base.css 304 - 6ms","timestamp":"2026-05-03T00:11:33.892Z"}
{"level":"info","message":"GET /css/layout.css 304 - 10ms","timestamp":"2026-05-03T00:11:33.898Z"}
{"level":"info","message":"GET /css/components.css 304 - 10ms","timestamp":"2026-05-03T00:11:33.914Z"}
{"level":"info","message":"GET /css/forms.css 304 - 11ms","timestamp":"2026-05-03T00:11:33.917Z"}
{"level":"info","message":"GET /css/tables.css 304 - 11ms","timestamp":"2026-05-03T00:11:33.919Z"}
{"level":"info","message":"GET /css/pages.css 304 - 13ms","timestamp":"2026-05-03T00:11:33.923Z"}
{"level":"info","message":"GET /css/ppt.css 304 - 3ms","timestamp":"2026-05-03T00:11:33.929Z"}
{"level":"info","message":"GET /css/utilities.css 304 - 5ms","timestamp":"2026-05-03T00:11:33.932Z"}
{"level":"info","message":"GET /js/helpers.js 304 - 2ms","timestamp":"2026-05-03T00:11:34.059Z"}
{"level":"info","message":"GET /js/dealForm.js 304 - 2ms","timestamp":"2026-05-03T00:11:34.060Z"}
{"level":"info","message":"GET /js/ppt.js 304 - 3ms","timestamp":"2026-05-03T00:11:34.061Z"}
{"level":"info","message":"GET /js/records.js 304 - 2ms","timestamp":"2026-05-03T00:11:34.075Z"}
{"level":"info","message":"GET /js/summary.js 304 - 3ms","timestamp":"2026-05-03T00:11:34.077Z"}
{"level":"info","message":"GET /js/health.js 304 - 4ms","timestamp":"2026-05-03T00:11:34.078Z"}
{"level":"info","message":"GET /js/ui.js 304 - 9ms","timestamp":"2026-05-03T00:11:34.083Z"}
{"level":"info","message":"GET /js/FILTERPPTDOWNLOAD.js 304 - 10ms","timestamp":"2026-05-03T00:11:34.085Z"}
{"level":"info","message":"GET /components/topbar.html 304 - 2ms","timestamp":"2026-05-03T00:11:34.093Z"}
{"level":"info","message":"GET /components/sidebar.html 304 - 2ms","timestamp":"2026-05-03T00:11:34.094Z"}
{"level":"info","message":"GET /pages/new-deal.html 304 - 7ms","timestamp":"2026-05-03T00:11:34.124Z"}
{"level":"info","message":"GET /pages/records.html 304 - 6ms","timestamp":"2026-05-03T00:11:34.126Z"}
{"level":"info","message":"GET /pages/summary.html 304 - 9ms","timestamp":"2026-05-03T00:11:34.130Z"}
{"level":"info","message":"GET /pages/health.html 304 - 12ms","timestamp":"2026-05-03T00:11:34.134Z"}
{"level":"info","message":"GET /favicon.ico 304 - 22ms","timestamp":"2026-05-03T00:11:34.138Z"}
{"level":"info","message":"GET /pages/calculator.html 304 - 3ms","timestamp":"2026-05-03T00:11:34.141Z"}
{"level":"info","message":"GET /api/deals 304 - 17ms","timestamp":"2026-05-03T00:11:34.174Z"}
{"level":"info","message":"GET /pages/mis_v6.html 304 - 0ms","timestamp":"2026-05-03T00:11:35.949Z"}
{"level":"info","message":"GET /favicon.ico 304 - 1ms","timestamp":"2026-05-03T00:11:36.159Z"}
{"level":"info","message":"GET / 304 - 4ms","timestamp":"2026-05-03T00:11:43.356Z"}
{"level":"info","message":"GET /css/style.css 304 - 5ms","timestamp":"2026-05-03T00:11:43.422Z"}
{"level":"info","message":"GET /js/main.js?v=2 304 - 8ms","timestamp":"2026-05-03T00:11:43.427Z"}
{"level":"info","message":"GET /css/base.css 304 - 7ms","timestamp":"2026-05-03T00:11:43.456Z"}
{"level":"info","message":"GET /css/layout.css 304 - 7ms","timestamp":"2026-05-03T00:11:43.464Z"}
{"level":"info","message":"GET /css/components.css 304 - 6ms","timestamp":"2026-05-03T00:11:43.466Z"}
{"level":"info","message":"GET /css/ppt.css 304 - 4ms","timestamp":"2026-05-03T00:11:43.471Z"}
{"level":"info","message":"GET /css/forms.css 304 - 3ms","timestamp":"2026-05-03T00:11:43.472Z"}
{"level":"info","message":"GET /css/tables.css 304 - 4ms","timestamp":"2026-05-03T00:11:43.474Z"}
{"level":"info","message":"GET /css/pages.css 304 - 5ms","timestamp":"2026-05-03T00:11:43.475Z"}
{"level":"info","message":"GET /css/utilities.css 304 - 1ms","timestamp":"2026-05-03T00:11:43.478Z"}
{"level":"info","message":"GET /js/helpers.js 304 - 1ms","timestamp":"2026-05-03T00:11:43.590Z"}
{"level":"info","message":"GET /js/dealForm.js 304 - 2ms","timestamp":"2026-05-03T00:11:43.591Z"}
{"level":"info","message":"GET /js/ppt.js 304 - 4ms","timestamp":"2026-05-03T00:11:43.593Z"}
{"level":"info","message":"GET /js/records.js 304 - 5ms","timestamp":"2026-05-03T00:11:43.601Z"}
{"level":"info","message":"GET /js/summary.js 304 - 4ms","timestamp":"2026-05-03T00:11:43.602Z"}
{"level":"info","message":"GET /js/health.js 304 - 4ms","timestamp":"2026-05-03T00:11:43.603Z"}
{"level":"info","message":"GET /js/ui.js 304 - 4ms","timestamp":"2026-05-03T00:11:43.604Z"}
{"level":"info","message":"GET /js/FILTERPPTDOWNLOAD.js 304 - 5ms","timestamp":"2026-05-03T00:11:43.605Z"}
{"level":"info","message":"GET /components/topbar.html 304 - 3ms","timestamp":"2026-05-03T00:11:43.615Z"}
{"level":"info","message":"GET /components/sidebar.html 304 - 3ms","timestamp":"2026-05-03T00:11:43.616Z"}
{"level":"info","message":"GET /favicon.ico 304 - 2ms","timestamp":"2026-05-03T00:11:43.624Z"}
{"level":"info","message":"GET /pages/new-deal.html 304 - 1ms","timestamp":"2026-05-03T00:11:43.628Z"}
{"level":"info","message":"GET /pages/records.html 304 - 2ms","timestamp":"2026-05-03T00:11:43.632Z"}
{"level":"info","message":"GET /pages/summary.html 304 - 2ms","timestamp":"2026-05-03T00:11:43.636Z"}
{"level":"info","message":"GET /pages/health.html 304 - 2ms","timestamp":"2026-05-03T00:11:43.637Z"}
{"level":"info","message":"GET /pages/calculator.html 304 - 3ms","timestamp":"2026-05-03T00:11:43.638Z"}
{"level":"info","message":"GET /api/deals 304 - 19ms","timestamp":"2026-05-03T00:11:43.677Z"}
{"level":"info","message":"GET /pages/mis_v6.html 304 - 2ms","timestamp":"2026-05-03T00:11:46.179Z"}
{"level":"info","message":"GET /favicon.ico 304 - 3ms","timestamp":"2026-05-03T00:11:46.608Z"}
{"level":"info","message":"GET /favicon.ico 304 - 3ms","timestamp":"2026-05-03T00:11:55.331Z"}
{"level":"info","message":"GET /pages/pivot_report_generator.html 200 - 68ms","timestamp":"2026-05-03T00:23:12.815Z"}
{"level":"info","message":"GET / 304 - 10ms","timestamp":"2026-05-03T00:24:11.135Z"}
{"level":"info","message":"GET /css/style.css 304 - 7ms","timestamp":"2026-05-03T00:24:11.501Z"}
{"level":"info","message":"GET /js/main.js?v=2 200 - 44ms","timestamp":"2026-05-03T00:24:11.541Z"}
{"level":"info","message":"GET /css/base.css 304 - 7ms","timestamp":"2026-05-03T00:24:11.545Z"}
{"level":"info","message":"GET /css/pages.css 304 - 11ms","timestamp":"2026-05-03T00:24:11.568Z"}
{"level":"info","message":"GET /css/layout.css 304 - 23ms","timestamp":"2026-05-03T00:24:11.582Z"}
{"level":"info","message":"GET /css/components.css 304 - 25ms","timestamp":"2026-05-03T00:24:11.586Z"}
{"level":"info","message":"GET /css/forms.css 304 - 29ms","timestamp":"2026-05-03T00:24:11.593Z"}
{"level":"info","message":"GET /css/tables.css 304 - 31ms","timestamp":"2026-05-03T00:24:11.597Z"}
{"level":"info","message":"GET /css/ppt.css 304 - 11ms","timestamp":"2026-05-03T00:24:11.609Z"}
{"level":"info","message":"GET /css/utilities.css 304 - 7ms","timestamp":"2026-05-03T00:24:11.613Z"}
{"level":"info","message":"GET /js/helpers.js 304 - 5ms","timestamp":"2026-05-03T00:24:11.847Z"}
{"level":"info","message":"GET /js/dealForm.js 304 - 5ms","timestamp":"2026-05-03T00:24:11.848Z"}
{"level":"info","message":"GET /js/ppt.js 304 - 5ms","timestamp":"2026-05-03T00:24:11.849Z"}
{"level":"info","message":"GET /js/records.js 304 - 7ms","timestamp":"2026-05-03T00:24:11.858Z"}
{"level":"info","message":"GET /js/health.js 304 - 7ms","timestamp":"2026-05-03T00:24:11.860Z"}
{"level":"info","message":"GET /js/summary.js 304 - 8ms","timestamp":"2026-05-03T00:24:11.866Z"}
{"level":"info","message":"GET /js/FILTERPPTDOWNLOAD.js 304 - 12ms","timestamp":"2026-05-03T00:24:11.868Z"}
{"level":"info","message":"GET /js/ui.js 200 - 19ms","timestamp":"2026-05-03T00:24:11.874Z"}
{"level":"info","message":"GET /components/topbar.html 304 - 2ms","timestamp":"2026-05-03T00:24:11.886Z"}
{"level":"info","message":"GET /components/sidebar.html 200 - 8ms","timestamp":"2026-05-03T00:24:11.893Z"}
{"level":"info","message":"GET /favicon.ico 304 - 3ms","timestamp":"2026-05-03T00:24:11.908Z"}
{"level":"info","message":"GET /pages/records.html 304 - 3ms","timestamp":"2026-05-03T00:24:11.915Z"}
{"level":"info","message":"GET /pages/summary.html 304 - 3ms","timestamp":"2026-05-03T00:24:11.917Z"}
{"level":"info","message":"GET /pages/new-deal.html 304 - 11ms","timestamp":"2026-05-03T00:24:11.925Z"}
{"level":"info","message":"GET /pages/health.html 304 - 8ms","timestamp":"2026-05-03T00:24:11.928Z"}
{"level":"info","message":"GET /pages/calculator.html 304 - 9ms","timestamp":"2026-05-03T00:24:11.930Z"}
{"level":"info","message":"GET /pages/tl-report.html 200 - 6ms","timestamp":"2026-05-03T00:24:11.938Z"}
{"level":"info","message":"GET /pages/pivot_report_generator.html 200 - 3ms","timestamp":"2026-05-03T00:24:12.277Z"}
{"level":"info","message":"GET /api/deals 304 - 198ms","timestamp":"2026-05-03T00:24:12.410Z"}
{"level":"info","message":"GET / 304 - 100ms","timestamp":"2026-05-03T00:32:08.666Z"}
{"level":"info","message":"GET /css/style.css 304 - 4ms","timestamp":"2026-05-03T00:32:08.853Z"}
{"level":"info","message":"GET /js/main.js?v=2 304 - 23ms","timestamp":"2026-05-03T00:32:08.893Z"}
{"level":"info","message":"GET /css/base.css 304 - 4ms","timestamp":"2026-05-03T00:32:08.913Z"}
{"level":"info","message":"GET /css/layout.css 304 - 13ms","timestamp":"2026-05-03T00:32:08.924Z"}
{"level":"info","message":"GET /css/ppt.css 304 - 19ms","timestamp":"2026-05-03T00:32:08.972Z"}
{"level":"info","message":"GET /css/utilities.css 304 - 33ms","timestamp":"2026-05-03T00:32:08.997Z"}
{"level":"info","message":"GET /css/components.css 304 - 42ms","timestamp":"2026-05-03T00:32:09.005Z"}
{"level":"info","message":"GET /css/forms.css 304 - 45ms","timestamp":"2026-05-03T00:32:09.023Z"}
{"level":"info","message":"GET /css/tables.css 304 - 86ms","timestamp":"2026-05-03T00:32:09.053Z"}
{"level":"info","message":"GET /css/pages.css 304 - 92ms","timestamp":"2026-05-03T00:32:09.063Z"}
{"level":"info","message":"GET /js/helpers.js 304 - 7ms","timestamp":"2026-05-03T00:32:09.395Z"}
{"level":"info","message":"GET /js/dealForm.js 304 - 51ms","timestamp":"2026-05-03T00:32:09.442Z"}
{"level":"info","message":"GET /js/ppt.js 304 - 94ms","timestamp":"2026-05-03T00:32:09.483Z"}
{"level":"info","message":"GET /js/records.js 304 - 34ms","timestamp":"2026-05-03T00:32:09.538Z"}
{"level":"info","message":"GET /js/health.js 304 - 68ms","timestamp":"2026-05-03T00:32:09.586Z"}
{"level":"info","message":"GET /js/summary.js 304 - 146ms","timestamp":"2026-05-03T00:32:09.665Z"}
{"level":"info","message":"GET /js/ui.js 304 - 229ms","timestamp":"2026-05-03T00:32:09.749Z"}
{"level":"info","message":"GET /js/FILTERPPTDOWNLOAD.js 304 - 3ms","timestamp":"2026-05-03T00:32:09.872Z"}
{"level":"info","message":"GET /components/topbar.html 304 - 89ms","timestamp":"2026-05-03T00:32:10.098Z"}
{"level":"info","message":"GET /components/sidebar.html 304 - 83ms","timestamp":"2026-05-03T00:32:10.139Z"}
{"level":"info","message":"GET /favicon.ico 304 - 125ms","timestamp":"2026-05-03T00:32:10.209Z"}
{"level":"info","message":"GET /pages/new-deal.html 304 - 47ms","timestamp":"2026-05-03T00:32:10.235Z"}
{"level":"info","message":"GET /pages/summary.html 304 - 62ms","timestamp":"2026-05-03T00:32:10.262Z"}
{"level":"info","message":"GET /pages/records.html 304 - 80ms","timestamp":"2026-05-03T00:32:10.281Z"}
{"level":"info","message":"GET /pages/health.html 304 - 93ms","timestamp":"2026-05-03T00:32:10.295Z"}
{"level":"info","message":"GET /pages/tl-report.html 304 - 124ms","timestamp":"2026-05-03T00:32:10.326Z"}
{"level":"info","message":"GET /pages/calculator.html 304 - 78ms","timestamp":"2026-05-03T00:32:10.425Z"}
{"level":"info","message":"GET /pages/pivot_report_generator.html 200 - 55ms","timestamp":"2026-05-03T00:32:10.944Z"}
{"level":"info","message":"GET /api/deals 304 - 913ms","timestamp":"2026-05-03T00:32:11.580Z"}
{"level":"info","message":"GET / 304 - 5ms","timestamp":"2026-05-03T00:32:18.003Z"}
{"level":"info","message":"GET /css/style.css 304 - 2ms","timestamp":"2026-05-03T00:32:18.061Z"}
{"level":"info","message":"GET /js/main.js?v=2 304 - 9ms","timestamp":"2026-05-03T00:32:18.069Z"}
{"level":"info","message":"GET /css/base.css 304 - 16ms","timestamp":"2026-05-03T00:32:18.098Z"}
{"level":"info","message":"GET /css/tables.css 304 - 18ms","timestamp":"2026-05-03T00:32:18.102Z"}
{"level":"info","message":"GET /css/layout.css 304 - 3ms","timestamp":"2026-05-03T00:32:18.110Z"}
{"level":"info","message":"GET /css/components.css 304 - 7ms","timestamp":"2026-05-03T00:32:18.115Z"}
{"level":"info","message":"GET /css/forms.css 304 - 10ms","timestamp":"2026-05-03T00:32:18.118Z"}
{"level":"info","message":"GET /css/pages.css 304 - 17ms","timestamp":"2026-05-03T00:32:18.126Z"}
{"level":"info","message":"GET /css/ppt.css 304 - 8ms","timestamp":"2026-05-03T00:32:18.129Z"}
{"level":"info","message":"GET /css/utilities.css 304 - 7ms","timestamp":"2026-05-03T00:32:18.131Z"}
{"level":"info","message":"GET /js/helpers.js 304 - 2ms","timestamp":"2026-05-03T00:32:18.255Z"}
{"level":"info","message":"GET /js/dealForm.js 304 - 6ms","timestamp":"2026-05-03T00:32:18.260Z"}
{"level":"info","message":"GET /js/ppt.js 304 - 5ms","timestamp":"2026-05-03T00:32:18.262Z"}
{"level":"info","message":"GET /js/records.js 304 - 4ms","timestamp":"2026-05-03T00:32:18.268Z"}
{"level":"info","message":"GET /js/summary.js 304 - 5ms","timestamp":"2026-05-03T00:32:18.270Z"}
{"level":"info","message":"GET /js/health.js 304 - 8ms","timestamp":"2026-05-03T00:32:18.275Z"}
{"level":"info","message":"GET /js/ui.js 304 - 12ms","timestamp":"2026-05-03T00:32:18.279Z"}
{"level":"info","message":"GET /js/FILTERPPTDOWNLOAD.js 304 - 3ms","timestamp":"2026-05-03T00:32:18.281Z"}
{"level":"info","message":"GET /components/topbar.html 304 - 3ms","timestamp":"2026-05-03T00:32:18.293Z"}
{"level":"info","message":"GET /components/sidebar.html 304 - 4ms","timestamp":"2026-05-03T00:32:18.295Z"}
{"level":"info","message":"GET /pages/new-deal.html 304 - 8ms","timestamp":"2026-05-03T00:32:18.309Z"}
{"level":"info","message":"GET /pages/records.html 304 - 10ms","timestamp":"2026-05-03T00:32:18.312Z"}
{"level":"info","message":"GET /pages/summary.html 304 - 12ms","timestamp":"2026-05-03T00:32:18.315Z"}
{"level":"info","message":"GET /pages/health.html 304 - 13ms","timestamp":"2026-05-03T00:32:18.316Z"}
{"level":"info","message":"GET /pages/calculator.html 304 - 21ms","timestamp":"2026-05-03T00:32:18.325Z"}
{"level":"info","message":"GET /pages/tl-report.html 304 - 2ms","timestamp":"2026-05-03T00:32:18.330Z"}
{"level":"info","message":"GET /favicon.ico 304 - 4ms","timestamp":"2026-05-03T00:32:18.333Z"}
{"level":"info","message":"GET /api/deals 304 - 28ms","timestamp":"2026-05-03T00:32:18.384Z"}
{"level":"info","message":"GET /pages/pivot_report_generator.html 304 - 1ms","timestamp":"2026-05-03T00:32:18.386Z"}
{"level":"info","message":"GET / 304 - 4ms","timestamp":"2026-05-03T00:32:20.621Z"}
{"level":"info","message":"GET /css/style.css 304 - 6ms","timestamp":"2026-05-03T00:32:20.700Z"}
{"level":"info","message":"GET /js/main.js?v=2 304 - 5ms","timestamp":"2026-05-03T00:32:20.703Z"}
{"level":"info","message":"GET /css/base.css 304 - 4ms","timestamp":"2026-05-03T00:32:20.729Z"}
{"level":"info","message":"GET /css/layout.css 304 - 4ms","timestamp":"2026-05-03T00:32:20.730Z"}
{"level":"info","message":"GET /css/components.css 304 - 5ms","timestamp":"2026-05-03T00:32:20.732Z"}
{"level":"info","message":"GET /css/forms.css 304 - 8ms","timestamp":"2026-05-03T00:32:20.736Z"}
{"level":"info","message":"GET /css/tables.css 304 - 8ms","timestamp":"2026-05-03T00:32:20.741Z"}
{"level":"info","message":"GET /css/pages.css 304 - 10ms","timestamp":"2026-05-03T00:32:20.744Z"}
{"level":"info","message":"GET /css/ppt.css 304 - 2ms","timestamp":"2026-05-03T00:32:20.747Z"}
{"level":"info","message":"GET /css/utilities.css 304 - 2ms","timestamp":"2026-05-03T00:32:20.748Z"}
{"level":"info","message":"GET /js/helpers.js 304 - 2ms","timestamp":"2026-05-03T00:32:20.881Z"}
{"level":"info","message":"GET /js/dealForm.js 304 - 6ms","timestamp":"2026-05-03T00:32:20.886Z"}
{"level":"info","message":"GET /js/ppt.js 304 - 13ms","timestamp":"2026-05-03T00:32:20.896Z"}
{"level":"info","message":"GET /js/records.js 304 - 14ms","timestamp":"2026-05-03T00:32:20.899Z"}
{"level":"info","message":"GET /js/summary.js 304 - 8ms","timestamp":"2026-05-03T00:32:20.911Z"}
{"level":"info","message":"GET /js/health.js 304 - 8ms","timestamp":"2026-05-03T00:32:20.913Z"}
{"level":"info","message":"GET /js/ui.js 304 - 5ms","timestamp":"2026-05-03T00:32:20.914Z"}
{"level":"info","message":"GET /js/FILTERPPTDOWNLOAD.js 304 - 8ms","timestamp":"2026-05-03T00:32:20.917Z"}
{"level":"info","message":"GET /components/topbar.html 304 - 3ms","timestamp":"2026-05-03T00:32:20.929Z"}
{"level":"info","message":"GET /components/sidebar.html 304 - 6ms","timestamp":"2026-05-03T00:32:20.933Z"}
{"level":"info","message":"GET /favicon.ico 304 - 4ms","timestamp":"2026-05-03T00:32:20.946Z"}
{"level":"info","message":"GET /pages/new-deal.html 304 - 14ms","timestamp":"2026-05-03T00:32:20.977Z"}
{"level":"info","message":"GET /pages/records.html 304 - 14ms","timestamp":"2026-05-03T00:32:20.979Z"}
{"level":"info","message":"GET /pages/summary.html 304 - 14ms","timestamp":"2026-05-03T00:32:20.981Z"}
{"level":"info","message":"GET /pages/health.html 304 - 15ms","timestamp":"2026-05-03T00:32:20.984Z"}
{"level":"info","message":"GET /pages/calculator.html 304 - 18ms","timestamp":"2026-05-03T00:32:20.987Z"}
{"level":"info","message":"GET /pages/tl-report.html 304 - 23ms","timestamp":"2026-05-03T00:32:20.992Z"}
{"level":"info","message":"GET /api/deals 304 - 31ms","timestamp":"2026-05-03T00:32:21.044Z"}
{"level":"info","message":"GET /pages/pivot_report_generator.html 304 - 2ms","timestamp":"2026-05-03T00:32:21.049Z"}
{"level":"info","message":"GET / 304 - 2ms","timestamp":"2026-05-03T00:32:45.662Z"}
{"level":"info","message":"GET /css/style.css 304 - 2ms","timestamp":"2026-05-03T00:32:45.709Z"}
{"level":"info","message":"GET /js/main.js?v=2 304 - 2ms","timestamp":"2026-05-03T00:32:45.710Z"}
{"level":"info","message":"GET /css/base.css 304 - 1ms","timestamp":"2026-05-03T00:32:45.721Z"}
{"level":"info","message":"GET /css/layout.css 304 - 1ms","timestamp":"2026-05-03T00:32:45.723Z"}
{"level":"info","message":"GET /css/components.css 304 - 2ms","timestamp":"2026-05-03T00:32:45.729Z"}
{"level":"info","message":"GET /css/forms.css 304 - 3ms","timestamp":"2026-05-03T00:32:45.731Z"}
{"level":"info","message":"GET /css/tables.css 304 - 5ms","timestamp":"2026-05-03T00:32:45.739Z"}
{"level":"info","message":"GET /css/pages.css 304 - 3ms","timestamp":"2026-05-03T00:32:45.741Z"}
{"level":"info","message":"GET /css/ppt.css 304 - 7ms","timestamp":"2026-05-03T00:32:45.745Z"}
{"level":"info","message":"GET /css/utilities.css 304 - 4ms","timestamp":"2026-05-03T00:32:45.753Z"}
{"level":"info","message":"GET /js/helpers.js 304 - 2ms","timestamp":"2026-05-03T00:32:45.892Z"}
{"level":"info","message":"GET /js/dealForm.js 304 - 4ms","timestamp":"2026-05-03T00:32:45.895Z"}
{"level":"info","message":"GET /js/ppt.js 304 - 6ms","timestamp":"2026-05-03T00:32:45.897Z"}
{"level":"info","message":"GET /js/records.js 304 - 3ms","timestamp":"2026-05-03T00:32:45.906Z"}
{"level":"info","message":"GET /js/summary.js 304 - 5ms","timestamp":"2026-05-03T00:32:45.910Z"}
{"level":"info","message":"GET /js/ui.js 304 - 6ms","timestamp":"2026-05-03T00:32:45.914Z"}
{"level":"info","message":"GET /js/health.js 304 - 8ms","timestamp":"2026-05-03T00:32:45.916Z"}
{"level":"info","message":"GET /js/FILTERPPTDOWNLOAD.js 304 - 9ms","timestamp":"2026-05-03T00:32:45.918Z"}
{"level":"info","message":"GET /components/topbar.html 304 - 4ms","timestamp":"2026-05-03T00:32:45.930Z"}
{"level":"info","message":"GET /components/sidebar.html 304 - 10ms","timestamp":"2026-05-03T00:32:45.939Z"}
{"level":"info","message":"GET /favicon.ico 304 - 5ms","timestamp":"2026-05-03T00:32:45.952Z"}
{"level":"info","message":"GET /pages/new-deal.html 304 - 5ms","timestamp":"2026-05-03T00:32:45.955Z"}
{"level":"info","message":"GET /pages/records.html 304 - 4ms","timestamp":"2026-05-03T00:32:45.961Z"}
{"level":"info","message":"GET /pages/summary.html 304 - 10ms","timestamp":"2026-05-03T00:32:45.968Z"}
{"level":"info","message":"GET /pages/health.html 304 - 13ms","timestamp":"2026-05-03T00:32:45.971Z"}
{"level":"info","message":"GET /pages/calculator.html 304 - 14ms","timestamp":"2026-05-03T00:32:45.973Z"}
{"level":"info","message":"GET /pages/tl-report.html 304 - 2ms","timestamp":"2026-05-03T00:32:45.978Z"}
{"level":"info","message":"GET /api/deals 304 - 21ms","timestamp":"2026-05-03T00:32:46.021Z"}
{"level":"info","message":"GET /pages/pivot_report_generator.html 304 - 2ms","timestamp":"2026-05-03T00:32:46.024Z"}
{"level":"info","message":"GET /pages/pivot_report_generator.html 200 - 17ms","timestamp":"2026-05-03T00:33:11.433Z"}
{"level":"info","message":"GET / 304 - 2ms","timestamp":"2026-05-03T00:33:36.599Z"}
{"level":"info","message":"GET /css/style.css 304 - 9ms","timestamp":"2026-05-03T00:33:36.646Z"}
{"level":"info","message":"GET /js/main.js?v=2 304 - 8ms","timestamp":"2026-05-03T00:33:36.652Z"}
{"level":"info","message":"GET /css/base.css 304 - 1ms","timestamp":"2026-05-03T00:33:36.655Z"}
{"level":"info","message":"GET /css/components.css 304 - 1ms","timestamp":"2026-05-03T00:33:36.661Z"}
{"level":"info","message":"GET /css/forms.css 304 - 3ms","timestamp":"2026-05-03T00:33:36.663Z"}
{"level":"info","message":"GET /css/layout.css 304 - 5ms","timestamp":"2026-05-03T00:33:36.669Z"}
{"level":"info","message":"GET /css/tables.css 304 - 10ms","timestamp":"2026-05-03T00:33:36.675Z"}
{"level":"info","message":"GET /css/pages.css 304 - 15ms","timestamp":"2026-05-03T00:33:36.683Z"}
{"level":"info","message":"GET /css/ppt.css 304 - 8ms","timestamp":"2026-05-03T00:33:36.685Z"}
{"level":"info","message":"GET /css/utilities.css 304 - 8ms","timestamp":"2026-05-03T00:33:36.686Z"}
{"level":"info","message":"GET /js/helpers.js 304 - 1ms","timestamp":"2026-05-03T00:33:36.853Z"}
{"level":"info","message":"GET /js/dealForm.js 304 - 2ms","timestamp":"2026-05-03T00:33:36.855Z"}
{"level":"info","message":"GET /js/ppt.js 304 - 3ms","timestamp":"2026-05-03T00:33:36.859Z"}
{"level":"info","message":"GET /js/records.js 304 - 3ms","timestamp":"2026-05-03T00:33:36.860Z"}
{"level":"info","message":"GET /js/summary.js 304 - 7ms","timestamp":"2026-05-03T00:33:36.865Z"}
{"level":"info","message":"GET /js/health.js 304 - 10ms","timestamp":"2026-05-03T00:33:36.868Z"}
{"level":"info","message":"GET /js/ui.js 304 - 3ms","timestamp":"2026-05-03T00:33:36.869Z"}
{"level":"info","message":"GET /js/FILTERPPTDOWNLOAD.js 304 - 3ms","timestamp":"2026-05-03T00:33:36.870Z"}
{"level":"info","message":"GET /components/topbar.html 304 - 8ms","timestamp":"2026-05-03T00:33:36.888Z"}
{"level":"info","message":"GET /components/sidebar.html 304 - 9ms","timestamp":"2026-05-03T00:33:36.891Z"}
{"level":"info","message":"GET /favicon.ico 304 - 8ms","timestamp":"2026-05-03T00:33:36.906Z"}
{"level":"info","message":"GET /pages/new-deal.html 304 - 6ms","timestamp":"2026-05-03T00:33:36.920Z"}
{"level":"info","message":"GET /pages/records.html 304 - 11ms","timestamp":"2026-05-03T00:33:36.925Z"}
{"level":"info","message":"GET /pages/summary.html 304 - 11ms","timestamp":"2026-05-03T00:33:36.926Z"}
{"level":"info","message":"GET /pages/health.html 304 - 17ms","timestamp":"2026-05-03T00:33:36.933Z"}
{"level":"info","message":"GET /pages/calculator.html 304 - 19ms","timestamp":"2026-05-03T00:33:36.937Z"}
{"level":"info","message":"GET /pages/tl-report.html 304 - 21ms","timestamp":"2026-05-03T00:33:36.940Z"}
{"level":"info","message":"GET /api/deals 304 - 33ms","timestamp":"2026-05-03T00:33:36.995Z"}
{"level":"info","message":"GET /pages/pivot_report_generator.html 200 - 26ms","timestamp":"2026-05-03T00:33:36.998Z"}
{"level":"info","message":"GET /pages/mis_v6.html 304 - 83ms","timestamp":"2026-05-03T00:38:41.849Z"}
{"level":"info","message":"GET /favicon.ico 304 - 18ms","timestamp":"2026-05-03T00:38:42.413Z"}
{"level":"info","message":"GET /pages/mis_v6.html 304 - 44ms","timestamp":"2026-05-03T04:51:02.913Z"}
{"level":"info","message":"GET /favicon.ico 304 - 14ms","timestamp":"2026-05-03T04:51:03.479Z"}
{"level":"info","message":"GET / 304 - 1ms","timestamp":"2026-05-03T04:51:17.767Z"}
{"level":"info","message":"GET /css/style.css 304 - 6ms","timestamp":"2026-05-03T04:51:17.798Z"}
{"level":"info","message":"GET /js/main.js?v=2 304 - 3ms","timestamp":"2026-05-03T04:51:17.811Z"}
{"level":"info","message":"GET /css/base.css 304 - 1ms","timestamp":"2026-05-03T04:51:17.834Z"}
{"level":"info","message":"GET /css/layout.css 304 - 5ms","timestamp":"2026-05-03T04:51:17.844Z"}
{"level":"info","message":"GET /css/forms.css 304 - 2ms","timestamp":"2026-05-03T04:51:17.846Z"}
{"level":"info","message":"GET /css/components.css 304 - 4ms","timestamp":"2026-05-03T04:51:17.851Z"}
{"level":"info","message":"GET /css/tables.css 304 - 6ms","timestamp":"2026-05-03T04:51:17.855Z"}
{"level":"info","message":"GET /css/pages.css 304 - 2ms","timestamp":"2026-05-03T04:51:17.860Z"}
{"level":"info","message":"GET /css/ppt.css 304 - 1ms","timestamp":"2026-05-03T04:51:17.861Z"}
{"level":"info","message":"GET /css/utilities.css 304 - 0ms","timestamp":"2026-05-03T04:51:17.875Z"}
{"level":"info","message":"GET /js/helpers.js 304 - 5ms","timestamp":"2026-05-03T04:51:17.995Z"}
{"level":"info","message":"GET /js/ppt.js 304 - 3ms","timestamp":"2026-05-03T04:51:17.996Z"}
{"level":"info","message":"GET /js/dealForm.js 304 - 5ms","timestamp":"2026-05-03T04:51:17.998Z"}
{"level":"info","message":"GET /js/records.js 304 - 7ms","timestamp":"2026-05-03T04:51:18.016Z"}
{"level":"info","message":"GET /js/summary.js 304 - 13ms","timestamp":"2026-05-03T04:51:18.023Z"}
{"level":"info","message":"GET /js/health.js 304 - 16ms","timestamp":"2026-05-03T04:51:18.028Z"}
{"level":"info","message":"GET /js/ui.js 304 - 97ms","timestamp":"2026-05-03T04:51:18.128Z"}
{"level":"info","message":"GET /js/FILTERPPTDOWNLOAD.js 304 - 99ms","timestamp":"2026-05-03T04:51:18.130Z"}
{"level":"info","message":"GET /components/topbar.html 304 - 14ms","timestamp":"2026-05-03T04:51:18.165Z"}
{"level":"info","message":"GET /components/sidebar.html 304 - 6ms","timestamp":"2026-05-03T04:51:18.167Z"}
{"level":"info","message":"GET /favicon.ico 304 - 22ms","timestamp":"2026-05-03T04:51:18.201Z"}
{"level":"info","message":"GET /pages/new-deal.html 304 - 22ms","timestamp":"2026-05-03T04:51:18.205Z"}
{"level":"info","message":"GET /pages/records.html 304 - 26ms","timestamp":"2026-05-03T04:51:18.209Z"}
{"level":"info","message":"GET /pages/summary.html 304 - 20ms","timestamp":"2026-05-03T04:51:18.211Z"}
{"level":"info","message":"GET /pages/health.html 304 - 26ms","timestamp":"2026-05-03T04:51:18.218Z"}
{"level":"info","message":"GET /pages/calculator.html 304 - 32ms","timestamp":"2026-05-03T04:51:18.225Z"}
{"level":"info","message":"GET /pages/tl-report.html 304 - 9ms","timestamp":"2026-05-03T04:51:18.238Z"}
{"level":"info","message":"GET /pages/pivot_report_generator.html 304 - 2ms","timestamp":"2026-05-03T04:51:18.329Z"}
{"level":"info","message":"GET /api/deals 304 - 136ms","timestamp":"2026-05-03T04:51:18.453Z"}
{"level":"info","message":"GET /api/deals 304 - 23ms","timestamp":"2026-05-03T04:52:27.992Z"}
{"level":"info","message":"GET /api/deals/health 200 - 174ms","timestamp":"2026-05-03T04:52:54.688Z"}
{"level":"info","message":"GET /api/deals/health 200 - 30ms","timestamp":"2026-05-03T04:52:54.733Z"}
{"level":"info","message":"GET /pages/calculator/Insurance_Pro_updated.html 304 - 4ms","timestamp":"2026-05-03T04:53:09.612Z"}
{"level":"info","message":"GET /pages/mis_v6.html 304 - 1ms","timestamp":"2026-05-03T04:56:16.378Z"}
{"level":"info","message":"GET /favicon.ico 304 - 2ms","timestamp":"2026-05-03T04:56:16.631Z"}
{"level":"info","message":"GET / 304 - 75ms","timestamp":"2026-05-03T05:53:37.990Z"}
{"level":"info","message":"GET / 304 - 3ms","timestamp":"2026-05-03T05:53:38.273Z"}
{"level":"info","message":"GET /css/style.css 304 - 13ms","timestamp":"2026-05-03T05:53:38.312Z"}
{"level":"info","message":"GET /css/base.css 304 - 154ms","timestamp":"2026-05-03T05:53:38.591Z"}
{"level":"info","message":"GET /css/layout.css 304 - 13ms","timestamp":"2026-05-03T05:53:38.617Z"}
{"level":"info","message":"GET /css/components.css 304 - 31ms","timestamp":"2026-05-03T05:53:38.637Z"}
{"level":"info","message":"GET /css/forms.css 304 - 45ms","timestamp":"2026-05-03T05:53:38.651Z"}
{"level":"info","message":"GET /css/utilities.css 304 - 50ms","timestamp":"2026-05-03T05:53:38.657Z"}
{"level":"info","message":"GET /js/main.js?v=2 200 - 356ms","timestamp":"2026-05-03T05:53:38.710Z"}
{"level":"info","message":"GET /css/tables.css 304 - 84ms","timestamp":"2026-05-03T05:53:38.716Z"}
{"level":"info","message":"GET /css/pages.css 304 - 10ms","timestamp":"2026-05-03T05:53:38.725Z"}
{"level":"info","message":"GET /css/ppt.css 304 - 19ms","timestamp":"2026-05-03T05:53:38.754Z"}
{"level":"info","message":"GET /css/style.css 304 - 21ms","timestamp":"2026-05-03T05:53:38.761Z"}
{"level":"info","message":"GET /js/main.js?v=2 304 - 45ms","timestamp":"2026-05-03T05:53:38.791Z"}
{"level":"info","message":"GET /css/base.css 304 - 22ms","timestamp":"2026-05-03T05:53:38.826Z"}
{"level":"info","message":"GET /css/layout.css 304 - 26ms","timestamp":"2026-05-03T05:53:38.837Z"}
{"level":"info","message":"GET /css/components.css 304 - 33ms","timestamp":"2026-05-03T05:53:38.845Z"}
{"level":"info","message":"GET /css/forms.css 304 - 48ms","timestamp":"2026-05-03T05:53:38.870Z"}
{"level":"info","message":"GET /css/tables.css 304 - 59ms","timestamp":"2026-05-03T05:53:38.874Z"}
{"level":"info","message":"GET /css/pages.css 304 - 79ms","timestamp":"2026-05-03T05:53:38.902Z"}
{"level":"info","message":"GET /css/ppt.css 304 - 3ms","timestamp":"2026-05-03T05:53:38.916Z"}
{"level":"info","message":"GET /css/utilities.css 304 - 10ms","timestamp":"2026-05-03T05:53:38.924Z"}
{"level":"info","message":"GET /js/helpers.js 304 - 24ms","timestamp":"2026-05-03T05:53:39.069Z"}
{"level":"info","message":"GET /js/ppt.js 304 - 137ms","timestamp":"2026-05-03T05:53:39.181Z"}
{"level":"info","message":"GET /js/BULKEXCELUPLOAD.js 200 - 150ms","timestamp":"2026-05-03T05:53:39.193Z"}
{"level":"info","message":"GET /js/dealForm.js 304 - 16ms","timestamp":"2026-05-03T05:53:39.204Z"}
{"level":"info","message":"GET /js/records.js 304 - 31ms","timestamp":"2026-05-03T05:53:39.221Z"}
{"level":"info","message":"GET /js/summary.js 304 - 46ms","timestamp":"2026-05-03T05:53:39.236Z"}
{"level":"info","message":"GET /js/health.js 304 - 49ms","timestamp":"2026-05-03T05:53:39.241Z"}
{"level":"info","message":"GET /js/ui.js 304 - 52ms","timestamp":"2026-05-03T05:53:39.243Z"}
{"level":"info","message":"GET /js/FILTERPPTDOWNLOAD.js 304 - 7ms","timestamp":"2026-05-03T05:53:39.252Z"}
{"level":"info","message":"GET /js/helpers.js 304 - 11ms","timestamp":"2026-05-03T05:53:39.257Z"}
{"level":"info","message":"GET /js/ppt.js 304 - 17ms","timestamp":"2026-05-03T05:53:39.264Z"}
{"level":"info","message":"GET /js/BULKEXCELUPLOAD.js 304 - 34ms","timestamp":"2026-05-03T05:53:39.282Z"}
{"level":"info","message":"GET /js/dealForm.js 304 - 63ms","timestamp":"2026-05-03T05:53:39.311Z"}
{"level":"info","message":"GET /js/records.js 304 - 73ms","timestamp":"2026-05-03T05:53:39.322Z"}
{"level":"info","message":"GET /js/summary.js 304 - 13ms","timestamp":"2026-05-03T05:53:39.354Z"}
{"level":"info","message":"GET /js/health.js 304 - 16ms","timestamp":"2026-05-03T05:53:39.358Z"}
{"level":"info","message":"GET /js/ui.js 304 - 20ms","timestamp":"2026-05-03T05:53:39.363Z"}
{"level":"info","message":"GET /js/FILTERPPTDOWNLOAD.js 304 - 20ms","timestamp":"2026-05-03T05:53:39.368Z"}
{"level":"info","message":"GET /components/topbar.html 304 - 44ms","timestamp":"2026-05-03T05:53:39.399Z"}
{"level":"info","message":"GET /components/sidebar.html 304 - 71ms","timestamp":"2026-05-03T05:53:39.421Z"}
{"level":"info","message":"GET /components/topbar.html 304 - 5ms","timestamp":"2026-05-03T05:53:39.437Z"}
{"level":"info","message":"GET /components/sidebar.html 304 - 67ms","timestamp":"2026-05-03T05:53:39.500Z"}
{"level":"info","message":"GET /favicon.ico 304 - 79ms","timestamp":"2026-05-03T05:53:39.511Z"}
{"level":"info","message":"GET /favicon.ico 304 - 2ms","timestamp":"2026-05-03T05:53:39.520Z"}
{"level":"info","message":"GET /pages/records.html 304 - 2ms","timestamp":"2026-05-03T05:53:39.582Z"}
{"level":"info","message":"GET /pages/summary.html 304 - 4ms","timestamp":"2026-05-03T05:53:39.585Z"}
{"level":"info","message":"GET /pages/records.html 304 - 2ms","timestamp":"2026-05-03T05:53:39.590Z"}
{"level":"info","message":"GET /pages/summary.html 304 - 48ms","timestamp":"2026-05-03T05:53:39.636Z"}
{"level":"info","message":"GET /pages/new-deal.html 304 - 6ms","timestamp":"2026-05-03T05:53:39.647Z"}
{"level":"info","message":"GET /pages/calculator.html 304 - 8ms","timestamp":"2026-05-03T05:53:39.650Z"}
{"level":"info","message":"GET /pages/health.html 304 - 11ms","timestamp":"2026-05-03T05:53:39.652Z"}
{"level":"info","message":"GET /pages/tl-report.html 304 - 12ms","timestamp":"2026-05-03T05:53:39.654Z"}
{"level":"info","message":"GET /pages/new-deal.html 304 - 7ms","timestamp":"2026-05-03T05:53:39.685Z"}
{"level":"info","message":"GET /pages/calculator.html 304 - 19ms","timestamp":"2026-05-03T05:53:39.705Z"}
{"level":"info","message":"GET /pages/health.html 304 - 25ms","timestamp":"2026-05-03T05:53:39.708Z"}
{"level":"info","message":"GET /pages/tl-report.html 304 - 26ms","timestamp":"2026-05-03T05:53:39.710Z"}
{"level":"info","message":"GET /pages/pivot_report_generator.html 304 - 4ms","timestamp":"2026-05-03T05:53:39.915Z"}
{"level":"info","message":"GET /pages/pivot_report_generator.html 304 - 1ms","timestamp":"2026-05-03T05:53:39.919Z"}
{"level":"info","message":"GET /api/deals 304 - 378ms","timestamp":"2026-05-03T05:53:40.226Z"}
{"level":"info","message":"GET /api/deals 304 - 39ms","timestamp":"2026-05-03T05:53:40.267Z"}
{"level":"info","message":"GET /pages/mis_v6.html 304 - 2ms","timestamp":"2026-05-03T05:53:44.875Z"}
{"level":"info","message":"GET /favicon.ico 304 - 2ms","timestamp":"2026-05-03T05:53:45.535Z"}
{"level":"info","message":"GET / 304 - 5ms","timestamp":"2026-05-03T05:53:51.605Z"}
{"level":"info","message":"GET /css/style.css 304 - 7ms","timestamp":"2026-05-03T05:53:51.663Z"}
{"level":"info","message":"GET /js/main.js?v=2 304 - 12ms","timestamp":"2026-05-03T05:53:51.670Z"}
{"level":"info","message":"GET /css/base.css 304 - 4ms","timestamp":"2026-05-03T05:53:51.694Z"}
{"level":"info","message":"GET /css/layout.css 304 - 7ms","timestamp":"2026-05-03T05:53:51.704Z"}
{"level":"info","message":"GET /css/components.css 304 - 6ms","timestamp":"2026-05-03T05:53:51.707Z"}
{"level":"info","message":"GET /css/forms.css 304 - 8ms","timestamp":"2026-05-03T05:53:51.722Z"}
{"level":"info","message":"GET /css/tables.css 304 - 9ms","timestamp":"2026-05-03T05:53:51.724Z"}
{"level":"info","message":"GET /css/ppt.css 304 - 11ms","timestamp":"2026-05-03T05:53:51.728Z"}
{"level":"info","message":"GET /css/pages.css 304 - 15ms","timestamp":"2026-05-03T05:53:51.733Z"}
{"level":"info","message":"GET /css/utilities.css 304 - 7ms","timestamp":"2026-05-03T05:53:51.738Z"}
{"level":"info","message":"GET /js/helpers.js 304 - 1ms","timestamp":"2026-05-03T05:53:51.897Z"}
{"level":"info","message":"GET /js/dealForm.js 304 - 1ms","timestamp":"2026-05-03T05:53:51.899Z"}
{"level":"info","message":"GET /js/ppt.js 304 - 7ms","timestamp":"2026-05-03T05:53:51.905Z"}
{"level":"info","message":"GET /js/records.js 304 - 5ms","timestamp":"2026-05-03T05:53:51.906Z"}
{"level":"info","message":"GET /js/summary.js 304 - 6ms","timestamp":"2026-05-03T05:53:51.910Z"}
{"level":"info","message":"GET /js/health.js 304 - 9ms","timestamp":"2026-05-03T05:53:51.914Z"}
{"level":"info","message":"GET /js/ui.js 304 - 4ms","timestamp":"2026-05-03T05:53:51.916Z"}
{"level":"info","message":"GET /js/FILTERPPTDOWNLOAD.js 304 - 5ms","timestamp":"2026-05-03T05:53:51.918Z"}
{"level":"info","message":"GET /js/BULKEXCELUPLOAD.js 304 - 2ms","timestamp":"2026-05-03T05:53:51.919Z"}
{"level":"info","message":"GET /components/topbar.html 304 - 2ms","timestamp":"2026-05-03T05:53:51.928Z"}
{"level":"info","message":"GET /components/sidebar.html 304 - 4ms","timestamp":"2026-05-03T05:53:51.930Z"}
{"level":"info","message":"GET /pages/new-deal.html 304 - 1ms","timestamp":"2026-05-03T05:53:51.941Z"}
{"level":"info","message":"GET /pages/records.html 304 - 5ms","timestamp":"2026-05-03T05:53:51.945Z"}
{"level":"info","message":"GET /pages/summary.html 304 - 6ms","timestamp":"2026-05-03T05:53:51.946Z"}
{"level":"info","message":"GET /pages/health.html 304 - 8ms","timestamp":"2026-05-03T05:53:51.949Z"}
{"level":"info","message":"GET /pages/calculator.html 304 - 2ms","timestamp":"2026-05-03T05:53:51.950Z"}
{"level":"info","message":"GET /pages/tl-report.html 304 - 3ms","timestamp":"2026-05-03T05:53:51.951Z"}
{"level":"info","message":"GET /favicon.ico 304 - 1ms","timestamp":"2026-05-03T05:53:51.953Z"}
{"level":"info","message":"GET /api/deals 304 - 22ms","timestamp":"2026-05-03T05:53:51.999Z"}
{"level":"info","message":"GET /pages/pivot_report_generator.html 304 - 1ms","timestamp":"2026-05-03T05:53:52.003Z"}
{"level":"info","message":"GET /pages/mis_v6.html 304 - 2ms","timestamp":"2026-05-03T05:53:56.941Z"}
{"level":"info","message":"GET /favicon.ico 304 - 3ms","timestamp":"2026-05-03T05:53:57.342Z"}
{"level":"info","message":"GET / 304 - 3ms","timestamp":"2026-05-03T05:53:59.713Z"}
{"level":"info","message":"GET /css/style.css 304 - 3ms","timestamp":"2026-05-03T05:53:59.767Z"}
{"level":"info","message":"GET /js/main.js?v=2 304 - 5ms","timestamp":"2026-05-03T05:53:59.771Z"}
{"level":"info","message":"GET /css/base.css 304 - 9ms","timestamp":"2026-05-03T05:53:59.797Z"}
{"level":"info","message":"GET /css/layout.css 304 - 10ms","timestamp":"2026-05-03T05:53:59.803Z"}
{"level":"info","message":"GET /css/components.css 304 - 4ms","timestamp":"2026-05-03T05:53:59.805Z"}
{"level":"info","message":"GET /css/forms.css 304 - 3ms","timestamp":"2026-05-03T05:53:59.818Z"}
{"level":"info","message":"GET /css/pages.css 304 - 3ms","timestamp":"2026-05-03T05:53:59.819Z"}
{"level":"info","message":"GET /css/ppt.css 304 - 4ms","timestamp":"2026-05-03T05:53:59.821Z"}
{"level":"info","message":"GET /css/tables.css 304 - 8ms","timestamp":"2026-05-03T05:53:59.825Z"}
{"level":"info","message":"GET /css/utilities.css 304 - 2ms","timestamp":"2026-05-03T05:53:59.826Z"}
{"level":"info","message":"GET /js/helpers.js 304 - 2ms","timestamp":"2026-05-03T05:53:59.931Z"}
{"level":"info","message":"GET /js/dealForm.js 304 - 2ms","timestamp":"2026-05-03T05:53:59.932Z"}
{"level":"info","message":"GET /js/ppt.js 304 - 3ms","timestamp":"2026-05-03T05:53:59.933Z"}
{"level":"info","message":"GET /js/records.js 304 - 2ms","timestamp":"2026-05-03T05:53:59.935Z"}
{"level":"info","message":"GET /js/summary.js 304 - 2ms","timestamp":"2026-05-03T05:53:59.936Z"}
{"level":"info","message":"GET /js/health.js 304 - 8ms","timestamp":"2026-05-03T05:53:59.943Z"}
{"level":"info","message":"GET /js/ui.js 304 - 9ms","timestamp":"2026-05-03T05:53:59.946Z"}
{"level":"info","message":"GET /js/FILTERPPTDOWNLOAD.js 304 - 1ms","timestamp":"2026-05-03T05:53:59.948Z"}
{"level":"info","message":"GET /js/BULKEXCELUPLOAD.js 304 - 1ms","timestamp":"2026-05-03T05:53:59.949Z"}
{"level":"info","message":"GET /components/topbar.html 304 - 3ms","timestamp":"2026-05-03T05:53:59.958Z"}
{"level":"info","message":"GET /components/sidebar.html 304 - 6ms","timestamp":"2026-05-03T05:53:59.963Z"}
{"level":"info","message":"GET /favicon.ico 304 - 1ms","timestamp":"2026-05-03T05:53:59.968Z"}
{"level":"info","message":"GET /pages/new-deal.html 304 - 2ms","timestamp":"2026-05-03T05:53:59.973Z"}
{"level":"info","message":"GET /pages/records.html 304 - 3ms","timestamp":"2026-05-03T05:53:59.975Z"}
{"level":"info","message":"GET /pages/summary.html 304 - 6ms","timestamp":"2026-05-03T05:53:59.978Z"}
{"level":"info","message":"GET /pages/health.html 304 - 2ms","timestamp":"2026-05-03T05:53:59.982Z"}
{"level":"info","message":"GET /pages/calculator.html 304 - 2ms","timestamp":"2026-05-03T05:53:59.983Z"}
{"level":"info","message":"GET /pages/tl-report.html 304 - 4ms","timestamp":"2026-05-03T05:53:59.985Z"}
{"level":"info","message":"GET /api/deals 304 - 26ms","timestamp":"2026-05-03T05:54:00.036Z"}
{"level":"info","message":"GET /pages/pivot_report_generator.html 304 - 2ms","timestamp":"2026-05-03T05:54:00.040Z"}
{"level":"info","message":"GET /pages/calculator/Insurance_Pro_updated.html 304 - 1ms","timestamp":"2026-05-03T05:54:06.781Z"}
{"level":"info","message":"GET /pages/mis_v6.html 304 - 22ms","timestamp":"2026-05-03T05:58:51.286Z"}
{"level":"info","message":"GET /favicon.ico 304 - 9ms","timestamp":"2026-05-03T05:58:51.588Z"}
{"level":"info","message":"GET /pages/new-deal.html 304 - 9ms","timestamp":"2026-05-03T06:02:07.232Z"}
{"level":"info","message":"GET /favicon.ico 304 - 16ms","timestamp":"2026-05-03T06:02:07.235Z"}
{"level":"info","message":"GET /pages/records.html 304 - 3ms","timestamp":"2026-05-03T06:02:07.239Z"}
{"level":"info","message":"GET /pages/summary.html 304 - 3ms","timestamp":"2026-05-03T06:02:07.240Z"}
{"level":"info","message":"GET /pages/calculator.html 304 - 4ms","timestamp":"2026-05-03T06:02:07.242Z"}
{"level":"info","message":"GET /pages/health.html 304 - 6ms","timestamp":"2026-05-03T06:02:07.244Z"}
{"level":"info","message":"GET /pages/tl-report.html 304 - 8ms","timestamp":"2026-05-03T06:02:07.246Z"}
{"level":"info","message":"GET /pages/pivot_report_generator.html 304 - 1ms","timestamp":"2026-05-03T06:02:07.358Z"}
{"level":"info","message":"GET /api/deals 304 - 162ms","timestamp":"2026-05-03T06:02:07.465Z"}
{"level":"info","message":"GET /pages/mis_v6.html 304 - 4ms","timestamp":"2026-05-03T06:02:09.323Z"}
{"level":"info","message":"GET /favicon.ico 304 - 2ms","timestamp":"2026-05-03T06:02:09.511Z"}
{"level":"info","message":"GET /pages/mis_v6.html 304 - 46ms","timestamp":"2026-05-03T06:11:03.478Z"}
{"level":"info","message":"GET /favicon.ico 304 - 9ms","timestamp":"2026-05-03T06:11:04.100Z"}
{"level":"info","message":"GET /favicon.ico 304 - 8ms","timestamp":"2026-05-03T06:11:05.913Z"}
{"level":"error","message":"GET / 500 - 103ms","timestamp":"2026-05-03T09:31:06.070Z"}
{"level":"info","message":"GET / 200 - 19ms","timestamp":"2026-05-03T09:31:41.219Z"}
{"level":"info","message":"GET / 200 - 8ms","timestamp":"2026-05-03T09:32:00.636Z"}
{"level":"error","message":"GET /favicon.ico 500 - 162ms","timestamp":"2026-05-03T10:43:21.721Z"}
{"level":"error","message":"GET /pages/new-deal.html 500 - 11ms","timestamp":"2026-05-03T10:43:26.169Z"}
{"level":"error","message":"GET /pages/summary.html 500 - 15ms","timestamp":"2026-05-03T10:43:26.179Z"}
{"level":"error","message":"GET /pages/records.html 500 - 16ms","timestamp":"2026-05-03T10:43:26.181Z"}
{"level":"error","message":"GET /pages/health.html 500 - 15ms","timestamp":"2026-05-03T10:43:26.186Z"}
{"level":"error","message":"GET /pages/calculator.html 500 - 11ms","timestamp":"2026-05-03T10:43:26.194Z"}
{"level":"error","message":"GET /pages/tl-report.html 500 - 13ms","timestamp":"2026-05-03T10:43:26.197Z"}
{"level":"error","message":"GET /favicon.ico 500 - 51ms","timestamp":"2026-05-03T10:43:26.235Z"}
{"level":"info","message":"GET /api/deals 304 - 365ms","timestamp":"2026-05-03T10:43:26.885Z"}
{"level":"error","message":"GET / 500 - 6ms","timestamp":"2026-05-03T10:43:28.182Z"}
{"level":"error","message":"GET /favicon.ico 500 - 3ms","timestamp":"2026-05-03T10:43:28.363Z"}
{"level":"error","message":"GET /favicon.ico 500 - 4ms","timestamp":"2026-05-03T10:43:30.414Z"}
{"level":"error","message":"GET /favicon.ico 500 - 3ms","timestamp":"2026-05-03T10:43:31.652Z"}
{"level":"error","message":"GET /favicon.ico 500 - 3ms","timestamp":"2026-05-03T10:43:32.804Z"}
{"level":"error","message":"GET /favicon.ico 500 - 4ms","timestamp":"2026-05-03T10:43:34.198Z"}
{"level":"error","message":"GET / 500 - 60ms","timestamp":"2026-05-03T10:45:24.630Z"}
{"level":"error","message":"GET /favicon.ico 500 - 3ms","timestamp":"2026-05-03T10:45:25.071Z"}
{"level":"info","message":"GET / 304 - 16ms","timestamp":"2026-05-03T14:18:14.680Z"}
{"level":"info","message":"GET /css/style.css 304 - 17ms","timestamp":"2026-05-03T14:18:14.969Z"}
{"level":"info","message":"GET /js/main.js?v=2 304 - 18ms","timestamp":"2026-05-03T14:18:14.975Z"}
{"level":"info","message":"GET /css/components.css 304 - 8ms","timestamp":"2026-05-03T14:18:15.026Z"}
{"level":"info","message":"GET /css/base.css 304 - 15ms","timestamp":"2026-05-03T14:18:15.035Z"}
{"level":"info","message":"GET /css/forms.css 304 - 12ms","timestamp":"2026-05-03T14:18:15.059Z"}
{"level":"info","message":"GET /css/layout.css 304 - 18ms","timestamp":"2026-05-03T14:18:15.067Z"}
{"level":"info","message":"GET /css/tables.css 304 - 22ms","timestamp":"2026-05-03T14:18:15.072Z"}
{"level":"info","message":"GET /css/ppt.css 304 - 24ms","timestamp":"2026-05-03T14:18:15.075Z"}
{"level":"info","message":"GET /css/pages.css 304 - 24ms","timestamp":"2026-05-03T14:18:15.079Z"}
{"level":"info","message":"GET /css/utilities.css 304 - 9ms","timestamp":"2026-05-03T14:18:15.091Z"}
{"level":"info","message":"GET /js/helpers.js 304 - 5ms","timestamp":"2026-05-03T14:18:15.280Z"}
{"level":"info","message":"GET /js/dealForm.js 304 - 10ms","timestamp":"2026-05-03T14:18:15.285Z"}
{"level":"info","message":"GET /js/ppt.js 304 - 11ms","timestamp":"2026-05-03T14:18:15.287Z"}
{"level":"info","message":"GET /js/records.js 304 - 12ms","timestamp":"2026-05-03T14:18:15.288Z"}
{"level":"info","message":"GET /js/summary.js 304 - 3ms","timestamp":"2026-05-03T14:18:15.293Z"}
{"level":"info","message":"GET /js/health.js 304 - 5ms","timestamp":"2026-05-03T14:18:15.296Z"}
{"level":"info","message":"GET /js/ui.js 304 - 9ms","timestamp":"2026-05-03T14:18:15.301Z"}
{"level":"info","message":"GET /js/FILTERPPTDOWNLOAD.js 304 - 5ms","timestamp":"2026-05-03T14:18:15.303Z"}
{"level":"info","message":"GET /js/BULKEXCELUPLOAD.js 304 - 5ms","timestamp":"2026-05-03T14:18:15.305Z"}
{"level":"info","message":"GET /components/topbar.html 304 - 2ms","timestamp":"2026-05-03T14:18:15.316Z"}
{"level":"info","message":"GET /components/sidebar.html 304 - 3ms","timestamp":"2026-05-03T14:18:15.318Z"}
{"level":"info","message":"GET /favicon.ico 304 - 17ms","timestamp":"2026-05-03T14:18:15.343Z"}
{"level":"info","message":"GET /pages/health.html 304 - 15ms","timestamp":"2026-05-03T14:18:15.347Z"}
{"level":"info","message":"GET /pages/new-deal.html 304 - 13ms","timestamp":"2026-05-03T14:18:15.349Z"}
{"level":"info","message":"GET /pages/records.html 304 - 12ms","timestamp":"2026-05-03T14:18:15.350Z"}
{"level":"info","message":"GET /pages/summary.html 304 - 11ms","timestamp":"2026-05-03T14:18:15.352Z"}
{"level":"info","message":"GET /pages/calculator.html 304 - 1ms","timestamp":"2026-05-03T14:18:15.355Z"}
{"level":"info","message":"GET /pages/tl-report.html 304 - 1ms","timestamp":"2026-05-03T14:18:15.359Z"}
{"level":"info","message":"GET /pages/pivot_report_generator.html 304 - 1ms","timestamp":"2026-05-03T14:18:15.547Z"}
{"level":"info","message":"GET /api/deals 304 - 130ms","timestamp":"2026-05-03T14:18:15.664Z"}
{"level":"info","message":"GET / 200 - 9ms","timestamp":"2026-05-04T19:40:55.933Z"}
{"level":"info","message":"GET /css/style.css 304 - 3ms","timestamp":"2026-05-04T19:40:56.161Z"}
{"level":"info","message":"GET /js/main.js?v=2 200 - 3ms","timestamp":"2026-05-04T19:40:56.167Z"}
{"level":"info","message":"GET /css/base.css 200 - 3ms","timestamp":"2026-05-04T19:40:56.219Z"}
{"level":"info","message":"GET /css/layout.css 304 - 2ms","timestamp":"2026-05-04T19:40:56.226Z"}
{"level":"info","message":"GET /css/components.css 304 - 29ms","timestamp":"2026-05-04T19:40:56.279Z"}
{"level":"info","message":"GET /css/forms.css 304 - 22ms","timestamp":"2026-05-04T19:40:56.283Z"}
{"level":"info","message":"GET /css/pages.css 304 - 23ms","timestamp":"2026-05-04T19:40:56.288Z"}
{"level":"info","message":"GET /css/ppt.css 304 - 6ms","timestamp":"2026-05-04T19:40:56.299Z"}
{"level":"info","message":"GET /css/utilities.css 304 - 6ms","timestamp":"2026-05-04T19:40:56.301Z"}
{"level":"info","message":"GET /css/tables.css 200 - 47ms","timestamp":"2026-05-04T19:40:56.304Z"}
{"level":"info","message":"GET /js/helpers.js 304 - 1ms","timestamp":"2026-05-04T19:40:56.463Z"}
{"level":"info","message":"GET /js/ppt.js 304 - 2ms","timestamp":"2026-05-04T19:40:56.465Z"}
{"level":"info","message":"GET /js/dealForm.js 304 - 2ms","timestamp":"2026-05-04T19:40:56.468Z"}
{"level":"info","message":"GET /js/health.js 304 - 8ms","timestamp":"2026-05-04T19:40:56.476Z"}
{"level":"info","message":"GET /js/FILTERPPTDOWNLOAD.js 304 - 2ms","timestamp":"2026-05-04T19:40:56.481Z"}
{"level":"info","message":"GET /js/summary.js 200 - 16ms","timestamp":"2026-05-04T19:40:56.483Z"}
{"level":"info","message":"GET /js/records.js 200 - 21ms","timestamp":"2026-05-04T19:40:56.488Z"}
{"level":"info","message":"GET /js/BULKEXCELUPLOAD.js 304 - 8ms","timestamp":"2026-05-04T19:40:56.490Z"}
{"level":"info","message":"GET /js/ui.js 200 - 16ms","timestamp":"2026-05-04T19:40:56.495Z"}
{"level":"info","message":"GET /components/sidebar.html 304 - 3ms","timestamp":"2026-05-04T19:40:56.505Z"}
{"level":"info","message":"GET /components/topbar.html 200 - 8ms","timestamp":"2026-05-04T19:40:56.509Z"}
{"level":"info","message":"GET /pages/new-deal.html 304 - 3ms","timestamp":"2026-05-04T19:40:56.524Z"}
{"level":"info","message":"GET /pages/health.html 304 - 5ms","timestamp":"2026-05-04T19:40:56.533Z"}
{"level":"info","message":"GET /pages/calculator.html 304 - 6ms","timestamp":"2026-05-04T19:40:56.535Z"}
{"level":"info","message":"GET /pages/tl-report.html 304 - 3ms","timestamp":"2026-05-04T19:40:56.540Z"}
{"level":"info","message":"GET /favicon.ico 200 - 24ms","timestamp":"2026-05-04T19:40:56.542Z"}
{"level":"info","message":"GET /pages/records.html 200 - 17ms","timestamp":"2026-05-04T19:40:56.544Z"}
{"level":"info","message":"GET /pages/summary.html 200 - 20ms","timestamp":"2026-05-04T19:40:56.548Z"}
{"level":"info","message":"GET /pages/pivot_report_generator.html 304 - 1ms","timestamp":"2026-05-04T19:40:56.685Z"}
{"level":"info","message":"GET /api/deals 200 - 83ms","timestamp":"2026-05-04T19:40:56.759Z"}
{"level":"info","message":"GET /pages/mis_v6.html 200 - 5ms","timestamp":"2026-05-04T19:41:31.405Z"}
{"level":"info","message":"GET /favicon.ico 304 - 1ms","timestamp":"2026-05-04T19:41:31.742Z"}
{"level":"info","message":"GET / 304 - 1ms","timestamp":"2026-05-04T19:41:37.630Z"}
{"level":"info","message":"GET /css/style.css 304 - 4ms","timestamp":"2026-05-04T19:41:37.650Z"}
{"level":"info","message":"GET /js/main.js?v=2 304 - 7ms","timestamp":"2026-05-04T19:41:37.654Z"}
{"level":"info","message":"GET /css/base.css 304 - 3ms","timestamp":"2026-05-04T19:41:37.659Z"}
{"level":"info","message":"GET /css/layout.css 304 - 2ms","timestamp":"2026-05-04T19:41:37.663Z"}
{"level":"info","message":"GET /css/components.css 304 - 2ms","timestamp":"2026-05-04T19:41:37.664Z"}
{"level":"info","message":"GET /css/forms.css 304 - 4ms","timestamp":"2026-05-04T19:41:37.666Z"}
{"level":"info","message":"GET /css/tables.css 304 - 3ms","timestamp":"2026-05-04T19:41:37.669Z"}
{"level":"info","message":"GET /css/pages.css 304 - 2ms","timestamp":"2026-05-04T19:41:37.673Z"}
{"level":"info","message":"GET /css/ppt.css 304 - 3ms","timestamp":"2026-05-04T19:41:37.675Z"}
{"level":"info","message":"GET /css/utilities.css 304 - 4ms","timestamp":"2026-05-04T19:41:37.676Z"}
{"level":"info","message":"GET /js/helpers.js 304 - 1ms","timestamp":"2026-05-04T19:41:37.800Z"}
{"level":"info","message":"GET /js/dealForm.js 304 - 2ms","timestamp":"2026-05-04T19:41:37.801Z"}
{"level":"info","message":"GET /js/ppt.js 304 - 2ms","timestamp":"2026-05-04T19:41:37.804Z"}
{"level":"info","message":"GET /js/records.js 304 - 2ms","timestamp":"2026-05-04T19:41:37.806Z"}
{"level":"info","message":"GET /js/summary.js 304 - 6ms","timestamp":"2026-05-04T19:41:37.809Z"}
{"level":"info","message":"GET /js/health.js 304 - 7ms","timestamp":"2026-05-04T19:41:37.810Z"}
{"level":"info","message":"GET /js/ui.js 304 - 1ms","timestamp":"2026-05-04T19:41:37.814Z"}
{"level":"info","message":"GET /js/FILTERPPTDOWNLOAD.js 304 - 2ms","timestamp":"2026-05-04T19:41:37.816Z"}
{"level":"info","message":"GET /js/BULKEXCELUPLOAD.js 304 - 0ms","timestamp":"2026-05-04T19:41:37.818Z"}
{"level":"info","message":"GET /components/topbar.html 304 - 4ms","timestamp":"2026-05-04T19:41:37.828Z"}
{"level":"info","message":"GET /components/sidebar.html 304 - 3ms","timestamp":"2026-05-04T19:41:37.830Z"}
{"level":"info","message":"GET /favicon.ico 304 - 9ms","timestamp":"2026-05-04T19:41:37.841Z"}
{"level":"info","message":"GET /pages/new-deal.html 304 - 15ms","timestamp":"2026-05-04T19:41:37.851Z"}
{"level":"info","message":"GET /pages/records.html 304 - 21ms","timestamp":"2026-05-04T19:41:37.858Z"}
{"level":"info","message":"GET /pages/summary.html 304 - 28ms","timestamp":"2026-05-04T19:41:37.866Z"}
{"level":"info","message":"GET /pages/health.html 304 - 32ms","timestamp":"2026-05-04T19:41:37.871Z"}
{"level":"info","message":"GET /pages/calculator.html 304 - 1ms","timestamp":"2026-05-04T19:41:37.873Z"}
{"level":"info","message":"GET /pages/tl-report.html 304 - 4ms","timestamp":"2026-05-04T19:41:37.878Z"}
{"level":"info","message":"GET /api/deals 304 - 21ms","timestamp":"2026-05-04T19:41:37.912Z"}
{"level":"info","message":"GET /pages/pivot_report_generator.html 304 - 1ms","timestamp":"2026-05-04T19:41:37.915Z"}
{"level":"info","message":"GET /api/deals/health 200 - 65ms","timestamp":"2026-05-04T19:41:39.751Z"}
{"level":"info","message":"GET /api/deals/health 200 - 8ms","timestamp":"2026-05-04T19:41:39.761Z"}
{"level":"info","message":"GET /pages/calculator/Insurance_Pro_updated.html 304 - 2ms","timestamp":"2026-05-04T19:41:42.401Z"}
{"level":"info","message":"GET / 304 - 17ms","timestamp":"2026-05-04T19:46:51.161Z"}
{"level":"info","message":"GET /css/style.css 304 - 1ms","timestamp":"2026-05-04T19:46:51.178Z"}
{"level":"info","message":"GET /js/main.js?v=2 304 - 2ms","timestamp":"2026-05-04T19:46:51.179Z"}
{"level":"info","message":"GET /css/base.css 304 - 1ms","timestamp":"2026-05-04T19:46:51.187Z"}
{"level":"info","message":"GET /css/layout.css 304 - 2ms","timestamp":"2026-05-04T19:46:51.188Z"}
{"level":"info","message":"GET /css/components.css 304 - 1ms","timestamp":"2026-05-04T19:46:51.190Z"}
{"level":"info","message":"GET /css/forms.css 304 - 1ms","timestamp":"2026-05-04T19:46:51.194Z"}
{"level":"info","message":"GET /css/tables.css 304 - 2ms","timestamp":"2026-05-04T19:46:51.196Z"}
{"level":"info","message":"GET /css/ppt.css 304 - 3ms","timestamp":"2026-05-04T19:46:51.200Z"}
{"level":"info","message":"GET /css/utilities.css 304 - 3ms","timestamp":"2026-05-04T19:46:51.202Z"}
{"level":"info","message":"GET /css/pages.css 304 - 5ms","timestamp":"2026-05-04T19:46:51.203Z"}
{"level":"info","message":"GET /js/ppt.js 304 - 3ms","timestamp":"2026-05-04T19:46:51.294Z"}
{"level":"info","message":"GET /js/helpers.js 304 - 2ms","timestamp":"2026-05-04T19:46:51.294Z"}
{"level":"info","message":"GET /js/dealForm.js 304 - 3ms","timestamp":"2026-05-04T19:46:51.295Z"}
{"level":"info","message":"GET /js/records.js 304 - 4ms","timestamp":"2026-05-04T19:46:51.296Z"}
{"level":"info","message":"GET /js/summary.js 304 - 2ms","timestamp":"2026-05-04T19:46:51.299Z"}
{"level":"info","message":"GET /js/ui.js 304 - 2ms","timestamp":"2026-05-04T19:46:51.302Z"}
{"level":"info","message":"GET /js/FILTERPPTDOWNLOAD.js 304 - 2ms","timestamp":"2026-05-04T19:46:51.303Z"}
{"level":"info","message":"GET /js/BULKEXCELUPLOAD.js 304 - 4ms","timestamp":"2026-05-04T19:46:51.305Z"}
{"level":"info","message":"GET /js/health.js 304 - 4ms","timestamp":"2026-05-04T19:46:51.306Z"}
{"level":"info","message":"GET /components/topbar.html 304 - 1ms","timestamp":"2026-05-04T19:46:51.314Z"}
{"level":"info","message":"GET /components/sidebar.html 304 - 2ms","timestamp":"2026-05-04T19:46:51.317Z"}
{"level":"info","message":"GET /favicon.ico 304 - 1ms","timestamp":"2026-05-04T19:46:51.324Z"}
{"level":"info","message":"GET /pages/new-deal.html 304 - 4ms","timestamp":"2026-05-04T19:46:51.329Z"}
{"level":"info","message":"GET /pages/summary.html 304 - 8ms","timestamp":"2026-05-04T19:46:51.334Z"}
{"level":"info","message":"GET /pages/health.html 304 - 3ms","timestamp":"2026-05-04T19:46:51.342Z"}
{"level":"info","message":"GET /pages/calculator.html 304 - 4ms","timestamp":"2026-05-04T19:46:51.343Z"}
{"level":"info","message":"GET /pages/tl-report.html 304 - 7ms","timestamp":"2026-05-04T19:46:51.346Z"}
{"level":"info","message":"GET /pages/records.html 200 - 12ms","timestamp":"2026-05-04T19:46:51.350Z"}
{"level":"info","message":"GET /pages/pivot_report_generator.html 304 - 1ms","timestamp":"2026-05-04T19:46:51.403Z"}
{"level":"info","message":"GET /api/deals 304 - 65ms","timestamp":"2026-05-04T19:46:51.442Z"}
{"level":"info","message":"GET / 304 - 20ms","timestamp":"2026-05-04T20:02:20.622Z"}
{"level":"info","message":"GET /css/style.css 304 - 1ms","timestamp":"2026-05-04T20:02:20.709Z"}
{"level":"info","message":"GET /js/main.js?v=2 200 - 3ms","timestamp":"2026-05-04T20:02:20.713Z"}
{"level":"info","message":"GET /css/base.css 304 - 1ms","timestamp":"2026-05-04T20:02:20.744Z"}
{"level":"info","message":"GET /css/components.css 304 - 3ms","timestamp":"2026-05-04T20:02:20.746Z"}
{"level":"info","message":"GET /css/layout.css 304 - 1ms","timestamp":"2026-05-04T20:02:20.751Z"}
{"level":"info","message":"GET /css/forms.css 304 - 3ms","timestamp":"2026-05-04T20:02:20.755Z"}
{"level":"info","message":"GET /css/pages.css 304 - 2ms","timestamp":"2026-05-04T20:02:20.756Z"}
{"level":"info","message":"GET /css/ppt.css 304 - 3ms","timestamp":"2026-05-04T20:02:20.761Z"}
{"level":"info","message":"GET /css/utilities.css 304 - 5ms","timestamp":"2026-05-04T20:02:20.763Z"}
{"level":"info","message":"GET /css/tables.css 200 - 13ms","timestamp":"2026-05-04T20:02:20.766Z"}
{"level":"info","message":"GET /js/dealForm.js 304 - 3ms","timestamp":"2026-05-04T20:02:20.912Z"}
{"level":"info","message":"GET /js/helpers.js 304 - 3ms","timestamp":"2026-05-04T20:02:20.913Z"}
{"level":"info","message":"GET /js/ppt.js 304 - 5ms","timestamp":"2026-05-04T20:02:20.916Z"}
{"level":"info","message":"GET /js/summary.js 304 - 1ms","timestamp":"2026-05-04T20:02:20.919Z"}
{"level":"info","message":"GET /js/health.js 304 - 5ms","timestamp":"2026-05-04T20:02:20.923Z"}
{"level":"info","message":"GET /js/ui.js 304 - 5ms","timestamp":"2026-05-04T20:02:20.925Z"}
{"level":"info","message":"GET /js/FILTERPPTDOWNLOAD.js 304 - 5ms","timestamp":"2026-05-04T20:02:20.926Z"}
{"level":"info","message":"GET /js/BULKEXCELUPLOAD.js 304 - 6ms","timestamp":"2026-05-04T20:02:20.928Z"}
{"level":"info","message":"GET /js/records.js 200 - 12ms","timestamp":"2026-05-04T20:02:20.932Z"}
{"level":"info","message":"GET /components/topbar.html 304 - 2ms","timestamp":"2026-05-04T20:02:20.943Z"}
{"level":"info","message":"GET /components/sidebar.html 304 - 7ms","timestamp":"2026-05-04T20:02:20.949Z"}
{"level":"info","message":"GET /favicon.ico 304 - 2ms","timestamp":"2026-05-04T20:02:20.980Z"}
{"level":"info","message":"GET /pages/new-deal.html 304 - 3ms","timestamp":"2026-05-04T20:02:20.986Z"}
{"level":"info","message":"GET /pages/calculator.html 304 - 4ms","timestamp":"2026-05-04T20:02:20.989Z"}
{"level":"info","message":"GET /pages/summary.html 304 - 4ms","timestamp":"2026-05-04T20:02:20.996Z"}
{"level":"info","message":"GET /pages/health.html 304 - 7ms","timestamp":"2026-05-04T20:02:21.000Z"}
{"level":"info","message":"GET /pages/tl-report.html 304 - 10ms","timestamp":"2026-05-04T20:02:21.003Z"}
{"level":"info","message":"GET /pages/records.html 200 - 22ms","timestamp":"2026-05-04T20:02:21.006Z"}
{"level":"info","message":"GET /pages/pivot_report_generator.html 304 - 1ms","timestamp":"2026-05-04T20:02:21.058Z"}
{"level":"info","message":"GET /api/deals 304 - 101ms","timestamp":"2026-05-04T20:02:21.143Z"}
{"level":"info","message":"DELETE /api/deals/69f7774e5421bab1f9af4f23 200 - 43ms","timestamp":"2026-05-04T20:02:48.880Z"}
{"level":"info","message":"GET /api/deals 200 - 17ms","timestamp":"2026-05-04T20:02:48.900Z"}
{"level":"info","message":"GET /favicon.ico 304 - 1ms","timestamp":"2026-05-04T20:02:59.701Z"}
{"level":"info","message":"GET / 304 - 1ms","timestamp":"2026-05-04T20:03:02.645Z"}
{"level":"info","message":"GET /css/style.css 304 - 3ms","timestamp":"2026-05-04T20:03:02.661Z"}
{"level":"info","message":"GET /js/main.js?v=2 304 - 4ms","timestamp":"2026-05-04T20:03:02.663Z"}
{"level":"info","message":"GET /css/base.css 304 - 1ms","timestamp":"2026-05-04T20:03:02.667Z"}
{"level":"info","message":"GET /css/layout.css 304 - 3ms","timestamp":"2026-05-04T20:03:02.671Z"}
{"level":"info","message":"GET /css/components.css 304 - 1ms","timestamp":"2026-05-04T20:03:02.673Z"}
{"level":"info","message":"GET /css/forms.css 304 - 2ms","timestamp":"2026-05-04T20:03:02.674Z"}
{"level":"info","message":"GET /css/tables.css 304 - 2ms","timestamp":"2026-05-04T20:03:02.676Z"}
{"level":"info","message":"GET /css/pages.css 304 - 1ms","timestamp":"2026-05-04T20:03:02.678Z"}
{"level":"info","message":"GET /css/ppt.css 304 - 2ms","timestamp":"2026-05-04T20:03:02.680Z"}
{"level":"info","message":"GET /css/utilities.css 304 - 2ms","timestamp":"2026-05-04T20:03:02.681Z"}
{"level":"info","message":"GET /js/helpers.js 304 - 0ms","timestamp":"2026-05-04T20:03:02.744Z"}
{"level":"info","message":"GET /js/dealForm.js 304 - 1ms","timestamp":"2026-05-04T20:03:02.744Z"}
{"level":"info","message":"GET /js/ppt.js 304 - 1ms","timestamp":"2026-05-04T20:03:02.746Z"}
{"level":"info","message":"GET /js/records.js 304 - 2ms","timestamp":"2026-05-04T20:03:02.747Z"}
{"level":"info","message":"GET /js/summary.js 304 - 3ms","timestamp":"2026-05-04T20:03:02.748Z"}
{"level":"info","message":"GET /js/health.js 304 - 3ms","timestamp":"2026-05-04T20:03:02.749Z"}
{"level":"info","message":"GET /js/ui.js 304 - 5ms","timestamp":"2026-05-04T20:03:02.751Z"}
{"level":"info","message":"GET /js/FILTERPPTDOWNLOAD.js 304 - 2ms","timestamp":"2026-05-04T20:03:02.752Z"}
{"level":"info","message":"GET /js/BULKEXCELUPLOAD.js 304 - 1ms","timestamp":"2026-05-04T20:03:02.755Z"}
{"level":"info","message":"GET /components/topbar.html 304 - 1ms","timestamp":"2026-05-04T20:03:02.759Z"}
{"level":"info","message":"GET /components/sidebar.html 304 - 2ms","timestamp":"2026-05-04T20:03:02.760Z"}
{"level":"info","message":"GET /pages/new-deal.html 304 - 1ms","timestamp":"2026-05-04T20:03:02.765Z"}
{"level":"info","message":"GET /pages/records.html 304 - 2ms","timestamp":"2026-05-04T20:03:02.766Z"}
{"level":"info","message":"GET /pages/summary.html 304 - 3ms","timestamp":"2026-05-04T20:03:02.768Z"}
{"level":"info","message":"GET /pages/health.html 304 - 7ms","timestamp":"2026-05-04T20:03:02.772Z"}
{"level":"info","message":"GET /pages/calculator.html 304 - 9ms","timestamp":"2026-05-04T20:03:02.774Z"}
{"level":"info","message":"GET /pages/tl-report.html 304 - 1ms","timestamp":"2026-05-04T20:03:02.777Z"}
{"level":"info","message":"GET /favicon.ico 304 - 2ms","timestamp":"2026-05-04T20:03:02.781Z"}
{"level":"info","message":"GET /api/deals 304 - 12ms","timestamp":"2026-05-04T20:03:02.809Z"}
{"level":"info","message":"GET /pages/pivot_report_generator.html 304 - 1ms","timestamp":"2026-05-04T20:03:02.811Z"}
{"level":"info","message":"GET /favicon.ico 304 - 1ms","timestamp":"2026-05-04T20:03:07.540Z"}
{"level":"info","message":"GET /pages/mis_v6.html 304 - 18ms","timestamp":"2026-05-04T20:08:27.299Z"}
{"level":"info","message":"GET /favicon.ico 304 - 11ms","timestamp":"2026-05-04T20:08:27.827Z"}
{"level":"info","message":"GET / 304 - 6ms","timestamp":"2026-05-04T20:14:33.508Z"}
{"level":"info","message":"GET /css/style.css 304 - 10ms","timestamp":"2026-05-04T20:14:33.695Z"}
{"level":"info","message":"GET /js/main.js?v=2 200 - 32ms","timestamp":"2026-05-04T20:14:33.723Z"}
{"level":"info","message":"GET /css/base.css 304 - 6ms","timestamp":"2026-05-04T20:14:33.724Z"}
{"level":"info","message":"GET /css/layout.css 304 - 34ms","timestamp":"2026-05-04T20:14:33.764Z"}
{"level":"info","message":"GET /css/components.css 304 - 37ms","timestamp":"2026-05-04T20:14:33.770Z"}
{"level":"info","message":"GET /css/forms.css 304 - 15ms","timestamp":"2026-05-04T20:14:33.775Z"}
{"level":"info","message":"GET /css/pages.css 304 - 2ms","timestamp":"2026-05-04T20:14:33.781Z"}
{"level":"info","message":"GET /css/ppt.css 304 - 7ms","timestamp":"2026-05-04T20:14:33.786Z"}
{"level":"info","message":"GET /css/utilities.css 304 - 3ms","timestamp":"2026-05-04T20:14:33.794Z"}
{"level":"info","message":"GET /css/tables.css 200 - 35ms","timestamp":"2026-05-04T20:14:33.798Z"}
{"level":"info","message":"GET /js/helpers.js 304 - 2ms","timestamp":"2026-05-04T20:14:33.932Z"}
{"level":"info","message":"GET /js/dealForm.js 304 - 4ms","timestamp":"2026-05-04T20:14:33.934Z"}
{"level":"info","message":"GET /js/ppt.js 304 - 5ms","timestamp":"2026-05-04T20:14:33.936Z"}
{"level":"info","message":"GET /js/summary.js 304 - 3ms","timestamp":"2026-05-04T20:14:33.943Z"}
{"level":"info","message":"GET /js/health.js 304 - 4ms","timestamp":"2026-05-04T20:14:33.945Z"}
{"level":"info","message":"GET /js/ui.js 304 - 5ms","timestamp":"2026-05-04T20:14:33.947Z"}
{"level":"info","message":"GET /js/records.js 200 - 15ms","timestamp":"2026-05-04T20:14:33.953Z"}
{"level":"info","message":"GET /js/FILTERPPTDOWNLOAD.js 304 - 14ms","timestamp":"2026-05-04T20:14:33.956Z"}
{"level":"info","message":"GET /js/BULKEXCELUPLOAD.js 304 - 8ms","timestamp":"2026-05-04T20:14:33.958Z"}
{"level":"info","message":"GET /components/topbar.html 304 - 3ms","timestamp":"2026-05-04T20:14:33.967Z"}
{"level":"info","message":"GET /components/sidebar.html 304 - 5ms","timestamp":"2026-05-04T20:14:33.971Z"}
{"level":"info","message":"GET /pages/new-deal.html 304 - 12ms","timestamp":"2026-05-04T20:14:33.993Z"}
{"level":"info","message":"GET /pages/summary.html 304 - 12ms","timestamp":"2026-05-04T20:14:33.996Z"}
{"level":"info","message":"GET /pages/health.html 304 - 14ms","timestamp":"2026-05-04T20:14:33.999Z"}
{"level":"info","message":"GET /pages/calculator.html 304 - 15ms","timestamp":"2026-05-04T20:14:34.004Z"}
{"level":"info","message":"GET /pages/records.html 200 - 30ms","timestamp":"2026-05-04T20:14:34.010Z"}
{"level":"info","message":"GET /pages/tl-report.html 304 - 3ms","timestamp":"2026-05-04T20:14:34.011Z"}
{"level":"info","message":"GET /favicon.ico 304 - 5ms","timestamp":"2026-05-04T20:14:34.014Z"}
{"level":"info","message":"GET /pages/pivot_report_generator.html 304 - 1ms","timestamp":"2026-05-04T20:14:34.196Z"}
{"level":"info","message":"GET /api/deals 304 - 122ms","timestamp":"2026-05-04T20:14:34.276Z"}
{"level":"info","message":"DELETE /api/deals/69f04bc28f09efe76a8abd41 200 - 33ms","timestamp":"2026-05-04T20:14:50.599Z"}
{"level":"info","message":"GET /api/deals 200 - 19ms","timestamp":"2026-05-04T20:14:50.622Z"}
{"level":"info","message":"GET /uploads/1777484435683-801786388-hyundai_kia_insurance_calculator.html 200 - 8ms","timestamp":"2026-05-04T20:15:21.015Z"}
{"level":"info","message":"GET /favicon.ico 304 - 1ms","timestamp":"2026-05-04T20:15:21.102Z"}
{"level":"info","message":"GET / 304 - 15ms","timestamp":"2026-05-04T20:17:34.842Z"}
{"level":"info","message":"GET /css/style.css 304 - 17ms","timestamp":"2026-05-04T20:17:35.118Z"}
{"level":"info","message":"GET /js/main.js?v=2 200 - 20ms","timestamp":"2026-05-04T20:17:35.136Z"}
{"level":"info","message":"GET /css/layout.css 304 - 2ms","timestamp":"2026-05-04T20:17:35.140Z"}
{"level":"info","message":"GET /css/components.css 304 - 3ms","timestamp":"2026-05-04T20:17:35.144Z"}
{"level":"info","message":"GET /css/forms.css 304 - 3ms","timestamp":"2026-05-04T20:17:35.146Z"}
{"level":"info","message":"GET /css/base.css 304 - 4ms","timestamp":"2026-05-04T20:17:35.147Z"}
{"level":"info","message":"GET /css/pages.css 304 - 9ms","timestamp":"2026-05-04T20:17:35.163Z"}
{"level":"info","message":"GET /css/ppt.css 304 - 23ms","timestamp":"2026-05-04T20:17:35.184Z"}
{"level":"info","message":"GET /css/utilities.css 304 - 33ms","timestamp":"2026-05-04T20:17:35.191Z"}
{"level":"info","message":"GET /css/tables.css 200 - 48ms","timestamp":"2026-05-04T20:17:35.197Z"}
{"level":"info","message":"GET /js/helpers.js 304 - 2ms","timestamp":"2026-05-04T20:17:35.368Z"}
{"level":"info","message":"GET /js/dealForm.js 304 - 3ms","timestamp":"2026-05-04T20:17:35.369Z"}
{"level":"info","message":"GET /js/ppt.js 304 - 5ms","timestamp":"2026-05-04T20:17:35.372Z"}
{"level":"info","message":"GET /js/records.js 200 - 19ms","timestamp":"2026-05-04T20:17:35.386Z"}
{"level":"info","message":"GET /js/FILTERPPTDOWNLOAD.js 304 - 6ms","timestamp":"2026-05-04T20:17:35.389Z"}
{"level":"info","message":"GET /js/BULKEXCELUPLOAD.js 304 - 7ms","timestamp":"2026-05-04T20:17:35.391Z"}
{"level":"info","message":"GET /js/health.js 304 - 10ms","timestamp":"2026-05-04T20:17:35.395Z"}
{"level":"info","message":"GET /js/summary.js 200 - 17ms","timestamp":"2026-05-04T20:17:35.397Z"}
{"level":"info","message":"GET /js/ui.js 200 - 17ms","timestamp":"2026-05-04T20:17:35.400Z"}
{"level":"info","message":"GET /components/topbar.html 304 - 2ms","timestamp":"2026-05-04T20:17:35.413Z"}
{"level":"info","message":"GET /components/sidebar.html 304 - 23ms","timestamp":"2026-05-04T20:17:35.435Z"}
{"level":"info","message":"GET /favicon.ico 304 - 3ms","timestamp":"2026-05-04T20:17:35.440Z"}
{"level":"info","message":"GET /pages/health.html 304 - 1ms","timestamp":"2026-05-04T20:17:35.524Z"}
{"level":"info","message":"GET /pages/new-deal.html 304 - 0ms","timestamp":"2026-05-04T20:17:35.526Z"}
{"level":"info","message":"GET /pages/calculator.html 304 - 3ms","timestamp":"2026-05-04T20:17:35.530Z"}
{"level":"info","message":"GET /pages/records.html 304 - 4ms","timestamp":"2026-05-04T20:17:35.532Z"}
{"level":"info","message":"GET /pages/tl-report.html 304 - 5ms","timestamp":"2026-05-04T20:17:35.534Z"}
{"level":"info","message":"GET /pages/summary.html 304 - 7ms","timestamp":"2026-05-04T20:17:35.536Z"}
{"level":"info","message":"GET /pages/pivot_report_generator.html 304 - 2ms","timestamp":"2026-05-04T20:17:35.650Z"}
{"level":"info","message":"GET /api/deals?page=1&limit=100 200 - 64ms","timestamp":"2026-05-04T20:17:35.700Z"}
{"level":"info","message":"GET /api/deals/summary 200 - 28ms","timestamp":"2026-05-04T20:17:37.745Z"}
{"level":"info","message":"GET /api/deals/summary 304 - 7ms","timestamp":"2026-05-04T20:17:37.754Z"}
{"level":"info","message":"GET / 304 - 10ms","timestamp":"2026-05-04T20:27:07.256Z"}
{"level":"info","message":"GET /css/style.css 304 - 8ms","timestamp":"2026-05-04T20:27:07.470Z"}
{"level":"info","message":"GET /js/main.js?v=2 304 - 28ms","timestamp":"2026-05-04T20:27:07.495Z"}
{"level":"info","message":"GET /css/base.css 304 - 13ms","timestamp":"2026-05-04T20:27:07.530Z"}
{"level":"info","message":"GET /css/tables.css 304 - 13ms","timestamp":"2026-05-04T20:27:07.536Z"}
{"level":"info","message":"GET /css/layout.css 304 - 15ms","timestamp":"2026-05-04T20:27:07.540Z"}
{"level":"info","message":"GET /css/forms.css 304 - 20ms","timestamp":"2026-05-04T20:27:07.547Z"}
{"level":"info","message":"GET /css/components.css 304 - 25ms","timestamp":"2026-05-04T20:27:07.552Z"}
{"level":"info","message":"GET /css/pages.css 304 - 27ms","timestamp":"2026-05-04T20:27:07.554Z"}
{"level":"info","message":"GET /css/ppt.css 304 - 2ms","timestamp":"2026-05-04T20:27:07.572Z"}
{"level":"info","message":"GET /css/utilities.css 304 - 12ms","timestamp":"2026-05-04T20:27:07.587Z"}
{"level":"info","message":"GET /js/helpers.js 304 - 2ms","timestamp":"2026-05-04T20:27:07.743Z"}
{"level":"info","message":"GET /js/dealForm.js 304 - 2ms","timestamp":"2026-05-04T20:27:07.749Z"}
{"level":"info","message":"GET /js/ppt.js 304 - 4ms","timestamp":"2026-05-04T20:27:07.751Z"}
{"level":"info","message":"GET /js/records.js 304 - 3ms","timestamp":"2026-05-04T20:27:07.753Z"}
{"level":"info","message":"GET /js/summary.js 304 - 7ms","timestamp":"2026-05-04T20:27:07.757Z"}
{"level":"info","message":"GET /js/health.js 304 - 8ms","timestamp":"2026-05-04T20:27:07.760Z"}
{"level":"info","message":"GET /js/ui.js 304 - 7ms","timestamp":"2026-05-04T20:27:07.764Z"}
{"level":"info","message":"GET /js/FILTERPPTDOWNLOAD.js 304 - 2ms","timestamp":"2026-05-04T20:27:07.767Z"}
{"level":"info","message":"GET /js/BULKEXCELUPLOAD.js 200 - 7ms","timestamp":"2026-05-04T20:27:07.773Z"}
{"level":"info","message":"GET /components/topbar.html 304 - 3ms","timestamp":"2026-05-04T20:27:07.788Z"}
{"level":"info","message":"GET /components/sidebar.html 304 - 4ms","timestamp":"2026-05-04T20:27:07.790Z"}
{"level":"info","message":"GET /favicon.ico 304 - 1ms","timestamp":"2026-05-04T20:27:07.796Z"}
{"level":"info","message":"GET /pages/summary.html 304 - 4ms","timestamp":"2026-05-04T20:27:07.888Z"}
{"level":"info","message":"GET /pages/new-deal.html 304 - 4ms","timestamp":"2026-05-04T20:27:07.889Z"}
{"level":"info","message":"GET /pages/health.html 304 - 7ms","timestamp":"2026-05-04T20:27:07.893Z"}
{"level":"info","message":"GET /pages/calculator.html 304 - 7ms","timestamp":"2026-05-04T20:27:07.897Z"}
{"level":"info","message":"GET /pages/tl-report.html 304 - 6ms","timestamp":"2026-05-04T20:27:07.898Z"}
{"level":"info","message":"GET /pages/records.html 200 - 15ms","timestamp":"2026-05-04T20:27:07.900Z"}
{"level":"info","message":"GET /pages/pivot_report_generator.html 200 - 3ms","timestamp":"2026-05-04T20:27:08.024Z"}
{"level":"info","message":"GET /api/deals?page=1&limit=100 304 - 91ms","timestamp":"2026-05-04T20:27:08.096Z"}
{"level":"info","message":"GET /api/deals/summary 304 - 16ms","timestamp":"2026-05-04T20:27:18.477Z"}
{"level":"info","message":"GET /api/deals/summary 304 - 3ms","timestamp":"2026-05-04T20:27:18.482Z"}
{"level":"info","message":"GET /api/deals/health 200 - 7ms","timestamp":"2026-05-04T20:27:21.718Z"}
{"level":"info","message":"GET /api/deals/health 200 - 5ms","timestamp":"2026-05-04T20:27:21.726Z"}
{"level":"info","message":"GET /pages/mis_v6.html 304 - 1ms","timestamp":"2026-05-04T20:27:23.402Z"}
{"level":"info","message":"GET /favicon.ico 304 - 1ms","timestamp":"2026-05-04T20:27:23.684Z"}
{"level":"info","message":"GET / 304 - 11ms","timestamp":"2026-05-04T20:31:58.622Z"}
{"level":"info","message":"GET /css/style.css 304 - 2ms","timestamp":"2026-05-04T20:31:58.866Z"}
{"level":"info","message":"GET /js/main.js?v=2 304 - 2ms","timestamp":"2026-05-04T20:31:58.873Z"}
{"level":"info","message":"GET /css/base.css 304 - 1ms","timestamp":"2026-05-04T20:31:58.895Z"}
{"level":"info","message":"GET /css/layout.css 304 - 5ms","timestamp":"2026-05-04T20:31:58.904Z"}
{"level":"info","message":"GET /css/components.css 304 - 15ms","timestamp":"2026-05-04T20:31:58.923Z"}
{"level":"info","message":"GET /css/forms.css 304 - 16ms","timestamp":"2026-05-04T20:31:58.926Z"}
{"level":"info","message":"GET /css/tables.css 304 - 12ms","timestamp":"2026-05-04T20:31:58.929Z"}
{"level":"info","message":"GET /css/pages.css 304 - 5ms","timestamp":"2026-05-04T20:31:58.938Z"}
{"level":"info","message":"GET /css/utilities.css 304 - 6ms","timestamp":"2026-05-04T20:31:58.940Z"}
{"level":"info","message":"GET /css/ppt.css 304 - 8ms","timestamp":"2026-05-04T20:31:58.943Z"}
{"level":"info","message":"GET /js/helpers.js 304 - 1ms","timestamp":"2026-05-04T20:31:59.102Z"}
{"level":"info","message":"GET /js/dealForm.js 304 - 1ms","timestamp":"2026-05-04T20:31:59.103Z"}
{"level":"info","message":"GET /js/ppt.js 304 - 2ms","timestamp":"2026-05-04T20:31:59.106Z"}
{"level":"info","message":"GET /js/summary.js 304 - 2ms","timestamp":"2026-05-04T20:31:59.107Z"}
{"level":"info","message":"GET /js/records.js 304 - 5ms","timestamp":"2026-05-04T20:31:59.110Z"}
{"level":"info","message":"GET /js/health.js 304 - 8ms","timestamp":"2026-05-04T20:31:59.113Z"}
{"level":"info","message":"GET /js/ui.js 304 - 3ms","timestamp":"2026-05-04T20:31:59.118Z"}
{"level":"info","message":"GET /js/FILTERPPTDOWNLOAD.js 304 - 3ms","timestamp":"2026-05-04T20:31:59.119Z"}
{"level":"info","message":"GET /js/BULKEXCELUPLOAD.js 304 - 1ms","timestamp":"2026-05-04T20:31:59.121Z"}
{"level":"info","message":"GET /components/topbar.html 304 - 4ms","timestamp":"2026-05-04T20:31:59.135Z"}
{"level":"info","message":"GET /components/sidebar.html 304 - 5ms","timestamp":"2026-05-04T20:31:59.137Z"}
{"level":"info","message":"GET /favicon.ico 304 - 6ms","timestamp":"2026-05-04T20:31:59.153Z"}
{"level":"info","message":"GET /pages/new-deal.html 304 - 3ms","timestamp":"2026-05-04T20:31:59.157Z"}
{"level":"info","message":"GET /pages/summary.html 304 - 7ms","timestamp":"2026-05-04T20:31:59.162Z"}
{"level":"info","message":"GET /pages/health.html 304 - 8ms","timestamp":"2026-05-04T20:31:59.172Z"}
{"level":"info","message":"GET /pages/calculator.html 304 - 6ms","timestamp":"2026-05-04T20:31:59.174Z"}
{"level":"info","message":"GET /pages/tl-report.html 304 - 9ms","timestamp":"2026-05-04T20:31:59.179Z"}
{"level":"info","message":"GET /pages/records.html 200 - 32ms","timestamp":"2026-05-04T20:31:59.187Z"}
{"level":"info","message":"GET /pages/pivot_report_generator.html 304 - 0ms","timestamp":"2026-05-04T20:31:59.335Z"}
{"level":"info","message":"GET /api/deals?page=1&limit=100 304 - 95ms","timestamp":"2026-05-04T20:31:59.416Z"}
{"level":"info","message":"GET /pages/calculator/Insurance_Pro_updated.html 304 - 2ms","timestamp":"2026-05-04T20:32:05.028Z"}
{"level":"info","message":"GET /api/deals/health 200 - 10ms","timestamp":"2026-05-04T20:32:06.275Z"}
{"level":"info","message":"GET /api/deals/health 200 - 8ms","timestamp":"2026-05-04T20:32:06.287Z"}
{"level":"info","message":"GET /pages/mis_v6.html 304 - 1ms","timestamp":"2026-05-04T20:32:08.733Z"}
{"level":"info","message":"GET /favicon.ico 304 - 2ms","timestamp":"2026-05-04T20:32:09.028Z"}
{"level":"info","message":"GET / 304 - 13ms","timestamp":"2026-05-04T20:38:25.202Z"}
{"level":"info","message":"GET /css/style.css 304 - 4ms","timestamp":"2026-05-04T20:38:25.355Z"}
{"level":"info","message":"GET /js/main.js?v=2 304 - 17ms","timestamp":"2026-05-04T20:38:25.371Z"}
{"level":"info","message":"GET /css/layout.css 304 - 4ms","timestamp":"2026-05-04T20:38:25.393Z"}
{"level":"info","message":"GET /css/base.css 304 - 12ms","timestamp":"2026-05-04T20:38:25.403Z"}
{"level":"info","message":"GET /css/components.css 304 - 15ms","timestamp":"2026-05-04T20:38:25.422Z"}
{"level":"info","message":"GET /css/ppt.css 304 - 16ms","timestamp":"2026-05-04T20:38:25.425Z"}
{"level":"info","message":"GET /css/utilities.css 304 - 15ms","timestamp":"2026-05-04T20:38:25.427Z"}
{"level":"info","message":"GET /css/forms.css 304 - 17ms","timestamp":"2026-05-04T20:38:25.432Z"}
{"level":"info","message":"GET /css/tables.css 304 - 17ms","timestamp":"2026-05-04T20:38:25.436Z"}
{"level":"info","message":"GET /css/pages.css 304 - 18ms","timestamp":"2026-05-04T20:38:25.438Z"}
{"level":"info","message":"GET /js/helpers.js 304 - 2ms","timestamp":"2026-05-04T20:38:25.578Z"}
{"level":"info","message":"GET /js/dealForm.js 304 - 2ms","timestamp":"2026-05-04T20:38:25.580Z"}
{"level":"info","message":"GET /js/records.js 304 - 4ms","timestamp":"2026-05-04T20:38:25.586Z"}
{"level":"info","message":"GET /js/ppt.js 304 - 3ms","timestamp":"2026-05-04T20:38:25.588Z"}
{"level":"info","message":"GET /js/health.js 304 - 4ms","timestamp":"2026-05-04T20:38:25.590Z"}
{"level":"info","message":"GET /js/ui.js 304 - 4ms","timestamp":"2026-05-04T20:38:25.593Z"}
{"level":"info","message":"GET /js/FILTERPPTDOWNLOAD.js 304 - 5ms","timestamp":"2026-05-04T20:38:25.595Z"}
{"level":"info","message":"GET /js/summary.js 200 - 20ms","timestamp":"2026-05-04T20:38:25.603Z"}
{"level":"info","message":"GET /js/BULKEXCELUPLOAD.js 304 - 8ms","timestamp":"2026-05-04T20:38:25.604Z"}
{"level":"info","message":"GET /components/topbar.html 304 - 5ms","timestamp":"2026-05-04T20:38:25.617Z"}
{"level":"info","message":"GET /components/sidebar.html 304 - 7ms","timestamp":"2026-05-04T20:38:25.620Z"}
{"level":"info","message":"GET /pages/new-deal.html 304 - 1ms","timestamp":"2026-05-04T20:38:25.628Z"}
{"level":"info","message":"GET /pages/records.html 304 - 3ms","timestamp":"2026-05-04T20:38:25.641Z"}
{"level":"info","message":"GET /pages/health.html 304 - 5ms","timestamp":"2026-05-04T20:38:25.644Z"}
{"level":"info","message":"GET /pages/calculator.html 304 - 8ms","timestamp":"2026-05-04T20:38:25.648Z"}
{"level":"info","message":"GET /pages/tl-report.html 304 - 9ms","timestamp":"2026-05-04T20:38:25.650Z"}
{"level":"info","message":"GET /favicon.ico 304 - 11ms","timestamp":"2026-05-04T20:38:25.652Z"}
{"level":"info","message":"GET /pages/summary.html 200 - 16ms","timestamp":"2026-05-04T20:38:25.655Z"}
{"level":"info","message":"GET /pages/pivot_report_generator.html 304 - 1ms","timestamp":"2026-05-04T20:38:25.802Z"}
{"level":"info","message":"GET /api/deals?page=1&limit=100 304 - 77ms","timestamp":"2026-05-04T20:38:25.866Z"}
{"level":"info","message":"GET /api/deals/summary 304 - 19ms","timestamp":"2026-05-04T20:38:27.319Z"}
{"level":"info","message":"GET /api/deals/summary 304 - 5ms","timestamp":"2026-05-04T20:38:27.327Z"}
{"level":"info","message":"GET /api/deals/summary 304 - 8ms","timestamp":"2026-05-04T20:38:30.626Z"}
{"level":"info","message":"GET /api/deals/summary 304 - 4ms","timestamp":"2026-05-04T20:38:30.634Z"}
{"level":"info","message":"DELETE /api/deals/69f0aff33da6e5495142841c 200 - 52ms","timestamp":"2026-05-04T20:38:47.645Z"}
{"level":"info","message":"GET /api/deals?page=1&limit=100 200 - 8ms","timestamp":"2026-05-04T20:38:47.657Z"}
{"level":"info","message":"GET / 304 - 11ms","timestamp":"2026-05-04T21:12:14.575Z"}
{"level":"info","message":"GET /css/style.css 304 - 2ms","timestamp":"2026-05-04T21:12:14.892Z"}
{"level":"info","message":"GET /js/main.js?v=2 304 - 2ms","timestamp":"2026-05-04T21:12:14.897Z"}
{"level":"info","message":"GET /css/base.css 304 - 3ms","timestamp":"2026-05-04T21:12:14.917Z"}
{"level":"info","message":"GET /css/layout.css 304 - 4ms","timestamp":"2026-05-04T21:12:14.920Z"}
{"level":"info","message":"GET /css/components.css 304 - 3ms","timestamp":"2026-05-04T21:12:14.927Z"}
{"level":"info","message":"GET /css/forms.css 304 - 9ms","timestamp":"2026-05-04T21:12:14.933Z"}
{"level":"info","message":"GET /css/tables.css 304 - 15ms","timestamp":"2026-05-04T21:12:14.940Z"}
{"level":"info","message":"GET /css/pages.css 304 - 17ms","timestamp":"2026-05-04T21:12:14.943Z"}
{"level":"info","message":"GET /css/ppt.css 304 - 19ms","timestamp":"2026-05-04T21:12:14.946Z"}
{"level":"info","message":"GET /css/utilities.css 304 - 2ms","timestamp":"2026-05-04T21:12:14.951Z"}
{"level":"info","message":"GET /js/dealForm.js 304 - 4ms","timestamp":"2026-05-04T21:12:15.118Z"}
{"level":"info","message":"GET /js/helpers.js 304 - 5ms","timestamp":"2026-05-04T21:12:15.121Z"}
{"level":"info","message":"GET /js/ppt.js 304 - 6ms","timestamp":"2026-05-04T21:12:15.124Z"}
{"level":"info","message":"GET /js/records.js 304 - 2ms","timestamp":"2026-05-04T21:12:15.128Z"}
{"level":"info","message":"GET /js/health.js 304 - 5ms","timestamp":"2026-05-04T21:12:15.131Z"}
{"level":"info","message":"GET /js/ui.js 304 - 4ms","timestamp":"2026-05-04T21:12:15.138Z"}
{"level":"info","message":"GET /js/FILTERPPTDOWNLOAD.js 304 - 3ms","timestamp":"2026-05-04T21:12:15.140Z"}
{"level":"info","message":"GET /js/BULKEXCELUPLOAD.js 304 - 5ms","timestamp":"2026-05-04T21:12:15.142Z"}
{"level":"info","message":"GET /js/summary.js 200 - 19ms","timestamp":"2026-05-04T21:12:15.146Z"}
{"level":"info","message":"GET /components/topbar.html 304 - 2ms","timestamp":"2026-05-04T21:12:15.161Z"}
{"level":"info","message":"GET /components/sidebar.html 304 - 3ms","timestamp":"2026-05-04T21:12:15.163Z"}
{"level":"info","message":"GET /pages/new-deal.html 304 - 10ms","timestamp":"2026-05-04T21:12:15.190Z"}
{"level":"info","message":"GET /pages/health.html 304 - 10ms","timestamp":"2026-05-04T21:12:15.193Z"}
{"level":"info","message":"GET /pages/records.html 304 - 15ms","timestamp":"2026-05-04T21:12:15.199Z"}
{"level":"info","message":"GET /pages/tl-report.html 304 - 17ms","timestamp":"2026-05-04T21:12:15.202Z"}
{"level":"info","message":"GET /favicon.ico 304 - 24ms","timestamp":"2026-05-04T21:12:15.207Z"}
{"level":"info","message":"GET /pages/summary.html 200 - 25ms","timestamp":"2026-05-04T21:12:15.209Z"}
{"level":"info","message":"GET /pages/calculator.html 304 - 3ms","timestamp":"2026-05-04T21:12:15.211Z"}
{"level":"info","message":"GET /pages/pivot_report_generator.html 304 - 5ms","timestamp":"2026-05-04T21:12:15.473Z"}
{"level":"info","message":"GET /api/deals?page=1&limit=100 304 - 98ms","timestamp":"2026-05-04T21:12:15.535Z"}
{"level":"info","message":"GET /pages/DealTrackMIS.jsx?v=1777929139850 200 - 2ms","timestamp":"2026-05-04T21:12:19.855Z"}
{"level":"info","message":"GET /css/base.css 304 - 4ms","timestamp":"2026-05-04T21:13:10.797Z"}
{"level":"info","message":"GET /css/layout.css 304 - 6ms","timestamp":"2026-05-04T21:13:10.799Z"}
{"level":"info","message":"GET /css/components.css 304 - 8ms","timestamp":"2026-05-04T21:13:10.802Z"}
{"level":"info","message":"GET /css/forms.css 304 - 8ms","timestamp":"2026-05-04T21:13:10.803Z"}
{"level":"info","message":"GET /css/ppt.css 304 - 9ms","timestamp":"2026-05-04T21:13:10.804Z"}
{"level":"info","message":"GET /css/utilities.css 304 - 9ms","timestamp":"2026-05-04T21:13:10.805Z"}
{"level":"info","message":"GET /css/style.css 304 - 1ms","timestamp":"2026-05-04T21:13:10.808Z"}
{"level":"info","message":"GET /css/tables.css 304 - 1ms","timestamp":"2026-05-04T21:13:10.809Z"}
{"level":"info","message":"GET /css/pages.css 304 - 3ms","timestamp":"2026-05-04T21:13:10.811Z"}
{"level":"info","message":"GET /.well-known/appspecific/com.chrome.devtools.json 200 - 9ms","timestamp":"2026-05-04T21:13:10.830Z"}
{"level":"info","message":"GET / 304 - 3ms","timestamp":"2026-05-04T21:13:44.298Z"}
{"level":"info","message":"GET /css/style.css 304 - 2ms","timestamp":"2026-05-04T21:13:44.329Z"}
{"level":"info","message":"GET /js/main.js?v=2 304 - 3ms","timestamp":"2026-05-04T21:13:44.331Z"}
{"level":"info","message":"GET /css/base.css 304 - 6ms","timestamp":"2026-05-04T21:13:44.354Z"}
{"level":"info","message":"GET /css/layout.css 304 - 7ms","timestamp":"2026-05-04T21:13:44.356Z"}
{"level":"info","message":"GET /css/pages.css 304 - 3ms","timestamp":"2026-05-04T21:13:44.362Z"}
{"level":"info","message":"GET /css/components.css 304 - 3ms","timestamp":"2026-05-04T21:13:44.363Z"}
{"level":"info","message":"GET /css/forms.css 304 - 7ms","timestamp":"2026-05-04T21:13:44.367Z"}
{"level":"info","message":"GET /css/tables.css 304 - 8ms","timestamp":"2026-05-04T21:13:44.369Z"}
{"level":"info","message":"GET /css/ppt.css 304 - 5ms","timestamp":"2026-05-04T21:13:44.376Z"}
{"level":"info","message":"GET /css/utilities.css 304 - 3ms","timestamp":"2026-05-04T21:13:44.378Z"}
{"level":"info","message":"GET /.well-known/appspecific/com.chrome.devtools.json 304 - 1ms","timestamp":"2026-05-04T21:13:44.396Z"}
{"level":"info","message":"GET /js/dealForm.js 304 - 4ms","timestamp":"2026-05-04T21:13:44.621Z"}
{"level":"info","message":"GET /js/ppt.js 304 - 5ms","timestamp":"2026-05-04T21:13:44.622Z"}
{"level":"info","message":"GET /js/helpers.js 304 - 3ms","timestamp":"2026-05-04T21:13:44.623Z"}
{"level":"info","message":"GET /js/records.js 304 - 6ms","timestamp":"2026-05-04T21:13:44.626Z"}
{"level":"info","message":"GET /js/health.js 304 - 3ms","timestamp":"2026-05-04T21:13:44.633Z"}
{"level":"info","message":"GET /js/ui.js 304 - 4ms","timestamp":"2026-05-04T21:13:44.635Z"}
{"level":"info","message":"GET /js/FILTERPPTDOWNLOAD.js 304 - 2ms","timestamp":"2026-05-04T21:13:44.640Z"}
{"level":"info","message":"GET /js/BULKEXCELUPLOAD.js 304 - 2ms","timestamp":"2026-05-04T21:13:44.641Z"}
{"level":"info","message":"GET /js/summary.js 200 - 6ms","timestamp":"2026-05-04T21:13:44.644Z"}
{"level":"info","message":"GET /components/topbar.html 304 - 2ms","timestamp":"2026-05-04T21:13:44.658Z"}
{"level":"info","message":"GET /components/sidebar.html 304 - 2ms","timestamp":"2026-05-04T21:13:44.659Z"}
{"level":"info","message":"GET /favicon.ico 304 - 2ms","timestamp":"2026-05-04T21:13:44.674Z"}
{"level":"info","message":"GET /pages/new-deal.html 304 - 4ms","timestamp":"2026-05-04T21:13:44.679Z"}
{"level":"info","message":"GET /pages/records.html 304 - 11ms","timestamp":"2026-05-04T21:13:44.687Z"}
{"level":"info","message":"GET /pages/health.html 304 - 13ms","timestamp":"2026-05-04T21:13:44.690Z"}
{"level":"info","message":"GET /pages/summary.html 304 - 15ms","timestamp":"2026-05-04T21:13:44.692Z"}
{"level":"info","message":"GET /pages/calculator.html 304 - 5ms","timestamp":"2026-05-04T21:13:44.701Z"}
{"level":"info","message":"GET /pages/tl-report.html 304 - 7ms","timestamp":"2026-05-04T21:13:44.704Z"}
{"level":"info","message":"GET /pages/pivot_report_generator.html 304 - 45ms","timestamp":"2026-05-04T21:13:44.813Z"}
{"level":"info","message":"GET /api/deals?page=1&limit=100 304 - 104ms","timestamp":"2026-05-04T21:13:44.881Z"}
{"level":"info","message":"GET / 304 - 6ms","timestamp":"2026-05-04T21:16:11.558Z"}
{"level":"info","message":"GET /js/main.js?v=2 304 - 24ms","timestamp":"2026-05-04T21:16:11.855Z"}
{"level":"info","message":"GET /css/style.css 304 - 16ms","timestamp":"2026-05-04T21:16:11.863Z"}
{"level":"info","message":"GET /css/base.css 304 - 5ms","timestamp":"2026-05-04T21:16:11.885Z"}
{"level":"info","message":"GET /css/layout.css 304 - 12ms","timestamp":"2026-05-04T21:16:11.892Z"}
{"level":"info","message":"GET /css/components.css 304 - 4ms","timestamp":"2026-05-04T21:16:11.897Z"}
{"level":"info","message":"GET /css/forms.css 304 - 5ms","timestamp":"2026-05-04T21:16:11.899Z"}
{"level":"info","message":"GET /css/tables.css 304 - 8ms","timestamp":"2026-05-04T21:16:11.904Z"}
{"level":"info","message":"GET /css/pages.css 304 - 10ms","timestamp":"2026-05-04T21:16:11.906Z"}
{"level":"info","message":"GET /css/ppt.css 304 - 13ms","timestamp":"2026-05-04T21:16:11.909Z"}
{"level":"info","message":"GET /css/utilities.css 304 - 1ms","timestamp":"2026-05-04T21:16:11.912Z"}
{"level":"info","message":"GET /js/helpers.js 304 - 2ms","timestamp":"2026-05-04T21:16:12.048Z"}
{"level":"info","message":"GET /js/dealForm.js 304 - 2ms","timestamp":"2026-05-04T21:16:12.049Z"}
{"level":"info","message":"GET /js/ppt.js 304 - 4ms","timestamp":"2026-05-04T21:16:12.051Z"}
{"level":"info","message":"GET /js/records.js 304 - 4ms","timestamp":"2026-05-04T21:16:12.056Z"}
{"level":"info","message":"GET /js/health.js 304 - 6ms","timestamp":"2026-05-04T21:16:12.059Z"}
{"level":"info","message":"GET /js/ui.js 304 - 2ms","timestamp":"2026-05-04T21:16:12.062Z"}
{"level":"info","message":"GET /js/FILTERPPTDOWNLOAD.js 304 - 3ms","timestamp":"2026-05-04T21:16:12.063Z"}
{"level":"info","message":"GET /js/BULKEXCELUPLOAD.js 304 - 3ms","timestamp":"2026-05-04T21:16:12.064Z"}
{"level":"info","message":"GET /js/summary.js 200 - 17ms","timestamp":"2026-05-04T21:16:12.070Z"}
{"level":"info","message":"GET /components/topbar.html 304 - 2ms","timestamp":"2026-05-04T21:16:12.078Z"}
{"level":"info","message":"GET /components/sidebar.html 304 - 5ms","timestamp":"2026-05-04T21:16:12.082Z"}
{"level":"info","message":"GET /favicon.ico 304 - 3ms","timestamp":"2026-05-04T21:16:12.092Z"}
{"level":"info","message":"GET /pages/new-deal.html 304 - 2ms","timestamp":"2026-05-04T21:16:12.189Z"}
{"level":"info","message":"GET /pages/records.html 304 - 3ms","timestamp":"2026-05-04T21:16:12.191Z"}
{"level":"info","message":"GET /pages/health.html 304 - 4ms","timestamp":"2026-05-04T21:16:12.192Z"}
{"level":"info","message":"GET /pages/summary.html 304 - 6ms","timestamp":"2026-05-04T21:16:12.194Z"}
{"level":"info","message":"GET /pages/calculator.html 304 - 1ms","timestamp":"2026-05-04T21:16:12.196Z"}
{"level":"info","message":"GET /pages/tl-report.html 304 - 2ms","timestamp":"2026-05-04T21:16:12.198Z"}
{"level":"info","message":"GET /pages/pivot_report_generator.html 304 - 1ms","timestamp":"2026-05-04T21:16:12.300Z"}
{"level":"info","message":"GET /api/deals?page=1&limit=100 304 - 22ms","timestamp":"2026-05-04T21:16:12.311Z"}
{"level":"info","message":"GET /pages/DealTrackMIS.jsx?v=1777929379483 200 - 2ms","timestamp":"2026-05-04T21:16:19.487Z"}
{"level":"info","message":"GET /css/style.css 304 - 3ms","timestamp":"2026-05-04T21:16:28.256Z"}
{"level":"info","message":"GET /css/base.css 304 - 4ms","timestamp":"2026-05-04T21:16:28.258Z"}
{"level":"info","message":"GET /css/layout.css 304 - 7ms","timestamp":"2026-05-04T21:16:28.261Z"}
{"level":"info","message":"GET /css/components.css 304 - 5ms","timestamp":"2026-05-04T21:16:28.264Z"}
{"level":"info","message":"GET /css/pages.css 304 - 2ms","timestamp":"2026-05-04T21:16:28.270Z"}
{"level":"info","message":"GET /css/forms.css 304 - 3ms","timestamp":"2026-05-04T21:16:28.272Z"}
{"level":"info","message":"GET /css/tables.css 304 - 6ms","timestamp":"2026-05-04T21:16:28.275Z"}
{"level":"info","message":"GET /css/ppt.css 304 - 10ms","timestamp":"2026-05-04T21:16:28.279Z"}
{"level":"info","message":"GET /css/utilities.css 304 - 5ms","timestamp":"2026-05-04T21:16:28.286Z"}
{"level":"info","message":"GET /.well-known/appspecific/com.chrome.devtools.json 304 - 2ms","timestamp":"2026-05-04T21:16:28.297Z"}
{"level":"info","message":"GET / 304 - 7ms","timestamp":"2026-05-04T21:20:59.604Z"}
{"level":"info","message":"GET /css/style.css 304 - 3ms","timestamp":"2026-05-04T21:20:59.747Z"}
{"level":"info","message":"GET /js/main.js?v=2 304 - 1ms","timestamp":"2026-05-04T21:20:59.753Z"}
{"level":"info","message":"GET /css/base.css 304 - 2ms","timestamp":"2026-05-04T21:20:59.782Z"}
{"level":"info","message":"GET /css/layout.css 304 - 2ms","timestamp":"2026-05-04T21:20:59.792Z"}
{"level":"info","message":"GET /css/components.css 304 - 4ms","timestamp":"2026-05-04T21:20:59.801Z"}
{"level":"info","message":"GET /css/forms.css 304 - 7ms","timestamp":"2026-05-04T21:20:59.804Z"}
{"level":"info","message":"GET /css/tables.css 304 - 9ms","timestamp":"2026-05-04T21:20:59.807Z"}
{"level":"info","message":"GET /css/pages.css 304 - 13ms","timestamp":"2026-05-04T21:20:59.813Z"}
{"level":"info","message":"GET /css/ppt.css 304 - 16ms","timestamp":"2026-05-04T21:20:59.816Z"}
{"level":"info","message":"GET /css/utilities.css 304 - 3ms","timestamp":"2026-05-04T21:20:59.822Z"}
{"level":"info","message":"GET /js/helpers.js 304 - 3ms","timestamp":"2026-05-04T21:20:59.948Z"}
{"level":"info","message":"GET /js/ppt.js 304 - 2ms","timestamp":"2026-05-04T21:20:59.949Z"}
{"level":"info","message":"GET /js/dealForm.js 304 - 2ms","timestamp":"2026-05-04T21:20:59.949Z"}
{"level":"info","message":"GET /js/records.js 304 - 2ms","timestamp":"2026-05-04T21:20:59.952Z"}
{"level":"info","message":"GET /js/health.js 304 - 4ms","timestamp":"2026-05-04T21:20:59.960Z"}
{"level":"info","message":"GET /js/ui.js 304 - 4ms","timestamp":"2026-05-04T21:20:59.961Z"}
{"level":"info","message":"GET /js/FILTERPPTDOWNLOAD.js 304 - 4ms","timestamp":"2026-05-04T21:20:59.962Z"}
{"level":"info","message":"GET /js/BULKEXCELUPLOAD.js 304 - 4ms","timestamp":"2026-05-04T21:20:59.963Z"}
{"level":"info","message":"GET /js/summary.js 200 - 15ms","timestamp":"2026-05-04T21:20:59.966Z"}
{"level":"info","message":"GET /components/topbar.html 304 - 2ms","timestamp":"2026-05-04T21:20:59.976Z"}
{"level":"info","message":"GET /components/sidebar.html 304 - 2ms","timestamp":"2026-05-04T21:20:59.977Z"}
{"level":"info","message":"GET /pages/new-deal.html 304 - 11ms","timestamp":"2026-05-04T21:20:59.997Z"}
{"level":"info","message":"GET /pages/records.html 304 - 11ms","timestamp":"2026-05-04T21:20:59.999Z"}
{"level":"info","message":"GET /pages/health.html 304 - 11ms","timestamp":"2026-05-04T21:21:00.003Z"}
{"level":"info","message":"GET /pages/summary.html 304 - 12ms","timestamp":"2026-05-04T21:21:00.005Z"}
{"level":"info","message":"GET /pages/calculator.html 304 - 17ms","timestamp":"2026-05-04T21:21:00.012Z"}
{"level":"info","message":"GET /pages/tl-report.html 304 - 19ms","timestamp":"2026-05-04T21:21:00.015Z"}
{"level":"info","message":"GET /favicon.ico 304 - 1ms","timestamp":"2026-05-04T21:21:00.121Z"}
{"level":"info","message":"GET /pages/pivot_report_generator.html 304 - 1ms","timestamp":"2026-05-04T21:21:00.164Z"}
{"level":"info","message":"GET /api/deals?page=1&limit=100 304 - 76ms","timestamp":"2026-05-04T21:21:00.228Z"}
{"level":"info","message":"GET /pages/DealTrackMIS.jsx?v=1777929664248 200 - 4ms","timestamp":"2026-05-04T21:21:04.255Z"}
{"level":"info","message":"GET / 304 - 2ms","timestamp":"2026-05-04T21:21:12.068Z"}
{"level":"info","message":"GET /css/style.css 304 - 2ms","timestamp":"2026-05-04T21:21:12.092Z"}
{"level":"info","message":"GET /js/main.js?v=2 304 - 3ms","timestamp":"2026-05-04T21:21:12.094Z"}
{"level":"info","message":"GET /css/base.css 304 - 1ms","timestamp":"2026-05-04T21:21:12.097Z"}
{"level":"info","message":"GET /css/layout.css 304 - 1ms","timestamp":"2026-05-04T21:21:12.099Z"}
{"level":"info","message":"GET /css/components.css 304 - 1ms","timestamp":"2026-05-04T21:21:12.103Z"}
{"level":"info","message":"GET /css/tables.css 304 - 1ms","timestamp":"2026-05-04T21:21:12.105Z"}
{"level":"info","message":"GET /css/forms.css 304 - 3ms","timestamp":"2026-05-04T21:21:12.107Z"}
{"level":"info","message":"GET /css/pages.css 304 - 3ms","timestamp":"2026-05-04T21:21:12.108Z"}
{"level":"info","message":"GET /css/ppt.css 304 - 1ms","timestamp":"2026-05-04T21:21:12.110Z"}
{"level":"info","message":"GET /css/utilities.css 304 - 1ms","timestamp":"2026-05-04T21:21:12.112Z"}
{"level":"info","message":"GET /js/helpers.js 304 - 1ms","timestamp":"2026-05-04T21:21:12.175Z"}
{"level":"info","message":"GET /js/dealForm.js 304 - 1ms","timestamp":"2026-05-04T21:21:12.175Z"}
{"level":"info","message":"GET /js/ppt.js 304 - 2ms","timestamp":"2026-05-04T21:21:12.176Z"}
{"level":"info","message":"GET /js/records.js 304 - 3ms","timestamp":"2026-05-04T21:21:12.177Z"}
{"level":"info","message":"GET /js/summary.js 304 - 1ms","timestamp":"2026-05-04T21:21:12.179Z"}
{"level":"info","message":"GET /js/ui.js 304 - 3ms","timestamp":"2026-05-04T21:21:12.182Z"}
{"level":"info","message":"GET /js/FILTERPPTDOWNLOAD.js 304 - 2ms","timestamp":"2026-05-04T21:21:12.183Z"}
{"level":"info","message":"GET /js/BULKEXCELUPLOAD.js 304 - 3ms","timestamp":"2026-05-04T21:21:12.184Z"}
{"level":"info","message":"GET /js/health.js 304 - 4ms","timestamp":"2026-05-04T21:21:12.185Z"}
{"level":"info","message":"GET /components/topbar.html 304 - 1ms","timestamp":"2026-05-04T21:21:12.189Z"}
{"level":"info","message":"GET /components/sidebar.html 304 - 1ms","timestamp":"2026-05-04T21:21:12.190Z"}
{"level":"info","message":"GET /favicon.ico 304 - 1ms","timestamp":"2026-05-04T21:21:12.193Z"}
{"level":"info","message":"GET /pages/new-deal.html 304 - 1ms","timestamp":"2026-05-04T21:21:12.196Z"}
{"level":"info","message":"GET /pages/records.html 304 - 3ms","timestamp":"2026-05-04T21:21:12.198Z"}
{"level":"info","message":"GET /pages/summary.html 304 - 3ms","timestamp":"2026-05-04T21:21:12.199Z"}
{"level":"info","message":"GET /pages/health.html 304 - 5ms","timestamp":"2026-05-04T21:21:12.201Z"}
{"level":"info","message":"GET /pages/calculator.html 304 - 2ms","timestamp":"2026-05-04T21:21:12.202Z"}
{"level":"info","message":"GET /pages/tl-report.html 304 - 2ms","timestamp":"2026-05-04T21:21:12.204Z"}
{"level":"info","message":"GET /api/deals?page=1&limit=100 304 - 14ms","timestamp":"2026-05-04T21:21:12.237Z"}
{"level":"info","message":"GET /pages/pivot_report_generator.html 304 - 1ms","timestamp":"2026-05-04T21:21:12.239Z"}
{"level":"info","message":"GET /pages/DealTrackMIS.jsx?v=1777929675419 200 - 3ms","timestamp":"2026-05-04T21:21:15.426Z"}
{"level":"info","message":"GET /css/style.css 304 - 2ms","timestamp":"2026-05-04T21:21:26.152Z"}
{"level":"info","message":"GET /css/base.css 304 - 1ms","timestamp":"2026-05-04T21:21:26.156Z"}
{"level":"info","message":"GET /css/layout.css 304 - 2ms","timestamp":"2026-05-04T21:21:26.160Z"}
{"level":"info","message":"GET /css/components.css 304 - 4ms","timestamp":"2026-05-04T21:21:26.162Z"}
{"level":"info","message":"GET /css/forms.css 304 - 5ms","timestamp":"2026-05-04T21:21:26.164Z"}
{"level":"info","message":"GET /css/pages.css 304 - 1ms","timestamp":"2026-05-04T21:21:26.166Z"}
{"level":"info","message":"GET /css/tables.css 304 - 1ms","timestamp":"2026-05-04T21:21:26.167Z"}
{"level":"info","message":"GET /css/utilities.css 304 - 1ms","timestamp":"2026-05-04T21:21:26.170Z"}
{"level":"info","message":"GET /css/ppt.css 304 - 2ms","timestamp":"2026-05-04T21:21:26.171Z"}
{"level":"info","message":"GET /.well-known/appspecific/com.chrome.devtools.json 304 - 2ms","timestamp":"2026-05-04T21:21:26.178Z"}
{"level":"info","message":"GET / 304 - 6ms","timestamp":"2026-05-04T21:21:34.060Z"}
{"level":"info","message":"GET /css/style.css 304 - 3ms","timestamp":"2026-05-04T21:21:34.103Z"}
{"level":"info","message":"GET /js/main.js?v=2 304 - 7ms","timestamp":"2026-05-04T21:21:34.109Z"}
{"level":"info","message":"GET /css/base.css 304 - 11ms","timestamp":"2026-05-04T21:21:34.145Z"}
{"level":"info","message":"GET /css/layout.css 304 - 17ms","timestamp":"2026-05-04T21:21:34.153Z"}
{"level":"info","message":"GET /css/components.css 304 - 21ms","timestamp":"2026-05-04T21:21:34.158Z"}
{"level":"info","message":"GET /css/forms.css 304 - 24ms","timestamp":"2026-05-04T21:21:34.163Z"}
{"level":"info","message":"GET /css/tables.css 304 - 31ms","timestamp":"2026-05-04T21:21:34.174Z"}
{"level":"info","message":"GET /css/pages.css 304 - 36ms","timestamp":"2026-05-04T21:21:34.179Z"}
{"level":"info","message":"GET /css/ppt.css 304 - 3ms","timestamp":"2026-05-04T21:21:34.185Z"}
{"level":"info","message":"GET /css/utilities.css 304 - 4ms","timestamp":"2026-05-04T21:21:34.187Z"}
{"level":"info","message":"GET /.well-known/appspecific/com.chrome.devtools.json 304 - 7ms","timestamp":"2026-05-04T21:21:34.190Z"}
{"level":"info","message":"GET /js/helpers.js 304 - 1ms","timestamp":"2026-05-04T21:21:34.529Z"}
{"level":"info","message":"GET /js/dealForm.js 304 - 3ms","timestamp":"2026-05-04T21:21:34.533Z"}
{"level":"info","message":"GET /js/records.js 304 - 8ms","timestamp":"2026-05-04T21:21:34.539Z"}
{"level":"info","message":"GET /js/ppt.js 304 - 14ms","timestamp":"2026-05-04T21:21:34.545Z"}
{"level":"info","message":"GET /js/summary.js 304 - 15ms","timestamp":"2026-05-04T21:21:34.547Z"}
{"level":"info","message":"GET /js/health.js 304 - 8ms","timestamp":"2026-05-04T21:21:34.557Z"}
{"level":"info","message":"GET /js/ui.js 304 - 10ms","timestamp":"2026-05-04T21:21:34.561Z"}
{"level":"info","message":"GET /js/FILTERPPTDOWNLOAD.js 304 - 2ms","timestamp":"2026-05-04T21:21:34.567Z"}
{"level":"info","message":"GET /js/BULKEXCELUPLOAD.js 304 - 5ms","timestamp":"2026-05-04T21:21:34.569Z"}
{"level":"info","message":"GET /components/topbar.html 304 - 5ms","timestamp":"2026-05-04T21:21:34.588Z"}
{"level":"info","message":"GET /components/sidebar.html 304 - 13ms","timestamp":"2026-05-04T21:21:34.597Z"}
{"level":"info","message":"GET /pages/new-deal.html 304 - 21ms","timestamp":"2026-05-04T21:21:34.632Z"}
{"level":"info","message":"GET /pages/records.html 304 - 32ms","timestamp":"2026-05-04T21:21:34.644Z"}
{"level":"info","message":"GET /pages/summary.html 304 - 34ms","timestamp":"2026-05-04T21:21:34.647Z"}
{"level":"info","message":"GET /pages/health.html 304 - 33ms","timestamp":"2026-05-04T21:21:34.651Z"}
{"level":"info","message":"GET /pages/calculator.html 304 - 33ms","timestamp":"2026-05-04T21:21:34.652Z"}
{"level":"info","message":"GET /favicon.ico 304 - 59ms","timestamp":"2026-05-04T21:21:34.670Z"}
{"level":"info","message":"GET /pages/tl-report.html 304 - 3ms","timestamp":"2026-05-04T21:21:34.693Z"}
{"level":"info","message":"GET /pages/pivot_report_generator.html 304 - 2ms","timestamp":"2026-05-04T21:21:34.754Z"}
{"level":"info","message":"GET /api/deals?page=1&limit=100 304 - 23ms","timestamp":"2026-05-04T21:21:34.767Z"}
{"level":"info","message":"GET /pages/DealTrackMIS.jsx?v=1777929697553 200 - 4ms","timestamp":"2026-05-04T21:21:37.562Z"}
{"level":"info","message":"GET / 304 - 113ms","timestamp":"2026-05-05T05:25:55.167Z"}
{"level":"info","message":"GET /css/style.css 304 - 8ms","timestamp":"2026-05-05T05:25:55.364Z"}
{"level":"info","message":"GET /js/main.js?v=2 304 - 12ms","timestamp":"2026-05-05T05:25:55.373Z"}
{"level":"info","message":"GET /css/base.css 304 - 11ms","timestamp":"2026-05-05T05:25:55.448Z"}
{"level":"info","message":"GET /css/layout.css 304 - 12ms","timestamp":"2026-05-05T05:25:55.451Z"}
{"level":"info","message":"GET /css/forms.css 304 - 6ms","timestamp":"2026-05-05T05:25:55.475Z"}
{"level":"info","message":"GET /css/pages.css 304 - 12ms","timestamp":"2026-05-05T05:25:55.491Z"}
{"level":"info","message":"GET /css/utilities.css 304 - 17ms","timestamp":"2026-05-05T05:25:55.500Z"}
{"level":"info","message":"GET /css/components.css 304 - 21ms","timestamp":"2026-05-05T05:25:55.505Z"}
{"level":"info","message":"GET /css/tables.css 304 - 19ms","timestamp":"2026-05-05T05:25:55.509Z"}
{"level":"info","message":"GET /css/ppt.css 304 - 22ms","timestamp":"2026-05-05T05:25:55.512Z"}
{"level":"info","message":"GET / 200 - 11ms","timestamp":"2026-05-05T12:07:11.577Z"}
{"level":"info","message":"GET /css/style.css 304 - 9ms","timestamp":"2026-05-05T12:07:11.826Z"}
{"level":"info","message":"GET /js/main.js?v=2 200 - 13ms","timestamp":"2026-05-05T12:07:11.832Z"}
{"level":"info","message":"GET /css/layout.css 304 - 14ms","timestamp":"2026-05-05T12:07:11.868Z"}
{"level":"info","message":"GET /css/forms.css 304 - 8ms","timestamp":"2026-05-05T12:07:11.873Z"}
{"level":"info","message":"GET /css/components.css 304 - 6ms","timestamp":"2026-05-05T12:07:11.883Z"}
{"level":"info","message":"GET /css/pages.css 304 - 7ms","timestamp":"2026-05-05T12:07:11.888Z"}
{"level":"info","message":"GET /css/base.css 200 - 43ms","timestamp":"2026-05-05T12:07:11.893Z"}
{"level":"info","message":"GET /css/ppt.css 304 - 6ms","timestamp":"2026-05-05T12:07:11.896Z"}
{"level":"info","message":"GET /css/utilities.css 304 - 12ms","timestamp":"2026-05-05T12:07:11.904Z"}
{"level":"info","message":"GET /css/tables.css 200 - 30ms","timestamp":"2026-05-05T12:07:11.909Z"}
{"level":"info","message":"GET /js/helpers.js 304 - 1ms","timestamp":"2026-05-05T12:07:12.056Z"}
{"level":"info","message":"GET /js/dealForm.js 304 - 2ms","timestamp":"2026-05-05T12:07:12.057Z"}
{"level":"info","message":"GET /js/ppt.js 304 - 2ms","timestamp":"2026-05-05T12:07:12.058Z"}
{"level":"info","message":"GET /js/health.js 304 - 3ms","timestamp":"2026-05-05T12:07:12.063Z"}
{"level":"info","message":"GET /js/FILTERPPTDOWNLOAD.js 304 - 2ms","timestamp":"2026-05-05T12:07:12.067Z"}
{"level":"info","message":"GET /js/records.js 200 - 10ms","timestamp":"2026-05-05T12:07:12.069Z"}
{"level":"info","message":"GET /js/summary.js 200 - 11ms","timestamp":"2026-05-05T12:07:12.071Z"}
{"level":"info","message":"GET /js/ui.js 200 - 10ms","timestamp":"2026-05-05T12:07:12.074Z"}
{"level":"info","message":"GET /js/BULKEXCELUPLOAD.js 200 - 11ms","timestamp":"2026-05-05T12:07:12.076Z"}
{"level":"info","message":"GET /components/sidebar.html 304 - 1ms","timestamp":"2026-05-05T12:07:12.089Z"}
{"level":"info","message":"GET /components/topbar.html 200 - 9ms","timestamp":"2026-05-05T12:07:12.094Z"}
{"level":"info","message":"GET /favicon.ico 200 - 8ms","timestamp":"2026-05-05T12:07:12.100Z"}
{"level":"info","message":"GET /pages/new-deal.html 304 - 3ms","timestamp":"2026-05-05T12:07:12.106Z"}
{"level":"info","message":"GET /pages/health.html 304 - 4ms","timestamp":"2026-05-05T12:07:12.109Z"}
{"level":"info","message":"GET /pages/calculator.html 304 - 6ms","timestamp":"2026-05-05T12:07:12.111Z"}
{"level":"info","message":"GET /pages/tl-report.html 304 - 8ms","timestamp":"2026-05-05T12:07:12.113Z"}
{"level":"info","message":"GET /pages/records.html 200 - 13ms","timestamp":"2026-05-05T12:07:12.117Z"}
{"level":"info","message":"GET /pages/summary.html 200 - 15ms","timestamp":"2026-05-05T12:07:12.119Z"}
{"level":"info","message":"GET /api/deals?page=1&limit=100 304 - 40ms","timestamp":"2026-05-05T12:07:12.216Z"}
{"level":"info","message":"GET /pages/pivot_report_generator.html 200 - 19ms","timestamp":"2026-05-05T12:07:12.222Z"}
{"level":"info","message":"GET /pages/DealTrackMIS.jsx?v=1777982836174 200 - 3ms","timestamp":"2026-05-05T12:07:16.178Z"}
{"level":"info","message":"GET /api/deals/health 200 - 7ms","timestamp":"2026-05-05T12:07:22.263Z"}
{"level":"info","message":"GET /api/deals/health 200 - 5ms","timestamp":"2026-05-05T12:07:22.271Z"}
{"level":"info","message":"GET /pages/calculator/Insurance_Pro_updated.html 304 - 2ms","timestamp":"2026-05-05T12:07:23.350Z"}
{"level":"info","message":"GET / 304 - 11ms","timestamp":"2026-05-05T12:17:44.297Z"}
{"level":"info","message":"GET /css/style.css 304 - 17ms","timestamp":"2026-05-05T12:17:44.546Z"}
{"level":"info","message":"GET /js/main.js?v=2 304 - 7ms","timestamp":"2026-05-05T12:17:44.551Z"}
{"level":"info","message":"GET /css/base.css 304 - 2ms","timestamp":"2026-05-05T12:17:44.566Z"}
{"level":"info","message":"GET /css/layout.css 304 - 3ms","timestamp":"2026-05-05T12:17:44.568Z"}
{"level":"info","message":"GET /css/tables.css 304 - 4ms","timestamp":"2026-05-05T12:17:44.579Z"}
{"level":"info","message":"GET /css/components.css 304 - 13ms","timestamp":"2026-05-05T12:17:44.590Z"}
{"level":"info","message":"GET /css/forms.css 304 - 16ms","timestamp":"2026-05-05T12:17:44.594Z"}
{"level":"info","message":"GET /css/pages.css 304 - 10ms","timestamp":"2026-05-05T12:17:44.618Z"}
{"level":"info","message":"GET /css/ppt.css 304 - 31ms","timestamp":"2026-05-05T12:17:44.645Z"}
{"level":"info","message":"GET /css/utilities.css 304 - 46ms","timestamp":"2026-05-05T12:17:44.660Z"}
{"level":"info","message":"GET /js/helpers.js 304 - 2ms","timestamp":"2026-05-05T12:17:44.826Z"}
{"level":"info","message":"GET /js/dealForm.js 304 - 3ms","timestamp":"2026-05-05T12:17:44.828Z"}
{"level":"info","message":"GET /js/ppt.js 304 - 3ms","timestamp":"2026-05-05T12:17:44.829Z"}
{"level":"info","message":"GET /js/records.js 304 - 6ms","timestamp":"2026-05-05T12:17:44.836Z"}
{"level":"info","message":"GET /js/summary.js 304 - 7ms","timestamp":"2026-05-05T12:17:44.838Z"}
{"level":"info","message":"GET /js/ui.js 304 - 10ms","timestamp":"2026-05-05T12:17:44.841Z"}
{"level":"info","message":"GET /js/health.js 304 - 9ms","timestamp":"2026-05-05T12:17:44.843Z"}
{"level":"info","message":"GET /js/FILTERPPTDOWNLOAD.js 304 - 9ms","timestamp":"2026-05-05T12:17:44.845Z"}
{"level":"info","message":"GET /js/BULKEXCELUPLOAD.js 304 - 1ms","timestamp":"2026-05-05T12:17:44.853Z"}
{"level":"info","message":"GET /components/topbar.html 304 - 2ms","timestamp":"2026-05-05T12:17:44.870Z"}
{"level":"info","message":"GET /components/sidebar.html 304 - 5ms","timestamp":"2026-05-05T12:17:44.873Z"}
{"level":"info","message":"GET /pages/new-deal.html 304 - 9ms","timestamp":"2026-05-05T12:17:44.893Z"}
{"level":"info","message":"GET /pages/records.html 304 - 9ms","timestamp":"2026-05-05T12:17:44.895Z"}
{"level":"info","message":"GET /pages/summary.html 304 - 6ms","timestamp":"2026-05-05T12:17:44.898Z"}
{"level":"info","message":"GET /pages/health.html 304 - 11ms","timestamp":"2026-05-05T12:17:44.903Z"}
{"level":"info","message":"GET /favicon.ico 304 - 22ms","timestamp":"2026-05-05T12:17:44.906Z"}
{"level":"info","message":"GET /pages/calculator.html 304 - 4ms","timestamp":"2026-05-05T12:17:44.909Z"}
{"level":"info","message":"GET /pages/tl-report.html 304 - 0ms","timestamp":"2026-05-05T12:17:44.912Z"}
{"level":"info","message":"GET /pages/pivot_report_generator.html 304 - 2ms","timestamp":"2026-05-05T12:17:44.995Z"}
{"level":"info","message":"GET /api/deals?page=1&limit=100 304 - 88ms","timestamp":"2026-05-05T12:17:45.059Z"}
{"level":"info","message":"POST /api/deals/bulk 201 - 50ms","timestamp":"2026-05-05T12:18:04.634Z"}
{"level":"error","message":"POST /api/deals/bulk 400 - 1ms","timestamp":"2026-05-05T12:18:04.697Z"}
{"level":"error","message":"POST /api/deals/bulk 400 - 0ms","timestamp":"2026-05-05T12:18:05.101Z"}
{"level":"error","message":"POST /api/deals/bulk 400 - 2ms","timestamp":"2026-05-05T12:18:05.913Z"}
{"level":"info","message":"POST /api/deals/bulk 201 - 108ms","timestamp":"2026-05-05T12:18:17.313Z"}
{"level":"info","message":"GET /api/deals?page=1&limit=100 200 - 13ms","timestamp":"2026-05-05T12:18:17.331Z"}
{"level":"info","message":"GET /pages/new-deal.html 304 - 1ms","timestamp":"2026-05-05T12:18:42.310Z"}
{"level":"info","message":"GET /pages/summary.html 304 - 2ms","timestamp":"2026-05-05T12:18:42.311Z"}
{"level":"info","message":"GET /pages/calculator.html 304 - 4ms","timestamp":"2026-05-05T12:18:42.315Z"}
{"level":"info","message":"GET /pages/records.html 304 - 3ms","timestamp":"2026-05-05T12:18:42.316Z"}
{"level":"info","message":"GET /pages/health.html 304 - 5ms","timestamp":"2026-05-05T12:18:42.318Z"}
{"level":"info","message":"GET /pages/tl-report.html 304 - 5ms","timestamp":"2026-05-05T12:18:42.326Z"}
{"level":"info","message":"GET /favicon.ico 304 - 8ms","timestamp":"2026-05-05T12:18:42.329Z"}
{"level":"info","message":"GET /api/deals?page=1&limit=100 304 - 9ms","timestamp":"2026-05-05T12:18:42.431Z"}
{"level":"info","message":"GET /pages/pivot_report_generator.html 304 - 1ms","timestamp":"2026-05-05T12:18:42.434Z"}
{"level":"info","message":"DELETE /api/deals/69f9dffc6216cf3fd548039f 200 - 35ms","timestamp":"2026-05-05T12:18:58.498Z"}
{"level":"info","message":"DELETE /api/deals/69f9dffc6216cf3fd54803a0 200 - 29ms","timestamp":"2026-05-05T12:18:58.501Z"}
{"level":"info","message":"DELETE /api/deals/69f9dffc6216cf3fd54803a3 200 - 22ms","timestamp":"2026-05-05T12:18:58.506Z"}
{"level":"info","message":"DELETE /api/deals/69f9dffc6216cf3fd54803a4 200 - 26ms","timestamp":"2026-05-05T12:18:58.511Z"}
{"level":"info","message":"DELETE /api/deals/69f9dffc6216cf3fd54803a5 200 - 20ms","timestamp":"2026-05-05T12:18:58.533Z"}
{"level":"info","message":"DELETE /api/deals/69f9dffc6216cf3fd54803a6 200 - 19ms","timestamp":"2026-05-05T12:18:58.537Z"}
{"level":"info","message":"DELETE /api/deals/69f9dffc6216cf3fd54803a1 200 - 62ms","timestamp":"2026-05-05T12:18:58.541Z"}
{"level":"info","message":"DELETE /api/deals/69f9dffc6216cf3fd54803a2 200 - 67ms","timestamp":"2026-05-05T12:18:58.548Z"}
{"level":"info","message":"DELETE /api/deals/69f9e0096216cf3fd54803a9 200 - 15ms","timestamp":"2026-05-05T12:18:58.570Z"}
{"level":"info","message":"DELETE /api/deals/69f9e0096216cf3fd54803aa 200 - 17ms","timestamp":"2026-05-05T12:18:58.572Z"}
{"level":"info","message":"DELETE /api/deals/69f9e0096216cf3fd54803ab 200 - 23ms","timestamp":"2026-05-05T12:18:58.581Z"}
{"level":"info","message":"DELETE /api/deals/69f9e0096216cf3fd54803ac 200 - 26ms","timestamp":"2026-05-05T12:18:58.586Z"}
{"level":"info","message":"DELETE /api/deals/69f9dffc6216cf3fd54803a7 200 - 63ms","timestamp":"2026-05-05T12:18:58.588Z"}
{"level":"info","message":"DELETE /api/deals/69f9dffc6216cf3fd54803a8 200 - 63ms","timestamp":"2026-05-05T12:18:58.591Z"}
{"level":"info","message":"DELETE /api/deals/69f9e0096216cf3fd54803ad 200 - 12ms","timestamp":"2026-05-05T12:18:58.607Z"}
{"level":"info","message":"DELETE /api/deals/69f9e0096216cf3fd54803ae 200 - 12ms","timestamp":"2026-05-05T12:18:58.611Z"}
{"level":"info","message":"DELETE /api/deals/69f9e0096216cf3fd54803af 200 - 15ms","timestamp":"2026-05-05T12:18:58.616Z"}
{"level":"info","message":"DELETE /api/deals/69f9e0096216cf3fd54803b0 200 - 17ms","timestamp":"2026-05-05T12:18:58.619Z"}
{"level":"info","message":"DELETE /api/deals/69f9e0096216cf3fd54803b1 200 - 18ms","timestamp":"2026-05-05T12:18:58.621Z"}
{"level":"info","message":"DELETE /api/deals/69f9e0096216cf3fd54803b2 200 - 19ms","timestamp":"2026-05-05T12:18:58.623Z"}
{"level":"info","message":"DELETE /api/deals/69f9e0096216cf3fd54803b3 200 - 12ms","timestamp":"2026-05-05T12:18:58.639Z"}
{"level":"info","message":"DELETE /api/deals/69f9e0096216cf3fd54803b4 200 - 15ms","timestamp":"2026-05-05T12:18:58.645Z"}
{"level":"info","message":"DELETE /api/deals/69f9e0096216cf3fd54803b5 200 - 16ms","timestamp":"2026-05-05T12:18:58.648Z"}
{"level":"info","message":"DELETE /api/deals/69f9e0096216cf3fd54803b6 200 - 17ms","timestamp":"2026-05-05T12:18:58.651Z"}
{"level":"info","message":"DELETE /api/deals/69f9e0096216cf3fd54803b7 200 - 17ms","timestamp":"2026-05-05T12:18:58.653Z"}
{"level":"info","message":"DELETE /api/deals/69f9e0096216cf3fd54803b8 200 - 20ms","timestamp":"2026-05-05T12:18:58.657Z"}
{"level":"info","message":"DELETE /api/deals/69f9e0096216cf3fd54803b9 200 - 12ms","timestamp":"2026-05-05T12:18:58.671Z"}
{"level":"info","message":"DELETE /api/deals/69f9e0096216cf3fd54803ba 200 - 12ms","timestamp":"2026-05-05T12:18:58.674Z"}
{"level":"info","message":"DELETE /api/deals/69f9e0096216cf3fd54803bb 200 - 12ms","timestamp":"2026-05-05T12:18:58.677Z"}
{"level":"info","message":"DELETE /api/deals/69f9e0096216cf3fd54803bc 200 - 14ms","timestamp":"2026-05-05T12:18:58.680Z"}
{"level":"info","message":"DELETE /api/deals/69f9e0096216cf3fd54803bd 200 - 16ms","timestamp":"2026-05-05T12:18:58.683Z"}
{"level":"info","message":"DELETE /api/deals/69f9e0096216cf3fd54803be 200 - 16ms","timestamp":"2026-05-05T12:18:58.685Z"}
{"level":"info","message":"DELETE /api/deals/69f9e0096216cf3fd54803bf 200 - 10ms","timestamp":"2026-05-05T12:18:58.696Z"}
{"level":"info","message":"DELETE /api/deals/69f9e0096216cf3fd54803c0 200 - 11ms","timestamp":"2026-05-05T12:18:58.698Z"}
{"level":"info","message":"DELETE /api/deals/69f9e0096216cf3fd54803c1 200 - 12ms","timestamp":"2026-05-05T12:18:58.700Z"}
{"level":"info","message":"DELETE /api/deals/69f9e0096216cf3fd54803c2 200 - 12ms","timestamp":"2026-05-05T12:18:58.701Z"}
{"level":"info","message":"DELETE /api/deals/69f9e0096216cf3fd54803c3 200 - 12ms","timestamp":"2026-05-05T12:18:58.703Z"}
{"level":"info","message":"DELETE /api/deals/69f9e0096216cf3fd54803c4 200 - 12ms","timestamp":"2026-05-05T12:18:58.705Z"}
{"level":"info","message":"DELETE /api/deals/69f9e0096216cf3fd54803c5 200 - 10ms","timestamp":"2026-05-05T12:18:58.716Z"}
{"level":"info","message":"DELETE /api/deals/69f9e0096216cf3fd54803c6 200 - 11ms","timestamp":"2026-05-05T12:18:58.718Z"}
{"level":"info","message":"DELETE /api/deals/69f9e0096216cf3fd54803c7 200 - 11ms","timestamp":"2026-05-05T12:18:58.720Z"}
{"level":"info","message":"DELETE /api/deals/69f9e0096216cf3fd54803c8 200 - 11ms","timestamp":"2026-05-05T12:18:58.721Z"}
{"level":"info","message":"DELETE /api/deals/69f9e0096216cf3fd54803c9 200 - 11ms","timestamp":"2026-05-05T12:18:58.723Z"}
{"level":"info","message":"DELETE /api/deals/69f9e0096216cf3fd54803ca 200 - 14ms","timestamp":"2026-05-05T12:18:58.727Z"}
{"level":"info","message":"DELETE /api/deals/69f9e0096216cf3fd54803cb 200 - 6ms","timestamp":"2026-05-05T12:18:58.735Z"}
{"level":"info","message":"DELETE /api/deals/69f9e0096216cf3fd54803cc 200 - 7ms","timestamp":"2026-05-05T12:18:58.737Z"}
{"level":"info","message":"DELETE /api/deals/69f9e0096216cf3fd54803cd 200 - 9ms","timestamp":"2026-05-05T12:18:58.739Z"}
{"level":"info","message":"DELETE /api/deals/69f9e0096216cf3fd54803ce 200 - 10ms","timestamp":"2026-05-05T12:18:58.741Z"}
{"level":"info","message":"DELETE /api/deals/69f9e0096216cf3fd54803cf 200 - 12ms","timestamp":"2026-05-05T12:18:58.744Z"}
{"level":"info","message":"DELETE /api/deals/69f9e0096216cf3fd54803d0 200 - 13ms","timestamp":"2026-05-05T12:18:58.746Z"}
{"level":"info","message":"DELETE /api/deals/69f9e0096216cf3fd54803d1 200 - 8ms","timestamp":"2026-05-05T12:18:58.755Z"}
{"level":"info","message":"DELETE /api/deals/69f9e0096216cf3fd54803d2 200 - 9ms","timestamp":"2026-05-05T12:18:58.757Z"}
{"level":"info","message":"DELETE /api/deals/69f9e0096216cf3fd54803d3 200 - 10ms","timestamp":"2026-05-05T12:18:58.759Z"}
{"level":"info","message":"DELETE /api/deals/69f9e0096216cf3fd54803d4 200 - 11ms","timestamp":"2026-05-05T12:18:58.761Z"}
{"level":"info","message":"DELETE /api/deals/69f9e0096216cf3fd54803d5 200 - 12ms","timestamp":"2026-05-05T12:18:58.763Z"}
{"level":"info","message":"DELETE /api/deals/69f9e0096216cf3fd54803d6 200 - 13ms","timestamp":"2026-05-05T12:18:58.765Z"}
{"level":"info","message":"DELETE /api/deals/69f9e0096216cf3fd54803d7 200 - 7ms","timestamp":"2026-05-05T12:18:58.773Z"}
{"level":"info","message":"DELETE /api/deals/69f9e0096216cf3fd54803d8 200 - 9ms","timestamp":"2026-05-05T12:18:58.776Z"}
{"level":"info","message":"DELETE /api/deals/69f9e0096216cf3fd54803d9 200 - 10ms","timestamp":"2026-05-05T12:18:58.778Z"}
{"level":"info","message":"DELETE /api/deals/69f9e0096216cf3fd54803da 200 - 11ms","timestamp":"2026-05-05T12:18:58.780Z"}
{"level":"info","message":"DELETE /api/deals/69f9e0096216cf3fd54803db 200 - 12ms","timestamp":"2026-05-05T12:18:58.781Z"}
{"level":"info","message":"DELETE /api/deals/69f9e0096216cf3fd54803dc 200 - 13ms","timestamp":"2026-05-05T12:18:58.783Z"}
{"level":"info","message":"DELETE /api/deals/69f9e0096216cf3fd54803dd 200 - 8ms","timestamp":"2026-05-05T12:18:58.793Z"}
{"level":"info","message":"DELETE /api/deals/69f9e0096216cf3fd54803de 200 - 10ms","timestamp":"2026-05-05T12:18:58.796Z"}
{"level":"info","message":"DELETE /api/deals/69f9e0096216cf3fd54803df 200 - 10ms","timestamp":"2026-05-05T12:18:58.797Z"}
{"level":"info","message":"DELETE /api/deals/69f9e0096216cf3fd54803e0 200 - 11ms","timestamp":"2026-05-05T12:18:58.799Z"}
{"level":"info","message":"DELETE /api/deals/69f9e0096216cf3fd54803e1 200 - 11ms","timestamp":"2026-05-05T12:18:58.800Z"}
{"level":"info","message":"DELETE /api/deals/69f9e0096216cf3fd54803e2 200 - 12ms","timestamp":"2026-05-05T12:18:58.802Z"}
{"level":"info","message":"DELETE /api/deals/69f9e0096216cf3fd54803e3 200 - 8ms","timestamp":"2026-05-05T12:18:58.811Z"}
{"level":"info","message":"DELETE /api/deals/69f9e0096216cf3fd54803e4 200 - 9ms","timestamp":"2026-05-05T12:18:58.813Z"}
{"level":"info","message":"DELETE /api/deals/69f9e0096216cf3fd54803e5 200 - 10ms","timestamp":"2026-05-05T12:18:58.815Z"}
{"level":"info","message":"DELETE /api/deals/69f9e0096216cf3fd54803e6 200 - 10ms","timestamp":"2026-05-05T12:18:58.816Z"}
{"level":"info","message":"DELETE /api/deals/69f9e0096216cf3fd54803e7 200 - 11ms","timestamp":"2026-05-05T12:18:58.818Z"}
{"level":"info","message":"DELETE /api/deals/69f9e0096216cf3fd54803e8 200 - 12ms","timestamp":"2026-05-05T12:18:58.820Z"}
{"level":"info","message":"DELETE /api/deals/69f9e0096216cf3fd54803e9 200 - 9ms","timestamp":"2026-05-05T12:18:58.830Z"}
{"level":"info","message":"DELETE /api/deals/69f9e0096216cf3fd54803ea 200 - 10ms","timestamp":"2026-05-05T12:18:58.832Z"}
{"level":"info","message":"DELETE /api/deals/69f9e0096216cf3fd54803eb 200 - 10ms","timestamp":"2026-05-05T12:18:58.833Z"}
{"level":"info","message":"DELETE /api/deals/69f9e0096216cf3fd54803ec 200 - 10ms","timestamp":"2026-05-05T12:18:58.835Z"}
{"level":"info","message":"DELETE /api/deals/69f9e0096216cf3fd54803ed 200 - 10ms","timestamp":"2026-05-05T12:18:58.836Z"}
{"level":"info","message":"DELETE /api/deals/69f9e0096216cf3fd54803ee 200 - 10ms","timestamp":"2026-05-05T12:18:58.838Z"}
{"level":"info","message":"DELETE /api/deals/69f9e0096216cf3fd54803ef 200 - 10ms","timestamp":"2026-05-05T12:18:58.849Z"}
{"level":"info","message":"DELETE /api/deals/69f9e0096216cf3fd54803f0 200 - 10ms","timestamp":"2026-05-05T12:18:58.851Z"}
{"level":"info","message":"DELETE /api/deals/69f9e0096216cf3fd54803f1 200 - 11ms","timestamp":"2026-05-05T12:18:58.853Z"}
{"level":"info","message":"DELETE /api/deals/69f9e0096216cf3fd54803f2 200 - 11ms","timestamp":"2026-05-05T12:18:58.854Z"}
{"level":"info","message":"DELETE /api/deals/69f9e0096216cf3fd54803f3 200 - 13ms","timestamp":"2026-05-05T12:18:58.857Z"}
{"level":"info","message":"DELETE /api/deals/69f9e0096216cf3fd54803f4 200 - 13ms","timestamp":"2026-05-05T12:18:58.859Z"}
{"level":"info","message":"DELETE /api/deals/69f9e0096216cf3fd54803f5 200 - 9ms","timestamp":"2026-05-05T12:18:58.870Z"}
{"level":"info","message":"DELETE /api/deals/69f9e0096216cf3fd54803f6 200 - 9ms","timestamp":"2026-05-05T12:18:58.872Z"}
{"level":"info","message":"DELETE /api/deals/69f9e0096216cf3fd54803f7 200 - 11ms","timestamp":"2026-05-05T12:18:58.875Z"}
{"level":"info","message":"DELETE /api/deals/69f9e0096216cf3fd54803f8 200 - 13ms","timestamp":"2026-05-05T12:18:58.878Z"}
{"level":"info","message":"DELETE /api/deals/69f9e0096216cf3fd54803f9 200 - 14ms","timestamp":"2026-05-05T12:18:58.881Z"}
{"level":"info","message":"DELETE /api/deals/69f9e0096216cf3fd54803fa 200 - 15ms","timestamp":"2026-05-05T12:18:58.883Z"}
{"level":"info","message":"DELETE /api/deals/69f9e0096216cf3fd54803fb 200 - 4ms","timestamp":"2026-05-05T12:18:58.887Z"}
{"level":"info","message":"DELETE /api/deals/69f9e0096216cf3fd54803fc 200 - 3ms","timestamp":"2026-05-05T12:18:58.889Z"}
{"level":"info","message":"GET /api/deals?page=1&limit=100 200 - 6ms","timestamp":"2026-05-05T12:18:58.899Z"}
{"level":"info","message":"DELETE /api/deals/69f9e0096216cf3fd54803fd 200 - 8ms","timestamp":"2026-05-05T12:19:12.221Z"}
{"level":"info","message":"DELETE /api/deals/69f9e0096216cf3fd54803fe 200 - 8ms","timestamp":"2026-05-05T12:19:12.223Z"}
{"level":"info","message":"DELETE /api/deals/69f9e0096216cf3fd54803ff 200 - 17ms","timestamp":"2026-05-05T12:19:12.234Z"}
{"level":"info","message":"DELETE /api/deals/69f9e0096216cf3fd5480400 200 - 16ms","timestamp":"2026-05-05T12:19:12.242Z"}
{"level":"info","message":"DELETE /api/deals/69f9e0096216cf3fd5480401 200 - 17ms","timestamp":"2026-05-05T12:19:12.245Z"}
{"level":"info","message":"DELETE /api/deals/69f9e0096216cf3fd5480402 200 - 16ms","timestamp":"2026-05-05T12:19:12.246Z"}
{"level":"info","message":"DELETE /api/deals/69f9e0096216cf3fd5480403 200 - 14ms","timestamp":"2026-05-05T12:19:12.251Z"}
{"level":"info","message":"DELETE /api/deals/69f9e0096216cf3fd5480404 200 - 15ms","timestamp":"2026-05-05T12:19:12.254Z"}
{"level":"info","message":"DELETE /api/deals/69f9e0096216cf3fd5480405 200 - 16ms","timestamp":"2026-05-05T12:19:12.263Z"}
{"level":"info","message":"DELETE /api/deals/69f9e0096216cf3fd5480406 200 - 24ms","timestamp":"2026-05-05T12:19:12.280Z"}
{"level":"info","message":"DELETE /api/deals/69f9e0096216cf3fd5480407 200 - 26ms","timestamp":"2026-05-05T12:19:12.283Z"}
{"level":"info","message":"DELETE /api/deals/69f9e0096216cf3fd5480408 200 - 26ms","timestamp":"2026-05-05T12:19:12.285Z"}
{"level":"info","message":"DELETE /api/deals/69f9e0096216cf3fd5480409 200 - 28ms","timestamp":"2026-05-05T12:19:12.296Z"}
{"level":"info","message":"DELETE /api/deals/69f9e0096216cf3fd548040a 200 - 23ms","timestamp":"2026-05-05T12:19:12.298Z"}
{"level":"info","message":"DELETE /api/deals/69f9e0096216cf3fd548040b 200 - 21ms","timestamp":"2026-05-05T12:19:12.309Z"}
{"level":"info","message":"DELETE /api/deals/69f9e0096216cf3fd548040c 200 - 14ms","timestamp":"2026-05-05T12:19:12.314Z"}
{"level":"info","message":"DELETE /api/deals/69f9e0096216cf3fd548040d 200 - 14ms","timestamp":"2026-05-05T12:19:12.315Z"}
{"level":"info","message":"DELETE /api/deals/69f9e0096216cf3fd548040e 200 - 14ms","timestamp":"2026-05-05T12:19:12.317Z"}
{"level":"info","message":"DELETE /api/deals/69f9e0096216cf3fd548040f 200 - 14ms","timestamp":"2026-05-05T12:19:12.325Z"}
{"level":"info","message":"DELETE /api/deals/69f9e0096216cf3fd5480410 200 - 17ms","timestamp":"2026-05-05T12:19:12.329Z"}
{"level":"info","message":"DELETE /api/deals/69f9e0096216cf3fd5480411 200 - 15ms","timestamp":"2026-05-05T12:19:12.334Z"}
{"level":"info","message":"DELETE /api/deals/69f9e0096216cf3fd5480412 200 - 14ms","timestamp":"2026-05-05T12:19:12.344Z"}
{"level":"info","message":"DELETE /api/deals/69f9e0096216cf3fd5480413 200 - 15ms","timestamp":"2026-05-05T12:19:12.346Z"}
{"level":"info","message":"DELETE /api/deals/69f9e0096216cf3fd5480414 200 - 16ms","timestamp":"2026-05-05T12:19:12.348Z"}
{"level":"info","message":"DELETE /api/deals/69f9e0096216cf3fd5480415 200 - 14ms","timestamp":"2026-05-05T12:19:12.352Z"}
{"level":"info","message":"DELETE /api/deals/69f9e0096216cf3fd5480416 200 - 15ms","timestamp":"2026-05-05T12:19:12.356Z"}
{"level":"info","message":"DELETE /api/deals/69f9e0096216cf3fd5480417 200 - 15ms","timestamp":"2026-05-05T12:19:12.364Z"}
{"level":"info","message":"DELETE /api/deals/69f9e0096216cf3fd5480418 200 - 15ms","timestamp":"2026-05-05T12:19:12.374Z"}
{"level":"info","message":"DELETE /api/deals/69f9e0096216cf3fd5480419 200 - 17ms","timestamp":"2026-05-05T12:19:12.378Z"}
{"level":"info","message":"DELETE /api/deals/69f9e0096216cf3fd548041a 200 - 19ms","timestamp":"2026-05-05T12:19:12.380Z"}
{"level":"info","message":"DELETE /api/deals/69f9e0096216cf3fd548041b 200 - 18ms","timestamp":"2026-05-05T12:19:12.384Z"}
{"level":"info","message":"DELETE /api/deals/69f9e0096216cf3fd548041c 200 - 30ms","timestamp":"2026-05-05T12:19:12.398Z"}
{"level":"info","message":"DELETE /api/deals/69f9e0096216cf3fd548041d 200 - 44ms","timestamp":"2026-05-05T12:19:12.426Z"}
{"level":"info","message":"DELETE /api/deals/69f9e0096216cf3fd548041e 200 - 34ms","timestamp":"2026-05-05T12:19:12.442Z"}
{"level":"info","message":"DELETE /api/deals/69f9e0096216cf3fd548041f 200 - 36ms","timestamp":"2026-05-05T12:19:12.448Z"}
{"level":"info","message":"DELETE /api/deals/69f9e0096216cf3fd5480420 200 - 40ms","timestamp":"2026-05-05T12:19:12.454Z"}
{"level":"info","message":"DELETE /api/deals/69f9e0096216cf3fd5480421 200 - 33ms","timestamp":"2026-05-05T12:19:12.464Z"}
{"level":"info","message":"DELETE /api/deals/69f9e0096216cf3fd5480422 200 - 33ms","timestamp":"2026-05-05T12:19:12.467Z"}
{"level":"info","message":"DELETE /api/deals/69f9e0096216cf3fd5480423 200 - 24ms","timestamp":"2026-05-05T12:19:12.482Z"}
{"level":"info","message":"DELETE /api/deals/69f9e0096216cf3fd5480424 200 - 15ms","timestamp":"2026-05-05T12:19:12.488Z"}
{"level":"info","message":"DELETE /api/deals/69f9e0096216cf3fd5480425 200 - 12ms","timestamp":"2026-05-05T12:19:12.490Z"}
{"level":"info","message":"DELETE /api/deals/69f9e0096216cf3fd5480426 200 - 12ms","timestamp":"2026-05-05T12:19:12.492Z"}
{"level":"info","message":"DELETE /api/deals/69f9e0096216cf3fd5480427 200 - 9ms","timestamp":"2026-05-05T12:19:12.494Z"}
{"level":"info","message":"DELETE /api/deals/69f9e0096216cf3fd5480428 200 - 10ms","timestamp":"2026-05-05T12:19:12.496Z"}
{"level":"info","message":"DELETE /api/deals/69f9e0096216cf3fd5480429 200 - 13ms","timestamp":"2026-05-05T12:19:12.506Z"}
{"level":"info","message":"DELETE /api/deals/69f9e0096216cf3fd548042a 200 - 19ms","timestamp":"2026-05-05T12:19:12.517Z"}
{"level":"info","message":"DELETE /api/deals/69f9e0096216cf3fd548042b 200 - 20ms","timestamp":"2026-05-05T12:19:12.519Z"}
{"level":"info","message":"DELETE /api/deals/69f9e0096216cf3fd548042c 200 - 19ms","timestamp":"2026-05-05T12:19:12.521Z"}
{"level":"info","message":"DELETE /api/deals/69f9e0096216cf3fd548042d 200 - 11ms","timestamp":"2026-05-05T12:19:12.524Z"}
{"level":"info","message":"DELETE /api/deals/69f9e0096216cf3fd548042e 200 - 11ms","timestamp":"2026-05-05T12:19:12.526Z"}
{"level":"info","message":"DELETE /api/deals/69f9e0096216cf3fd548042f 200 - 7ms","timestamp":"2026-05-05T12:19:12.530Z"}
{"level":"info","message":"DELETE /api/deals/69f9e0096216cf3fd5480430 200 - 7ms","timestamp":"2026-05-05T12:19:12.534Z"}
{"level":"info","message":"DELETE /api/deals/69f9e0096216cf3fd5480431 200 - 9ms","timestamp":"2026-05-05T12:19:12.537Z"}
{"level":"info","message":"DELETE /api/deals/69f9e0096216cf3fd5480432 200 - 10ms","timestamp":"2026-05-05T12:19:12.540Z"}
{"level":"info","message":"DELETE /api/deals/69f9e0096216cf3fd5480433 200 - 11ms","timestamp":"2026-05-05T12:19:12.542Z"}
{"level":"info","message":"DELETE /api/deals/69f9e0096216cf3fd5480434 200 - 11ms","timestamp":"2026-05-05T12:19:12.544Z"}
{"level":"info","message":"DELETE /api/deals/69f9e0096216cf3fd5480435 200 - 6ms","timestamp":"2026-05-05T12:19:12.547Z"}
{"level":"info","message":"DELETE /api/deals/69f9e0096216cf3fd5480436 200 - 6ms","timestamp":"2026-05-05T12:19:12.550Z"}
{"level":"info","message":"DELETE /api/deals/69f9e0096216cf3fd5480437 200 - 7ms","timestamp":"2026-05-05T12:19:12.552Z"}
{"level":"info","message":"DELETE /api/deals/69f9e0096216cf3fd5480438 200 - 10ms","timestamp":"2026-05-05T12:19:12.556Z"}
{"level":"info","message":"DELETE /api/deals/69f9e0096216cf3fd5480439 200 - 10ms","timestamp":"2026-05-05T12:19:12.558Z"}
{"level":"info","message":"DELETE /api/deals/69f9e0096216cf3fd548043a 200 - 11ms","timestamp":"2026-05-05T12:19:12.560Z"}
{"level":"info","message":"DELETE /api/deals/69f9e0096216cf3fd548043b 200 - 7ms","timestamp":"2026-05-05T12:19:12.565Z"}
{"level":"info","message":"DELETE /api/deals/69f9e0096216cf3fd548043c 200 - 9ms","timestamp":"2026-05-05T12:19:12.570Z"}
{"level":"info","message":"DELETE /api/deals/69f9e0096216cf3fd548043d 200 - 11ms","timestamp":"2026-05-05T12:19:12.573Z"}
{"level":"info","message":"DELETE /api/deals/69f9e0096216cf3fd548043e 200 - 11ms","timestamp":"2026-05-05T12:19:12.574Z"}
{"level":"info","message":"DELETE /api/deals/69f9e0096216cf3fd548043f 200 - 11ms","timestamp":"2026-05-05T12:19:12.577Z"}
{"level":"info","message":"DELETE /api/deals/69f9e0096216cf3fd5480440 200 - 11ms","timestamp":"2026-05-05T12:19:12.578Z"}
{"level":"info","message":"DELETE /api/deals/69f9e0096216cf3fd5480441 200 - 7ms","timestamp":"2026-05-05T12:19:12.582Z"}
{"level":"info","message":"DELETE /api/deals/69f9e0096216cf3fd5480442 200 - 9ms","timestamp":"2026-05-05T12:19:12.588Z"}
{"level":"info","message":"DELETE /api/deals/69f9e0096216cf3fd5480443 200 - 10ms","timestamp":"2026-05-05T12:19:12.590Z"}
{"level":"info","message":"DELETE /api/deals/69f9e0096216cf3fd5480444 200 - 10ms","timestamp":"2026-05-05T12:19:12.591Z"}
{"level":"info","message":"DELETE /api/deals/69f9e0096216cf3fd5480445 200 - 9ms","timestamp":"2026-05-05T12:19:12.593Z"}
{"level":"info","message":"DELETE /api/deals/69f9e0096216cf3fd5480446 200 - 10ms","timestamp":"2026-05-05T12:19:12.595Z"}
{"level":"info","message":"DELETE /api/deals/69f9e0096216cf3fd5480447 200 - 7ms","timestamp":"2026-05-05T12:19:12.599Z"}
{"level":"info","message":"DELETE /api/deals/69f9e0096216cf3fd5480448 200 - 7ms","timestamp":"2026-05-05T12:19:12.603Z"}
{"level":"info","message":"DELETE /api/deals/69f9e0096216cf3fd5480449 200 - 9ms","timestamp":"2026-05-05T12:19:12.606Z"}
{"level":"info","message":"DELETE /api/deals/69f9e0096216cf3fd548044a 200 - 10ms","timestamp":"2026-05-05T12:19:12.607Z"}
{"level":"info","message":"DELETE /api/deals/69f9e0096216cf3fd548044b 200 - 11ms","timestamp":"2026-05-05T12:19:12.610Z"}
{"level":"info","message":"DELETE /api/deals/69f9e0096216cf3fd548044c 200 - 10ms","timestamp":"2026-05-05T12:19:12.611Z"}
{"level":"info","message":"DELETE /api/deals/69f9e0096216cf3fd548044d 200 - 8ms","timestamp":"2026-05-05T12:19:12.616Z"}
{"level":"info","message":"DELETE /api/deals/69f9e0096216cf3fd548044e 200 - 10ms","timestamp":"2026-05-05T12:19:12.622Z"}
{"level":"info","message":"DELETE /api/deals/69f9e0096216cf3fd548044f 200 - 11ms","timestamp":"2026-05-05T12:19:12.624Z"}
{"level":"info","message":"DELETE /api/deals/69f9e0096216cf3fd5480450 200 - 10ms","timestamp":"2026-05-05T12:19:12.625Z"}
{"level":"info","message":"DELETE /api/deals/69f9e0096216cf3fd5480451 200 - 11ms","timestamp":"2026-05-05T12:19:12.628Z"}
{"level":"info","message":"DELETE /api/deals/69f9e0096216cf3fd5480452 200 - 10ms","timestamp":"2026-05-05T12:19:12.629Z"}
{"level":"info","message":"DELETE /api/deals/69f9e0096216cf3fd5480453 200 - 8ms","timestamp":"2026-05-05T12:19:12.634Z"}
{"level":"info","message":"DELETE /api/deals/69f9e0096216cf3fd5480454 200 - 9ms","timestamp":"2026-05-05T12:19:12.639Z"}
{"level":"info","message":"DELETE /api/deals/69f9e0096216cf3fd5480455 200 - 9ms","timestamp":"2026-05-05T12:19:12.641Z"}
{"level":"info","message":"DELETE /api/deals/69f9e0096216cf3fd5480456 200 - 10ms","timestamp":"2026-05-05T12:19:12.643Z"}
{"level":"info","message":"DELETE /api/deals/69f9e0096216cf3fd5480457 200 - 10ms","timestamp":"2026-05-05T12:19:12.645Z"}
{"level":"info","message":"DELETE /api/deals/69f9e0096216cf3fd5480458 200 - 11ms","timestamp":"2026-05-05T12:19:12.647Z"}
{"level":"info","message":"DELETE /api/deals/69f9e0096216cf3fd5480459 200 - 5ms","timestamp":"2026-05-05T12:19:12.649Z"}
{"level":"info","message":"DELETE /api/deals/69f9e0096216cf3fd548045a 200 - 4ms","timestamp":"2026-05-05T12:19:12.652Z"}
{"level":"info","message":"GET /api/deals?page=1&limit=100 200 - 8ms","timestamp":"2026-05-05T12:19:12.664Z"}
{"level":"info","message":"DELETE /api/deals/69f9e0096216cf3fd548045b 200 - 8ms","timestamp":"2026-05-05T12:19:25.685Z"}
{"level":"info","message":"DELETE /api/deals/69f9e0096216cf3fd548045c 200 - 10ms","timestamp":"2026-05-05T12:19:25.689Z"}
{"level":"info","message":"DELETE /api/deals/69f9e0096216cf3fd548045d 200 - 14ms","timestamp":"2026-05-05T12:19:25.696Z"}
{"level":"info","message":"DELETE /api/deals/69f9e0096216cf3fd548045e 200 - 19ms","timestamp":"2026-05-05T12:19:25.709Z"}
{"level":"info","message":"DELETE /api/deals/69f9e0096216cf3fd548045f 200 - 21ms","timestamp":"2026-05-05T12:19:25.712Z"}
{"level":"info","message":"DELETE /api/deals/69f9e0096216cf3fd5480460 200 - 23ms","timestamp":"2026-05-05T12:19:25.716Z"}
{"level":"info","message":"DELETE /api/deals/69f9e0096216cf3fd5480461 200 - 19ms","timestamp":"2026-05-05T12:19:25.721Z"}
{"level":"info","message":"DELETE /api/deals/69f9e0096216cf3fd5480462 200 - 19ms","timestamp":"2026-05-05T12:19:25.723Z"}
{"level":"info","message":"DELETE /api/deals/69f9e0096216cf3fd5480463 200 - 20ms","timestamp":"2026-05-05T12:19:25.739Z"}
{"level":"info","message":"DELETE /api/deals/69f9e0096216cf3fd5480464 200 - 30ms","timestamp":"2026-05-05T12:19:25.754Z"}
{"level":"info","message":"DELETE /api/deals/69f9e0096216cf3fd5480465 200 - 30ms","timestamp":"2026-05-05T12:19:25.757Z"}
{"level":"info","message":"DELETE /api/deals/69f9e0096216cf3fd5480466 200 - 27ms","timestamp":"2026-05-05T12:19:25.759Z"}
{"level":"info","message":"DELETE /api/deals/69f9e0096216cf3fd5480467 200 - 19ms","timestamp":"2026-05-05T12:19:25.763Z"}
{"level":"info","message":"DELETE /api/deals/69f9e0096216cf3fd5480468 200 - 17ms","timestamp":"2026-05-05T12:19:25.765Z"}
{"level":"info","message":"DELETE /api/deals/69f9e0096216cf3fd5480469 200 - 15ms","timestamp":"2026-05-05T12:19:25.775Z"}
{"level":"info","message":"DELETE /api/deals/69f9e0096216cf3fd548046a 200 - 14ms","timestamp":"2026-05-05T12:19:25.782Z"}
{"level":"info","message":"DELETE /api/deals/69f9e0096216cf3fd548046b 200 - 16ms","timestamp":"2026-05-05T12:19:25.788Z"}
{"level":"info","message":"DELETE /api/deals/69f9e0096216cf3fd548046c 200 - 20ms","timestamp":"2026-05-05T12:19:25.793Z"}
{"level":"info","message":"DELETE /api/deals/69f9e0096216cf3fd548046d 200 - 21ms","timestamp":"2026-05-05T12:19:25.797Z"}
{"level":"info","message":"DELETE /api/deals/69f9e0096216cf3fd548046e 200 - 29ms","timestamp":"2026-05-05T12:19:25.808Z"}
{"level":"info","message":"DELETE /api/deals/69f9e0096216cf3fd548046f 200 - 20ms","timestamp":"2026-05-05T12:19:25.815Z"}
{"level":"info","message":"DELETE /api/deals/69f9e0096216cf3fd5480470 200 - 16ms","timestamp":"2026-05-05T12:19:25.826Z"}
{"level":"info","message":"DELETE /api/deals/69f9e0096216cf3fd5480471 200 - 17ms","timestamp":"2026-05-05T12:19:25.828Z"}
{"level":"info","message":"DELETE /api/deals/69f9e0096216cf3fd5480472 200 - 18ms","timestamp":"2026-05-05T12:19:25.831Z"}
{"level":"info","message":"DELETE /api/deals/69f9e0096216cf3fd5480473 200 - 19ms","timestamp":"2026-05-05T12:19:25.838Z"}
{"level":"info","message":"DELETE /api/deals/69f9e0096216cf3fd5480474 200 - 19ms","timestamp":"2026-05-05T12:19:25.841Z"}
{"level":"info","message":"DELETE /api/deals/69f9e0096216cf3fd5480475 200 - 14ms","timestamp":"2026-05-05T12:19:25.848Z"}
{"level":"info","message":"DELETE /api/deals/69f9e0096216cf3fd5480476 200 - 18ms","timestamp":"2026-05-05T12:19:25.860Z"}
{"level":"info","message":"DELETE /api/deals/69f9e0096216cf3fd5480477 200 - 19ms","timestamp":"2026-05-05T12:19:25.862Z"}
{"level":"info","message":"DELETE /api/deals/69f9e0096216cf3fd5480478 200 - 20ms","timestamp":"2026-05-05T12:19:25.865Z"}
{"level":"info","message":"DELETE /api/deals/69f9e0096216cf3fd5480479 200 - 20ms","timestamp":"2026-05-05T12:19:25.872Z"}
{"level":"info","message":"DELETE /api/deals/69f9e0096216cf3fd548047a 200 - 20ms","timestamp":"2026-05-05T12:19:25.875Z"}
{"level":"info","message":"DELETE /api/deals/69f9e0096216cf3fd548047b 200 - 11ms","timestamp":"2026-05-05T12:19:25.880Z"}
{"level":"info","message":"DELETE /api/deals/69f9e0096216cf3fd548047c 200 - 13ms","timestamp":"2026-05-05T12:19:25.889Z"}
{"level":"info","message":"DELETE /api/deals/69f9e0096216cf3fd548047d 200 - 13ms","timestamp":"2026-05-05T12:19:25.891Z"}
{"level":"info","message":"DELETE /api/deals/69f9e0096216cf3fd548047e 200 - 13ms","timestamp":"2026-05-05T12:19:25.892Z"}
{"level":"info","message":"DELETE /api/deals/69f9e0096216cf3fd548047f 200 - 12ms","timestamp":"2026-05-05T12:19:25.895Z"}
{"level":"info","message":"DELETE /api/deals/69f9e0096216cf3fd5480480 200 - 10ms","timestamp":"2026-05-05T12:19:25.897Z"}
{"level":"info","message":"DELETE /api/deals/69f9e0096216cf3fd5480481 200 - 12ms","timestamp":"2026-05-05T12:19:25.905Z"}
{"level":"info","message":"DELETE /api/deals/69f9e0096216cf3fd5480482 200 - 9ms","timestamp":"2026-05-05T12:19:25.909Z"}
{"level":"info","message":"DELETE /api/deals/69f9e0096216cf3fd5480483 200 - 10ms","timestamp":"2026-05-05T12:19:25.911Z"}
{"level":"info","message":"DELETE /api/deals/69f9e0096216cf3fd5480484 200 - 11ms","timestamp":"2026-05-05T12:19:25.914Z"}
{"level":"info","message":"DELETE /api/deals/69f9e0096216cf3fd5480485 200 - 13ms","timestamp":"2026-05-05T12:19:25.919Z"}
{"level":"info","message":"DELETE /api/deals/69f9e0096216cf3fd5480486 200 - 13ms","timestamp":"2026-05-05T12:19:25.920Z"}
{"level":"info","message":"DELETE /api/deals/69f9e0096216cf3fd5480487 200 - 10ms","timestamp":"2026-05-05T12:19:25.926Z"}
{"level":"info","message":"DELETE /api/deals/69f9e0096216cf3fd5480488 200 - 9ms","timestamp":"2026-05-05T12:19:25.931Z"}
{"level":"info","message":"DELETE /api/deals/69f9e0096216cf3fd5480489 200 - 11ms","timestamp":"2026-05-05T12:19:25.934Z"}
{"level":"info","message":"DELETE /api/deals/69f9e0096216cf3fd548048a 200 - 12ms","timestamp":"2026-05-05T12:19:25.936Z"}
{"level":"info","message":"DELETE /api/deals/69f9e0096216cf3fd548048b 200 - 12ms","timestamp":"2026-05-05T12:19:25.939Z"}
{"level":"info","message":"DELETE /api/deals/69f9e0096216cf3fd548048c 200 - 13ms","timestamp":"2026-05-05T12:19:25.941Z"}
{"level":"info","message":"DELETE /api/deals/69f9e0096216cf3fd548048d 200 - 8ms","timestamp":"2026-05-05T12:19:25.945Z"}
{"level":"info","message":"DELETE /api/deals/69f9e0096216cf3fd548048e 200 - 10ms","timestamp":"2026-05-05T12:19:25.952Z"}
{"level":"info","message":"DELETE /api/deals/69f9e0096216cf3fd548048f 200 - 11ms","timestamp":"2026-05-05T12:19:25.954Z"}
{"level":"info","message":"DELETE /api/deals/69f9e0096216cf3fd5480490 200 - 11ms","timestamp":"2026-05-05T12:19:25.955Z"}
{"level":"info","message":"DELETE /api/deals/69f9e0096216cf3fd5480491 200 - 13ms","timestamp":"2026-05-05T12:19:25.959Z"}
{"level":"info","message":"DELETE /api/deals/69f9e0096216cf3fd5480492 200 - 11ms","timestamp":"2026-05-05T12:19:25.960Z"}
{"level":"info","message":"DELETE /api/deals/69f9e0096216cf3fd5480493 200 - 12ms","timestamp":"2026-05-05T12:19:25.968Z"}
{"level":"info","message":"DELETE /api/deals/69f9e0096216cf3fd5480494 200 - 10ms","timestamp":"2026-05-05T12:19:25.972Z"}
{"level":"info","message":"DELETE /api/deals/69f9e0096216cf3fd5480495 200 - 10ms","timestamp":"2026-05-05T12:19:25.974Z"}
{"level":"info","message":"DELETE /api/deals/69f9e0096216cf3fd5480496 200 - 10ms","timestamp":"2026-05-05T12:19:25.975Z"}
{"level":"info","message":"DELETE /api/deals/69f9e0096216cf3fd5480497 200 - 8ms","timestamp":"2026-05-05T12:19:25.977Z"}
{"level":"info","message":"DELETE /api/deals/69f9e0096216cf3fd5480498 200 - 8ms","timestamp":"2026-05-05T12:19:25.979Z"}
{"level":"info","message":"DELETE /api/deals/69f9e0096216cf3fd5480499 200 - 10ms","timestamp":"2026-05-05T12:19:25.986Z"}
{"level":"info","message":"DELETE /api/deals/69f9e0096216cf3fd548049a 200 - 10ms","timestamp":"2026-05-05T12:19:25.990Z"}
{"level":"info","message":"DELETE /api/deals/69f9e0096216cf3fd548049b 200 - 9ms","timestamp":"2026-05-05T12:19:25.991Z"}
{"level":"info","message":"DELETE /api/deals/69f9e0096216cf3fd548049c 200 - 9ms","timestamp":"2026-05-05T12:19:25.993Z"}
{"level":"info","message":"DELETE /api/deals/69f9e0096216cf3fd548049d 200 - 9ms","timestamp":"2026-05-05T12:19:25.995Z"}
{"level":"info","message":"DELETE /api/deals/69f9e0096216cf3fd548049e 200 - 10ms","timestamp":"2026-05-05T12:19:25.998Z"}
{"level":"info","message":"DELETE /api/deals/69f9e0096216cf3fd548049f 200 - 10ms","timestamp":"2026-05-05T12:19:26.003Z"}
{"level":"info","message":"DELETE /api/deals/69f9e0096216cf3fd54804a0 200 - 9ms","timestamp":"2026-05-05T12:19:26.008Z"}
{"level":"info","message":"DELETE /api/deals/69f9e0096216cf3fd54804a1 200 - 10ms","timestamp":"2026-05-05T12:19:26.010Z"}
{"level":"info","message":"DELETE /api/deals/69f9e0096216cf3fd54804a2 200 - 11ms","timestamp":"2026-05-05T12:19:26.012Z"}
{"level":"info","message":"DELETE /api/deals/69f9e0096216cf3fd54804a3 200 - 11ms","timestamp":"2026-05-05T12:19:26.015Z"}
{"level":"info","message":"DELETE /api/deals/69f9e0096216cf3fd54804a4 200 - 12ms","timestamp":"2026-05-05T12:19:26.018Z"}
{"level":"info","message":"DELETE /api/deals/69f9e0096216cf3fd54804a5 200 - 8ms","timestamp":"2026-05-05T12:19:26.021Z"}
{"level":"info","message":"DELETE /api/deals/69f9e0096216cf3fd54804a6 200 - 5ms","timestamp":"2026-05-05T12:19:26.024Z"}
{"level":"info","message":"DELETE /api/deals/69f9e0096216cf3fd54804a7 200 - 7ms","timestamp":"2026-05-05T12:19:26.026Z"}
{"level":"info","message":"DELETE /api/deals/69f9e0096216cf3fd54804a8 200 - 8ms","timestamp":"2026-05-05T12:19:26.028Z"}
{"level":"info","message":"DELETE /api/deals/69f9e0096216cf3fd54804a9 200 - 8ms","timestamp":"2026-05-05T12:19:26.030Z"}
{"level":"info","message":"DELETE /api/deals/69f9e0096216cf3fd54804aa 200 - 11ms","timestamp":"2026-05-05T12:19:26.034Z"}
{"level":"info","message":"DELETE /api/deals/69f9e0096216cf3fd54804ab 200 - 9ms","timestamp":"2026-05-05T12:19:26.038Z"}
{"level":"info","message":"DELETE /api/deals/69f9e0096216cf3fd54804ac 200 - 6ms","timestamp":"2026-05-05T12:19:26.041Z"}
{"level":"info","message":"DELETE /api/deals/69f9e0096216cf3fd54804ad 200 - 7ms","timestamp":"2026-05-05T12:19:26.043Z"}
{"level":"info","message":"DELETE /api/deals/69f9e0096216cf3fd54804ae 200 - 7ms","timestamp":"2026-05-05T12:19:26.044Z"}
{"level":"info","message":"DELETE /api/deals/69f9e0096216cf3fd54804af 200 - 7ms","timestamp":"2026-05-05T12:19:26.046Z"}
{"level":"info","message":"DELETE /api/deals/69f9e0096216cf3fd54804b0 200 - 9ms","timestamp":"2026-05-05T12:19:26.049Z"}
{"level":"info","message":"DELETE /api/deals/69f9e0096216cf3fd54804b1 200 - 8ms","timestamp":"2026-05-05T12:19:26.053Z"}
{"level":"info","message":"DELETE /api/deals/69f9e0096216cf3fd54804b2 200 - 6ms","timestamp":"2026-05-05T12:19:26.056Z"}
{"level":"info","message":"DELETE /api/deals/69f9e0096216cf3fd54804b3 200 - 7ms","timestamp":"2026-05-05T12:19:26.058Z"}
{"level":"info","message":"DELETE /api/deals/69f9e0096216cf3fd54804b4 200 - 7ms","timestamp":"2026-05-05T12:19:26.059Z"}
{"level":"info","message":"DELETE /api/deals/69f9e0096216cf3fd54804b5 200 - 7ms","timestamp":"2026-05-05T12:19:26.061Z"}
{"level":"info","message":"DELETE /api/deals/69f9e0096216cf3fd54804b6 200 - 7ms","timestamp":"2026-05-05T12:19:26.062Z"}
{"level":"info","message":"DELETE /api/deals/69f9e0096216cf3fd54804b7 200 - 6ms","timestamp":"2026-05-05T12:19:26.066Z"}
{"level":"info","message":"DELETE /api/deals/69f9e0096216cf3fd54804b8 200 - 5ms","timestamp":"2026-05-05T12:19:26.068Z"}
{"level":"info","message":"GET /api/deals?page=1&limit=100 200 - 7ms","timestamp":"2026-05-05T12:19:26.078Z"}
{"level":"info","message":"DELETE /api/deals/69f9e0096216cf3fd54804b9 200 - 4ms","timestamp":"2026-05-05T12:19:36.506Z"}
{"level":"info","message":"DELETE /api/deals/69f9e0096216cf3fd54804ba 200 - 19ms","timestamp":"2026-05-05T12:19:36.526Z"}
{"level":"info","message":"DELETE /api/deals/69f9e0096216cf3fd54804bb 200 - 26ms","timestamp":"2026-05-05T12:19:36.535Z"}
{"level":"info","message":"DELETE /api/deals/69f9e0096216cf3fd54804bc 200 - 22ms","timestamp":"2026-05-05T12:19:36.538Z"}
{"level":"info","message":"DELETE /api/deals/69f9e0096216cf3fd54804bd 200 - 23ms","timestamp":"2026-05-05T12:19:36.539Z"}
{"level":"info","message":"DELETE /api/deals/69f9e0096216cf3fd54804be 200 - 21ms","timestamp":"2026-05-05T12:19:36.542Z"}
{"level":"info","message":"DELETE /api/deals/69f9e0096216cf3fd54804bf 200 - 24ms","timestamp":"2026-05-05T12:19:36.555Z"}
{"level":"info","message":"DELETE /api/deals/69f9e0096216cf3fd54804c0 200 - 26ms","timestamp":"2026-05-05T12:19:36.576Z"}
{"level":"info","message":"DELETE /api/deals/69f9e0096216cf3fd54804c1 200 - 31ms","timestamp":"2026-05-05T12:19:36.586Z"}
{"level":"info","message":"DELETE /api/deals/69f9e0096216cf3fd54804c2 200 - 33ms","timestamp":"2026-05-05T12:19:36.590Z"}
{"level":"info","message":"DELETE /api/deals/69f9e0096216cf3fd54804c3 200 - 33ms","timestamp":"2026-05-05T12:19:36.592Z"}
{"level":"info","message":"DELETE /api/deals/69f9e0096216cf3fd54804c4 200 - 25ms","timestamp":"2026-05-05T12:19:36.597Z"}
{"level":"info","message":"DELETE /api/deals/69f9e0096216cf3fd54804c5 200 - 28ms","timestamp":"2026-05-05T12:19:36.605Z"}
{"level":"info","message":"DELETE /api/deals/69f9e0096216cf3fd54804c6 200 - 18ms","timestamp":"2026-05-05T12:19:36.620Z"}
{"level":"info","message":"DELETE /api/deals/69f9e0096216cf3fd54804c7 200 - 17ms","timestamp":"2026-05-05T12:19:36.624Z"}
{"level":"info","message":"DELETE /api/deals/69f9e0096216cf3fd54804c8 200 - 21ms","timestamp":"2026-05-05T12:19:36.628Z"}
{"level":"info","message":"DELETE /api/deals/69f9e0096216cf3fd54804c9 200 - 27ms","timestamp":"2026-05-05T12:19:36.636Z"}
{"level":"info","message":"DELETE /api/deals/69f9e0096216cf3fd54804ca 200 - 28ms","timestamp":"2026-05-05T12:19:36.638Z"}
{"level":"info","message":"DELETE /api/deals/69f9e0096216cf3fd54804cb 200 - 20ms","timestamp":"2026-05-05T12:19:36.641Z"}
{"level":"info","message":"DELETE /api/deals/69f9e0096216cf3fd54804cc 200 - 17ms","timestamp":"2026-05-05T12:19:36.656Z"}
{"level":"info","message":"DELETE /api/deals/69f9e0096216cf3fd54804cd 200 - 17ms","timestamp":"2026-05-05T12:19:36.659Z"}
{"level":"info","message":"DELETE /api/deals/69f9e0096216cf3fd54804ce 200 - 19ms","timestamp":"2026-05-05T12:19:36.663Z"}
{"level":"info","message":"DELETE /api/deals/69f9e0096216cf3fd54804cf 200 - 23ms","timestamp":"2026-05-05T12:19:36.673Z"}
{"level":"info","message":"DELETE /api/deals/69f9e0096216cf3fd54804d0 200 - 24ms","timestamp":"2026-05-05T12:19:36.677Z"}
{"level":"info","message":"DELETE /api/deals/69f9e0096216cf3fd54804d1 200 - 31ms","timestamp":"2026-05-05T12:19:36.688Z"}
{"level":"info","message":"DELETE /api/deals/69f9e0096216cf3fd54804d2 200 - 22ms","timestamp":"2026-05-05T12:19:36.705Z"}
{"level":"info","message":"DELETE /api/deals/69f9e0096216cf3fd54804d3 200 - 19ms","timestamp":"2026-05-05T12:19:36.708Z"}
{"level":"info","message":"DELETE /api/deals/69f9e0096216cf3fd54804d4 200 - 19ms","timestamp":"2026-05-05T12:19:36.709Z"}
{"level":"info","message":"DELETE /api/deals/69f9e0096216cf3fd54804d5 200 - 27ms","timestamp":"2026-05-05T12:19:36.719Z"}
{"level":"info","message":"DELETE /api/deals/69f9e0096216cf3fd54804d6 200 - 29ms","timestamp":"2026-05-05T12:19:36.722Z"}
{"level":"info","message":"DELETE /api/deals/69f9e0096216cf3fd54804d7 200 - 19ms","timestamp":"2026-05-05T12:19:36.725Z"}
{"level":"info","message":"DELETE /api/deals/69f9e0096216cf3fd54804d8 200 - 14ms","timestamp":"2026-05-05T12:19:36.737Z"}
{"level":"info","message":"DELETE /api/deals/69f9e0096216cf3fd54804d9 200 - 13ms","timestamp":"2026-05-05T12:19:36.739Z"}
{"level":"info","message":"DELETE /api/deals/69f9e0096216cf3fd54804da 200 - 11ms","timestamp":"2026-05-05T12:19:36.741Z"}
{"level":"info","message":"DELETE /api/deals/69f9e0096216cf3fd54804db 200 - 10ms","timestamp":"2026-05-05T12:19:36.743Z"}
{"level":"info","message":"DELETE /api/deals/69f9e0096216cf3fd54804dc 200 - 13ms","timestamp":"2026-05-05T12:19:36.748Z"}
{"level":"info","message":"DELETE /api/deals/69f9e0096216cf3fd54804dd 200 - 15ms","timestamp":"2026-05-05T12:19:36.753Z"}
{"level":"info","message":"DELETE /api/deals/69f9e0096216cf3fd54804de 200 - 11ms","timestamp":"2026-05-05T12:19:36.760Z"}
{"level":"info","message":"DELETE /api/deals/69f9e0096216cf3fd54804df 200 - 10ms","timestamp":"2026-05-05T12:19:36.764Z"}
{"level":"info","message":"DELETE /api/deals/69f9e0096216cf3fd54804e0 200 - 11ms","timestamp":"2026-05-05T12:19:36.766Z"}
{"level":"info","message":"DELETE /api/deals/69f9e0096216cf3fd54804e1 200 - 11ms","timestamp":"2026-05-05T12:19:36.768Z"}
{"level":"info","message":"DELETE /api/deals/69f9e0096216cf3fd54804e2 200 - 11ms","timestamp":"2026-05-05T12:19:36.769Z"}
{"level":"info","message":"DELETE /api/deals/69f9e0096216cf3fd54804e3 200 - 12ms","timestamp":"2026-05-05T12:19:36.773Z"}
{"level":"info","message":"DELETE /api/deals/69f9e0096216cf3fd54804e4 200 - 9ms","timestamp":"2026-05-05T12:19:36.780Z"}
{"level":"info","message":"DELETE /api/deals/69f9e0096216cf3fd54804e5 200 - 10ms","timestamp":"2026-05-05T12:19:36.783Z"}
{"level":"info","message":"DELETE /api/deals/69f9e0096216cf3fd54804e6 200 - 9ms","timestamp":"2026-05-05T12:19:36.784Z"}
{"level":"info","message":"DELETE /api/deals/69f9e0096216cf3fd54804e7 200 - 10ms","timestamp":"2026-05-05T12:19:36.786Z"}
{"level":"info","message":"DELETE /api/deals/69f9e0096216cf3fd54804e8 200 - 11ms","timestamp":"2026-05-05T12:19:36.788Z"}
{"level":"info","message":"DELETE /api/deals/69f9e0096216cf3fd54804e9 200 - 10ms","timestamp":"2026-05-05T12:19:36.791Z"}
{"level":"info","message":"DELETE /api/deals/69f9e0096216cf3fd54804ea 200 - 10ms","timestamp":"2026-05-05T12:19:36.798Z"}
{"level":"info","message":"DELETE /api/deals/69f9e0096216cf3fd54804eb 200 - 9ms","timestamp":"2026-05-05T12:19:36.801Z"}
{"level":"info","message":"DELETE /api/deals/69f9e0096216cf3fd54804ec 200 - 9ms","timestamp":"2026-05-05T12:19:36.802Z"}
{"level":"info","message":"DELETE /api/deals/69f9e0096216cf3fd54804ed 200 - 9ms","timestamp":"2026-05-05T12:19:36.804Z"}
{"level":"info","message":"DELETE /api/deals/69f9e0096216cf3fd54804ee 200 - 9ms","timestamp":"2026-05-05T12:19:36.806Z"}
{"level":"info","message":"DELETE /api/deals/69f9e0096216cf3fd54804ef 200 - 10ms","timestamp":"2026-05-05T12:19:36.809Z"}
{"level":"info","message":"DELETE /api/deals/69f9e0096216cf3fd54804f0 200 - 9ms","timestamp":"2026-05-05T12:19:36.816Z"}
{"level":"info","message":"DELETE /api/deals/69f9e0096216cf3fd54804f1 200 - 7ms","timestamp":"2026-05-05T12:19:36.819Z"}
{"level":"info","message":"DELETE /api/deals/69f9e0096216cf3fd54804f2 200 - 8ms","timestamp":"2026-05-05T12:19:36.821Z"}
{"level":"info","message":"DELETE /api/deals/69f9e0096216cf3fd54804f3 200 - 8ms","timestamp":"2026-05-05T12:19:36.822Z"}
{"level":"info","message":"DELETE /api/deals/69f9e0096216cf3fd54804f4 200 - 9ms","timestamp":"2026-05-05T12:19:36.824Z"}
{"level":"info","message":"DELETE /api/deals/69f9e0096216cf3fd54804f5 200 - 10ms","timestamp":"2026-05-05T12:19:36.827Z"}
{"level":"info","message":"DELETE /api/deals/69f9e0096216cf3fd54804f6 200 - 8ms","timestamp":"2026-05-05T12:19:36.833Z"}
{"level":"info","message":"DELETE /api/deals/69f9e0096216cf3fd54804f7 200 - 8ms","timestamp":"2026-05-05T12:19:36.836Z"}
{"level":"info","message":"DELETE /api/deals/69f9e0096216cf3fd54804f8 200 - 6ms","timestamp":"2026-05-05T12:19:36.837Z"}
{"level":"info","message":"DELETE /api/deals/69f9e0096216cf3fd54804f9 200 - 7ms","timestamp":"2026-05-05T12:19:36.838Z"}
{"level":"info","message":"DELETE /api/deals/69f9e0096216cf3fd54804fa 200 - 8ms","timestamp":"2026-05-05T12:19:36.840Z"}
{"level":"info","message":"DELETE /api/deals/69f9e0096216cf3fd54804fb 200 - 8ms","timestamp":"2026-05-05T12:19:36.842Z"}
{"level":"info","message":"DELETE /api/deals/69f9e0096216cf3fd54804fc 200 - 9ms","timestamp":"2026-05-05T12:19:36.849Z"}
{"level":"info","message":"DELETE /api/deals/69f9e0096216cf3fd54804fd 200 - 8ms","timestamp":"2026-05-05T12:19:36.851Z"}
{"level":"info","message":"DELETE /api/deals/69f9e0096216cf3fd54804fe 200 - 8ms","timestamp":"2026-05-05T12:19:36.853Z"}
{"level":"info","message":"DELETE /api/deals/69f9e0096216cf3fd54804ff 200 - 8ms","timestamp":"2026-05-05T12:19:36.854Z"}
{"level":"info","message":"DELETE /api/deals/69f9e0096216cf3fd5480500 200 - 8ms","timestamp":"2026-05-05T12:19:36.855Z"}
{"level":"info","message":"DELETE /api/deals/69f9e0096216cf3fd5480501 200 - 9ms","timestamp":"2026-05-05T12:19:36.858Z"}
{"level":"info","message":"DELETE /api/deals/69f9e0096216cf3fd5480502 200 - 9ms","timestamp":"2026-05-05T12:19:36.865Z"}
{"level":"info","message":"DELETE /api/deals/69f9e0096216cf3fd5480503 200 - 9ms","timestamp":"2026-05-05T12:19:36.867Z"}
{"level":"info","message":"DELETE /api/deals/69f9e0096216cf3fd5480504 200 - 8ms","timestamp":"2026-05-05T12:19:36.868Z"}
{"level":"info","message":"DELETE /api/deals/69f9e0096216cf3fd5480505 200 - 8ms","timestamp":"2026-05-05T12:19:36.869Z"}
{"level":"info","message":"DELETE /api/deals/69f9e0096216cf3fd5480506 200 - 8ms","timestamp":"2026-05-05T12:19:36.871Z"}
{"level":"info","message":"DELETE /api/deals/69f9e0096216cf3fd5480507 200 - 9ms","timestamp":"2026-05-05T12:19:36.874Z"}
{"level":"info","message":"DELETE /api/deals/69f9e0096216cf3fd5480508 200 - 8ms","timestamp":"2026-05-05T12:19:36.881Z"}
{"level":"info","message":"DELETE /api/deals/69f9e0096216cf3fd5480509 200 - 9ms","timestamp":"2026-05-05T12:19:36.884Z"}
{"level":"info","message":"DELETE /api/deals/69f9e0096216cf3fd548050a 200 - 10ms","timestamp":"2026-05-05T12:19:36.886Z"}
{"level":"info","message":"DELETE /api/deals/69f9e0096216cf3fd548050b 200 - 10ms","timestamp":"2026-05-05T12:19:36.887Z"}
{"level":"info","message":"DELETE /api/deals/69f9e0096216cf3fd548050c 200 - 10ms","timestamp":"2026-05-05T12:19:36.889Z"}
{"level":"info","message":"DELETE /api/deals/69f9e0096216cf3fd548050d 200 - 9ms","timestamp":"2026-05-05T12:19:36.891Z"}
{"level":"info","message":"DELETE /api/deals/69f9e0096216cf3fd548050e 200 - 8ms","timestamp":"2026-05-05T12:19:36.898Z"}
{"level":"info","message":"DELETE /api/deals/69f9e0096216cf3fd548050f 200 - 9ms","timestamp":"2026-05-05T12:19:36.901Z"}
{"level":"info","message":"DELETE /api/deals/69f9e0096216cf3fd5480510 200 - 9ms","timestamp":"2026-05-05T12:19:36.902Z"}
{"level":"info","message":"DELETE /api/deals/69f9e0096216cf3fd5480511 200 - 9ms","timestamp":"2026-05-05T12:19:36.904Z"}
{"level":"info","message":"DELETE /api/deals/69f9e0096216cf3fd5480512 200 - 9ms","timestamp":"2026-05-05T12:19:36.905Z"}
{"level":"info","message":"DELETE /api/deals/69f9e0096216cf3fd5480513 200 - 8ms","timestamp":"2026-05-05T12:19:36.907Z"}
{"level":"info","message":"DELETE /api/deals/69f9e0096216cf3fd5480514 200 - 5ms","timestamp":"2026-05-05T12:19:36.911Z"}
{"level":"info","message":"DELETE /api/deals/69f9e0096216cf3fd5480515 200 - 5ms","timestamp":"2026-05-05T12:19:36.913Z"}
{"level":"info","message":"DELETE /api/deals/69f9e0096216cf3fd5480516 200 - 6ms","timestamp":"2026-05-05T12:19:36.915Z"}
{"level":"info","message":"GET /api/deals?page=1&limit=100 200 - 10ms","timestamp":"2026-05-05T12:19:36.928Z"}
{"level":"info","message":"DELETE /api/deals/69f9e0096216cf3fd5480517 200 - 13ms","timestamp":"2026-05-05T12:19:48.110Z"}
{"level":"info","message":"DELETE /api/deals/69f9e0096216cf3fd5480518 200 - 17ms","timestamp":"2026-05-05T12:19:48.116Z"}
{"level":"info","message":"DELETE /api/deals/69f9e0096216cf3fd5480519 200 - 33ms","timestamp":"2026-05-05T12:19:48.134Z"}
{"level":"info","message":"DELETE /api/deals/69f9e0096216cf3fd548051a 200 - 24ms","timestamp":"2026-05-05T12:19:48.142Z"}
{"level":"info","message":"DELETE /api/deals/69f9e0096216cf3fd548051b 200 - 21ms","timestamp":"2026-05-05T12:19:48.145Z"}
{"level":"info","message":"DELETE /api/deals/69f9e0096216cf3fd548051c 200 - 20ms","timestamp":"2026-05-05T12:19:48.149Z"}
{"level":"info","message":"DELETE /api/deals/69f9e0096216cf3fd548051d 200 - 18ms","timestamp":"2026-05-05T12:19:48.153Z"}
{"level":"info","message":"DELETE /api/deals/69f9e0096216cf3fd548051e 200 - 19ms","timestamp":"2026-05-05T12:19:48.156Z"}
{"level":"info","message":"DELETE /api/deals/69f9e0096216cf3fd548051f 200 - 21ms","timestamp":"2026-05-05T12:19:48.171Z"}
{"level":"info","message":"DELETE /api/deals/69f9e0096216cf3fd5480520 200 - 15ms","timestamp":"2026-05-05T12:19:48.179Z"}
{"level":"info","message":"DELETE /api/deals/69f9e0096216cf3fd5480521 200 - 14ms","timestamp":"2026-05-05T12:19:48.182Z"}
{"level":"info","message":"DELETE /api/deals/69f9e0096216cf3fd5480522 200 - 14ms","timestamp":"2026-05-05T12:19:48.183Z"}
{"level":"info","message":"DELETE /api/deals/69f9e0096216cf3fd5480523 200 - 13ms","timestamp":"2026-05-05T12:19:48.185Z"}
{"level":"info","message":"DELETE /api/deals/69f9e0096216cf3fd5480524 200 - 14ms","timestamp":"2026-05-05T12:19:48.187Z"}
{"level":"info","message":"DELETE /api/deals/69f9e0096216cf3fd5480525 200 - 12ms","timestamp":"2026-05-05T12:19:48.196Z"}
{"level":"info","message":"DELETE /api/deals/69f9e0096216cf3fd5480526 200 - 14ms","timestamp":"2026-05-05T12:19:48.202Z"}
{"level":"info","message":"DELETE /api/deals/69f9e0096216cf3fd5480527 200 - 16ms","timestamp":"2026-05-05T12:19:48.205Z"}
{"level":"info","message":"DELETE /api/deals/69f9e0096216cf3fd5480528 200 - 14ms","timestamp":"2026-05-05T12:19:48.206Z"}
{"level":"info","message":"DELETE /api/deals/69f9e0096216cf3fd5480529 200 - 15ms","timestamp":"2026-05-05T12:19:48.213Z"}
{"level":"info","message":"DELETE /api/deals/69f9e0096216cf3fd548052a 200 - 17ms","timestamp":"2026-05-05T12:19:48.217Z"}
{"level":"info","message":"DELETE /api/deals/69f9e0096216cf3fd548052b 200 - 14ms","timestamp":"2026-05-05T12:19:48.222Z"}
{"level":"info","message":"DELETE /api/deals/69f9e0096216cf3fd548052c 200 - 13ms","timestamp":"2026-05-05T12:19:48.231Z"}
{"level":"info","message":"DELETE /api/deals/69f9e0096216cf3fd548052d 200 - 16ms","timestamp":"2026-05-05T12:19:48.235Z"}
{"level":"info","message":"DELETE /api/deals/69f9e0096216cf3fd548052e 200 - 17ms","timestamp":"2026-05-05T12:19:48.237Z"}
{"level":"info","message":"DELETE /api/deals/69f9e0096216cf3fd548052f 200 - 17ms","timestamp":"2026-05-05T12:19:48.240Z"}
{"level":"info","message":"DELETE /api/deals/69f9e0096216cf3fd5480530 200 - 19ms","timestamp":"2026-05-05T12:19:48.244Z"}
{"level":"info","message":"DELETE /api/deals/69f9e0096216cf3fd5480531 200 - 14ms","timestamp":"2026-05-05T12:19:48.252Z"}
{"level":"info","message":"DELETE /api/deals/69f9e0096216cf3fd5480532 200 - 10ms","timestamp":"2026-05-05T12:19:48.256Z"}
{"level":"info","message":"DELETE /api/deals/69f9e0096216cf3fd5480533 200 - 15ms","timestamp":"2026-05-05T12:19:48.262Z"}
{"level":"info","message":"DELETE /api/deals/69f9e0096216cf3fd5480534 200 - 14ms","timestamp":"2026-05-05T12:19:48.264Z"}
{"level":"info","message":"DELETE /api/deals/69f9e0096216cf3fd5480535 200 - 15ms","timestamp":"2026-05-05T12:19:48.268Z"}
{"level":"info","message":"DELETE /api/deals/69f9e0096216cf3fd5480536 200 - 16ms","timestamp":"2026-05-05T12:19:48.270Z"}
{"level":"info","message":"DELETE /api/deals/69f9e0096216cf3fd5480537 200 - 14ms","timestamp":"2026-05-05T12:19:48.280Z"}
{"level":"info","message":"DELETE /api/deals/69f9e0096216cf3fd5480538 200 - 15ms","timestamp":"2026-05-05T12:19:48.287Z"}
{"level":"info","message":"DELETE /api/deals/69f9e0096216cf3fd5480539 200 - 15ms","timestamp":"2026-05-05T12:19:48.289Z"}
{"level":"info","message":"DELETE /api/deals/69f9e0096216cf3fd548053a 200 - 15ms","timestamp":"2026-05-05T12:19:48.291Z"}
{"level":"info","message":"DELETE /api/deals/69f9e0096216cf3fd548053b 200 - 16ms","timestamp":"2026-05-05T12:19:48.297Z"}
{"level":"info","message":"DELETE /api/deals/69f9e0096216cf3fd548053c 200 - 14ms","timestamp":"2026-05-05T12:19:48.299Z"}
{"level":"info","message":"DELETE /api/deals/69f9e0096216cf3fd548053d 200 - 8ms","timestamp":"2026-05-05T12:19:48.303Z"}
{"level":"info","message":"DELETE /api/deals/69f9e0096216cf3fd548053e 200 - 8ms","timestamp":"2026-05-05T12:19:48.308Z"}
{"level":"info","message":"DELETE /api/deals/69f9e0096216cf3fd548053f 200 - 10ms","timestamp":"2026-05-05T12:19:48.311Z"}
{"level":"info","message":"DELETE /api/deals/69f9e0096216cf3fd5480540 200 - 11ms","timestamp":"2026-05-05T12:19:48.313Z"}
{"level":"info","message":"DELETE /api/deals/69f9e0096216cf3fd5480541 200 - 11ms","timestamp":"2026-05-05T12:19:48.315Z"}
{"level":"info","message":"DELETE /api/deals/69f9e0096216cf3fd5480542 200 - 11ms","timestamp":"2026-05-05T12:19:48.317Z"}
{"level":"info","message":"DELETE /api/deals/69f9e0096216cf3fd5480543 200 - 8ms","timestamp":"2026-05-05T12:19:48.322Z"}
{"level":"info","message":"DELETE /api/deals/69f9e0096216cf3fd5480544 200 - 9ms","timestamp":"2026-05-05T12:19:48.327Z"}
{"level":"info","message":"DELETE /api/deals/69f9e0096216cf3fd5480545 200 - 9ms","timestamp":"2026-05-05T12:19:48.329Z"}
{"level":"info","message":"DELETE /api/deals/69f9e0096216cf3fd5480546 200 - 10ms","timestamp":"2026-05-05T12:19:48.330Z"}
{"level":"info","message":"DELETE /api/deals/69f9e0096216cf3fd5480547 200 - 10ms","timestamp":"2026-05-05T12:19:48.333Z"}
{"level":"info","message":"DELETE /api/deals/69f9e0096216cf3fd5480548 200 - 10ms","timestamp":"2026-05-05T12:19:48.335Z"}
{"level":"info","message":"DELETE /api/deals/69f9e0096216cf3fd5480549 200 - 9ms","timestamp":"2026-05-05T12:19:48.341Z"}
{"level":"info","message":"DELETE /api/deals/69f9e0096216cf3fd548054a 200 - 10ms","timestamp":"2026-05-05T12:19:48.346Z"}
{"level":"info","message":"DELETE /api/deals/69f9e0096216cf3fd548054b 200 - 11ms","timestamp":"2026-05-05T12:19:48.348Z"}
{"level":"info","message":"DELETE /api/deals/69f9e0096216cf3fd548054c 200 - 12ms","timestamp":"2026-05-05T12:19:48.350Z"}
{"level":"info","message":"DELETE /api/deals/69f9e0096216cf3fd548054d 200 - 11ms","timestamp":"2026-05-05T12:19:48.353Z"}
{"level":"info","message":"DELETE /api/deals/69f9e0096216cf3fd548054e 200 - 9ms","timestamp":"2026-05-05T12:19:48.354Z"}
{"level":"info","message":"DELETE /api/deals/69f9e0096216cf3fd548054f 200 - 10ms","timestamp":"2026-05-05T12:19:48.361Z"}
{"level":"info","message":"DELETE /api/deals/69f9e0096216cf3fd5480550 200 - 10ms","timestamp":"2026-05-05T12:19:48.365Z"}
{"level":"info","message":"DELETE /api/deals/69f9e0096216cf3fd5480551 200 - 9ms","timestamp":"2026-05-05T12:19:48.366Z"}
{"level":"info","message":"DELETE /api/deals/69f9e0096216cf3fd5480552 200 - 9ms","timestamp":"2026-05-05T12:19:48.368Z"}
{"level":"info","message":"DELETE /api/deals/69f9e0096216cf3fd5480553 200 - 8ms","timestamp":"2026-05-05T12:19:48.370Z"}
{"level":"info","message":"DELETE /api/deals/69f9e0096216cf3fd5480554 200 - 9ms","timestamp":"2026-05-05T12:19:48.372Z"}
{"level":"info","message":"DELETE /api/deals/69f9e0096216cf3fd5480555 200 - 11ms","timestamp":"2026-05-05T12:19:48.379Z"}
{"level":"info","message":"DELETE /api/deals/69f9e0096216cf3fd5480556 200 - 9ms","timestamp":"2026-05-05T12:19:48.383Z"}
{"level":"info","message":"DELETE /api/deals/69f9e0096216cf3fd5480557 200 - 9ms","timestamp":"2026-05-05T12:19:48.385Z"}
{"level":"info","message":"DELETE /api/deals/69f9e0096216cf3fd5480558 200 - 8ms","timestamp":"2026-05-05T12:19:48.386Z"}
{"level":"info","message":"DELETE /api/deals/69f9e0096216cf3fd5480559 200 - 9ms","timestamp":"2026-05-05T12:19:48.389Z"}
{"level":"info","message":"DELETE /api/deals/69f9e0096216cf3fd548055a 200 - 10ms","timestamp":"2026-05-05T12:19:48.392Z"}
{"level":"info","message":"DELETE /api/deals/69f9e0096216cf3fd548055b 200 - 10ms","timestamp":"2026-05-05T12:19:48.397Z"}
{"level":"info","message":"DELETE /api/deals/69f9e0096216cf3fd548055c 200 - 6ms","timestamp":"2026-05-05T12:19:48.400Z"}
{"level":"info","message":"DELETE /api/deals/69f9e0096216cf3fd548055d 200 - 6ms","timestamp":"2026-05-05T12:19:48.401Z"}
{"level":"info","message":"DELETE /api/deals/69f9e0096216cf3fd548055e 200 - 7ms","timestamp":"2026-05-05T12:19:48.403Z"}
{"level":"info","message":"DELETE /api/deals/69f9e0096216cf3fd548055f 200 - 8ms","timestamp":"2026-05-05T12:19:48.405Z"}
{"level":"info","message":"DELETE /api/deals/69f9e0096216cf3fd5480560 200 - 9ms","timestamp":"2026-05-05T12:19:48.407Z"}
{"level":"info","message":"DELETE /api/deals/69f9e0096216cf3fd5480561 200 - 10ms","timestamp":"2026-05-05T12:19:48.414Z"}
{"level":"info","message":"DELETE /api/deals/69f9e0096216cf3fd5480562 200 - 8ms","timestamp":"2026-05-05T12:19:48.417Z"}
{"level":"info","message":"DELETE /api/deals/69f9e0096216cf3fd5480563 200 - 8ms","timestamp":"2026-05-05T12:19:48.419Z"}
{"level":"info","message":"DELETE /api/deals/69f9e0096216cf3fd5480564 200 - 8ms","timestamp":"2026-05-05T12:19:48.420Z"}
{"level":"info","message":"DELETE /api/deals/69f9e0096216cf3fd5480565 200 - 9ms","timestamp":"2026-05-05T12:19:48.423Z"}
{"level":"info","message":"DELETE /api/deals/69f9e0096216cf3fd5480566 200 - 9ms","timestamp":"2026-05-05T12:19:48.425Z"}
{"level":"info","message":"DELETE /api/deals/69f9e0096216cf3fd5480567 200 - 9ms","timestamp":"2026-05-05T12:19:48.430Z"}
{"level":"info","message":"DELETE /api/deals/69f9e0096216cf3fd5480568 200 - 7ms","timestamp":"2026-05-05T12:19:48.434Z"}
{"level":"info","message":"DELETE /api/deals/69f9e0096216cf3fd5480569 200 - 8ms","timestamp":"2026-05-05T12:19:48.436Z"}
{"level":"info","message":"DELETE /api/deals/69f9e0096216cf3fd548056a 200 - 9ms","timestamp":"2026-05-05T12:19:48.438Z"}
{"level":"info","message":"DELETE /api/deals/69f9e0096216cf3fd548056b 200 - 10ms","timestamp":"2026-05-05T12:19:48.441Z"}
{"level":"info","message":"DELETE /api/deals/69f9e0096216cf3fd548056c 200 - 12ms","timestamp":"2026-05-05T12:19:48.444Z"}
{"level":"info","message":"DELETE /api/deals/69f9e0096216cf3fd548056d 200 - 9ms","timestamp":"2026-05-05T12:19:48.448Z"}
{"level":"info","message":"DELETE /api/deals/69f9e0096216cf3fd548056e 200 - 6ms","timestamp":"2026-05-05T12:19:48.451Z"}
{"level":"info","message":"DELETE /api/deals/69f9e0096216cf3fd548056f 200 - 7ms","timestamp":"2026-05-05T12:19:48.453Z"}
{"level":"info","message":"DELETE /api/deals/69f9e0096216cf3fd5480570 200 - 9ms","timestamp":"2026-05-05T12:19:48.455Z"}
{"level":"info","message":"DELETE /api/deals/69f9e0096216cf3fd5480571 200 - 9ms","timestamp":"2026-05-05T12:19:48.458Z"}
{"level":"info","message":"DELETE /api/deals/69f9e0096216cf3fd5480572 200 - 11ms","timestamp":"2026-05-05T12:19:48.461Z"}
{"level":"info","message":"DELETE /api/deals/69f9e0096216cf3fd5480573 200 - 8ms","timestamp":"2026-05-05T12:19:48.464Z"}
{"level":"info","message":"DELETE /api/deals/69f9e0096216cf3fd5480574 200 - 3ms","timestamp":"2026-05-05T12:19:48.465Z"}
{"level":"info","message":"GET /api/deals?page=1&limit=100 200 - 5ms","timestamp":"2026-05-05T12:19:48.474Z"}
{"level":"info","message":"GET /api/deals 200 - 9ms","timestamp":"2026-05-05T12:19:51.883Z"}
{"level":"info","message":"DELETE /api/deals/69f9e0096216cf3fd5480575 200 - 11ms","timestamp":"2026-05-05T12:20:10.787Z"}
{"level":"info","message":"DELETE /api/deals/69f9e0096216cf3fd5480576 200 - 12ms","timestamp":"2026-05-05T12:20:10.790Z"}
{"level":"info","message":"DELETE /api/deals/69f9e0096216cf3fd5480577 200 - 15ms","timestamp":"2026-05-05T12:20:10.798Z"}
{"level":"info","message":"DELETE /api/deals/69f9e0096216cf3fd5480578 200 - 16ms","timestamp":"2026-05-05T12:20:10.807Z"}
{"level":"info","message":"DELETE /api/deals/69f9e0096216cf3fd5480579 200 - 16ms","timestamp":"2026-05-05T12:20:10.808Z"}
{"level":"info","message":"DELETE /api/deals/69f9e0096216cf3fd548057a 200 - 16ms","timestamp":"2026-05-05T12:20:10.810Z"}
{"level":"info","message":"DELETE /api/deals/69f9e0096216cf3fd548057b 200 - 20ms","timestamp":"2026-05-05T12:20:10.821Z"}
{"level":"info","message":"DELETE /api/deals/69f9e0096216cf3fd548057c 200 - 20ms","timestamp":"2026-05-05T12:20:10.824Z"}
{"level":"info","message":"DELETE /api/deals/69f9e0096216cf3fd548057d 200 - 27ms","timestamp":"2026-05-05T12:20:10.837Z"}
{"level":"info","message":"DELETE /api/deals/69f9e0096216cf3fd548057e 200 - 29ms","timestamp":"2026-05-05T12:20:10.854Z"}
{"level":"info","message":"DELETE /api/deals/69f9e0096216cf3fd548057f 200 - 33ms","timestamp":"2026-05-05T12:20:10.859Z"}
{"level":"info","message":"DELETE /api/deals/69f9e0096216cf3fd5480580 200 - 33ms","timestamp":"2026-05-05T12:20:10.861Z"}
{"level":"info","message":"DELETE /api/deals/69f9e0096216cf3fd5480581 200 - 24ms","timestamp":"2026-05-05T12:20:10.865Z"}
{"level":"info","message":"DELETE /api/deals/69f9e0096216cf3fd5480582 200 - 24ms","timestamp":"2026-05-05T12:20:10.872Z"}
{"level":"info","message":"DELETE /api/deals/69f9e0096216cf3fd5480583 200 - 19ms","timestamp":"2026-05-05T12:20:10.881Z"}
{"level":"info","message":"DELETE /api/deals/69f9e0096216cf3fd5480584 200 - 20ms","timestamp":"2026-05-05T12:20:10.894Z"}
{"level":"info","message":"DELETE /api/deals/69f9e0096216cf3fd5480585 200 - 18ms","timestamp":"2026-05-05T12:20:10.896Z"}
{"level":"info","message":"DELETE /api/deals/69f9e0096216cf3fd5480586 200 - 18ms","timestamp":"2026-05-05T12:20:10.897Z"}
{"level":"info","message":"DELETE /api/deals/69f9e0096216cf3fd5480587 200 - 21ms","timestamp":"2026-05-05T12:20:10.904Z"}
{"level":"info","message":"DELETE /api/deals/69f9e0096216cf3fd5480588 200 - 18ms","timestamp":"2026-05-05T12:20:10.907Z"}
{"level":"info","message":"DELETE /api/deals/69f9e0096216cf3fd5480589 200 - 15ms","timestamp":"2026-05-05T12:20:10.913Z"}
{"level":"info","message":"DELETE /api/deals/69f9e0096216cf3fd548058a 200 - 15ms","timestamp":"2026-05-05T12:20:10.924Z"}
{"level":"info","message":"DELETE /api/deals/69f9e0096216cf3fd548058b 200 - 18ms","timestamp":"2026-05-05T12:20:10.928Z"}
{"level":"info","message":"DELETE /api/deals/69f9e0096216cf3fd548058c 200 - 19ms","timestamp":"2026-05-05T12:20:10.930Z"}
{"level":"info","message":"DELETE /api/deals/69f9e0096216cf3fd548058d 200 - 27ms","timestamp":"2026-05-05T12:20:10.941Z"}
{"level":"info","message":"DELETE /api/deals/69f9e0096216cf3fd548058e 200 - 22ms","timestamp":"2026-05-05T12:20:10.942Z"}
{"level":"info","message":"DELETE /api/deals/69f9e0096216cf3fd548058f 200 - 15ms","timestamp":"2026-05-05T12:20:10.947Z"}
{"level":"info","message":"DELETE /api/deals/69f9e0096216cf3fd5480590 200 - 14ms","timestamp":"2026-05-05T12:20:10.957Z"}
{"level":"info","message":"DELETE /api/deals/69f9e0096216cf3fd5480591 200 - 17ms","timestamp":"2026-05-05T12:20:10.961Z"}
{"level":"info","message":"DELETE /api/deals/69f9e0096216cf3fd5480592 200 - 17ms","timestamp":"2026-05-05T12:20:10.963Z"}
{"level":"info","message":"DELETE /api/deals/69f9e0096216cf3fd5480593 200 - 15ms","timestamp":"2026-05-05T12:20:10.965Z"}
{"level":"info","message":"DELETE /api/deals/69f9e0096216cf3fd5480594 200 - 15ms","timestamp":"2026-05-05T12:20:10.970Z"}
{"level":"info","message":"DELETE /api/deals/69f9e0096216cf3fd5480595 200 - 14ms","timestamp":"2026-05-05T12:20:10.977Z"}
{"level":"info","message":"DELETE /api/deals/69f9e0096216cf3fd5480596 200 - 10ms","timestamp":"2026-05-05T12:20:10.982Z"}
{"level":"info","message":"DELETE /api/deals/69f9e0096216cf3fd5480597 200 - 11ms","timestamp":"2026-05-05T12:20:10.985Z"}
{"level":"info","message":"DELETE /api/deals/69f9e0096216cf3fd5480598 200 - 17ms","timestamp":"2026-05-05T12:20:10.992Z"}
{"level":"info","message":"DELETE /api/deals/69f9e0096216cf3fd5480599 200 - 20ms","timestamp":"2026-05-05T12:20:10.998Z"}
{"level":"info","message":"DELETE /api/deals/69f9e0096216cf3fd548059a 200 - 30ms","timestamp":"2026-05-05T12:20:11.009Z"}
{"level":"info","message":"DELETE /api/deals/69f9e0096216cf3fd548059b 200 - 33ms","timestamp":"2026-05-05T12:20:11.027Z"}
{"level":"info","message":"DELETE /api/deals/69f9e0096216cf3fd548059c 200 - 26ms","timestamp":"2026-05-05T12:20:11.040Z"}
{"level":"info","message":"DELETE /api/deals/69f9e0096216cf3fd548059d 200 - 33ms","timestamp":"2026-05-05T12:20:11.047Z"}
{"level":"info","message":"DELETE /api/deals/69f9e0096216cf3fd548059e 200 - 31ms","timestamp":"2026-05-05T12:20:11.054Z"}
{"level":"info","message":"DELETE /api/deals/69f9e0096216cf3fd548059f 200 - 30ms","timestamp":"2026-05-05T12:20:11.061Z"}
{"level":"info","message":"DELETE /api/deals/69f9e0096216cf3fd54805a0 200 - 31ms","timestamp":"2026-05-05T12:20:11.067Z"}
{"level":"info","message":"DELETE /api/deals/69f9e0096216cf3fd54805a1 200 - 22ms","timestamp":"2026-05-05T12:20:11.079Z"}
{"level":"info","message":"DELETE /api/deals/69f9e0096216cf3fd54805a2 200 - 11ms","timestamp":"2026-05-05T12:20:11.084Z"}
{"level":"info","message":"DELETE /api/deals/69f9e0096216cf3fd54805a3 200 - 11ms","timestamp":"2026-05-05T12:20:11.085Z"}
{"level":"info","message":"DELETE /api/deals/69f9e0096216cf3fd54805a4 200 - 10ms","timestamp":"2026-05-05T12:20:11.087Z"}
{"level":"info","message":"DELETE /api/deals/69f9e0096216cf3fd54805a5 200 - 9ms","timestamp":"2026-05-05T12:20:11.089Z"}
{"level":"info","message":"DELETE /api/deals/69f9e0096216cf3fd54805a6 200 - 9ms","timestamp":"2026-05-05T12:20:11.090Z"}
{"level":"info","message":"DELETE /api/deals/69f9e0096216cf3fd54805a7 200 - 8ms","timestamp":"2026-05-05T12:20:11.095Z"}
{"level":"info","message":"DELETE /api/deals/69f9e0096216cf3fd54805a8 200 - 14ms","timestamp":"2026-05-05T12:20:11.105Z"}
{"level":"info","message":"DELETE /api/deals/69f9e0096216cf3fd54805a9 200 - 16ms","timestamp":"2026-05-05T12:20:11.108Z"}
{"level":"info","message":"DELETE /api/deals/69f9e0096216cf3fd54805aa 200 - 17ms","timestamp":"2026-05-05T12:20:11.110Z"}
{"level":"info","message":"DELETE /api/deals/69f9e0096216cf3fd54805ab 200 - 13ms","timestamp":"2026-05-05T12:20:11.112Z"}
{"level":"info","message":"DELETE /api/deals/69f9e0096216cf3fd54805ac 200 - 10ms","timestamp":"2026-05-05T12:20:11.113Z"}
{"level":"info","message":"DELETE /api/deals/69f9e0096216cf3fd54805ad 200 - 7ms","timestamp":"2026-05-05T12:20:11.118Z"}
{"level":"info","message":"DELETE /api/deals/69f9e0096216cf3fd54805ae 200 - 7ms","timestamp":"2026-05-05T12:20:11.121Z"}
{"level":"info","message":"DELETE /api/deals/69f9e0096216cf3fd54805af 200 - 7ms","timestamp":"2026-05-05T12:20:11.122Z"}
{"level":"info","message":"DELETE /api/deals/69f9e0096216cf3fd54805b0 200 - 7ms","timestamp":"2026-05-05T12:20:11.123Z"}
{"level":"info","message":"DELETE /api/deals/69f9e0096216cf3fd54805b1 200 - 7ms","timestamp":"2026-05-05T12:20:11.126Z"}
{"level":"info","message":"DELETE /api/deals/69f9e0096216cf3fd54805b2 200 - 7ms","timestamp":"2026-05-05T12:20:11.127Z"}
{"level":"info","message":"DELETE /api/deals/69f9e0096216cf3fd54805b3 200 - 7ms","timestamp":"2026-05-05T12:20:11.131Z"}
{"level":"info","message":"DELETE /api/deals/69f9e0096216cf3fd54805b4 200 - 7ms","timestamp":"2026-05-05T12:20:11.135Z"}
{"level":"info","message":"DELETE /api/deals/69f9e0096216cf3fd54805b5 200 - 7ms","timestamp":"2026-05-05T12:20:11.136Z"}
{"level":"info","message":"DELETE /api/deals/69f9e0096216cf3fd54805b6 200 - 8ms","timestamp":"2026-05-05T12:20:11.138Z"}
{"level":"info","message":"DELETE /api/deals/69f9e0096216cf3fd54805b7 200 - 9ms","timestamp":"2026-05-05T12:20:11.140Z"}
{"level":"info","message":"DELETE /api/deals/69f9e0096216cf3fd54805b8 200 - 9ms","timestamp":"2026-05-05T12:20:11.142Z"}
{"level":"info","message":"DELETE /api/deals/69f9e0096216cf3fd54805b9 200 - 7ms","timestamp":"2026-05-05T12:20:11.145Z"}
{"level":"info","message":"DELETE /api/deals/69f9e0096216cf3fd54805ba 200 - 6ms","timestamp":"2026-05-05T12:20:11.148Z"}
{"level":"info","message":"DELETE /api/deals/69f9e0096216cf3fd54805bb 200 - 7ms","timestamp":"2026-05-05T12:20:11.150Z"}
{"level":"info","message":"DELETE /api/deals/69f9e0096216cf3fd54805bc 200 - 9ms","timestamp":"2026-05-05T12:20:11.153Z"}
{"level":"info","message":"DELETE /api/deals/69f9e0096216cf3fd54805bd 200 - 8ms","timestamp":"2026-05-05T12:20:11.154Z"}
{"level":"info","message":"DELETE /api/deals/69f9e0096216cf3fd54805be 200 - 8ms","timestamp":"2026-05-05T12:20:11.155Z"}
{"level":"info","message":"DELETE /api/deals/69f9e0096216cf3fd54805bf 200 - 5ms","timestamp":"2026-05-05T12:20:11.158Z"}
{"level":"info","message":"DELETE /api/deals/69f9e0096216cf3fd54805c0 200 - 5ms","timestamp":"2026-05-05T12:20:11.161Z"}
{"level":"info","message":"DELETE /api/deals/69f9e0096216cf3fd54805c1 200 - 5ms","timestamp":"2026-05-05T12:20:11.162Z"}
{"level":"info","message":"DELETE /api/deals/69f9e0096216cf3fd54805c2 200 - 6ms","timestamp":"2026-05-05T12:20:11.163Z"}
{"level":"info","message":"DELETE /api/deals/69f9e0096216cf3fd54805c3 200 - 6ms","timestamp":"2026-05-05T12:20:11.165Z"}
{"level":"info","message":"DELETE /api/deals/69f9e0096216cf3fd54805c4 200 - 7ms","timestamp":"2026-05-05T12:20:11.167Z"}
{"level":"info","message":"DELETE /api/deals/69f9e0096216cf3fd54805c5 200 - 8ms","timestamp":"2026-05-05T12:20:11.171Z"}
{"level":"info","message":"DELETE /api/deals/69f9e0096216cf3fd54805c6 200 - 5ms","timestamp":"2026-05-05T12:20:11.174Z"}
{"level":"info","message":"DELETE /api/deals/69f9e0096216cf3fd54805c7 200 - 6ms","timestamp":"2026-05-05T12:20:11.175Z"}
{"level":"info","message":"DELETE /api/deals/69f9e0096216cf3fd54805c8 200 - 6ms","timestamp":"2026-05-05T12:20:11.176Z"}
{"level":"info","message":"DELETE /api/deals/69f9e0096216cf3fd54805c9 200 - 6ms","timestamp":"2026-05-05T12:20:11.178Z"}
{"level":"info","message":"DELETE /api/deals/69f9e0096216cf3fd54805ca 200 - 6ms","timestamp":"2026-05-05T12:20:11.179Z"}
{"level":"info","message":"DELETE /api/deals/69f9e0096216cf3fd54805cb 200 - 6ms","timestamp":"2026-05-05T12:20:11.183Z"}
{"level":"info","message":"DELETE /api/deals/69f9e0096216cf3fd54805cc 200 - 7ms","timestamp":"2026-05-05T12:20:11.187Z"}
{"level":"info","message":"DELETE /api/deals/69f9e0096216cf3fd54805cd 200 - 7ms","timestamp":"2026-05-05T12:20:11.188Z"}
{"level":"info","message":"DELETE /api/deals/69f9e0096216cf3fd54805ce 200 - 8ms","timestamp":"2026-05-05T12:20:11.189Z"}
{"level":"info","message":"DELETE /api/deals/69f9e0096216cf3fd54805cf 200 - 6ms","timestamp":"2026-05-05T12:20:11.191Z"}
{"level":"info","message":"DELETE /api/deals/69f9e0096216cf3fd54805d0 200 - 7ms","timestamp":"2026-05-05T12:20:11.193Z"}
{"level":"info","message":"DELETE /api/deals/69f9e0096216cf3fd54805d1 200 - 5ms","timestamp":"2026-05-05T12:20:11.195Z"}
{"level":"info","message":"DELETE /api/deals/69f9e0096216cf3fd54805d2 200 - 3ms","timestamp":"2026-05-05T12:20:11.196Z"}
{"level":"info","message":"GET /api/deals?page=1&limit=100 200 - 6ms","timestamp":"2026-05-05T12:20:11.205Z"}
{"level":"info","message":"GET /pages/new-deal.html 304 - 1ms","timestamp":"2026-05-05T12:20:24.548Z"}
{"level":"info","message":"GET /pages/records.html 304 - 1ms","timestamp":"2026-05-05T12:20:24.549Z"}
{"level":"info","message":"GET /pages/summary.html 304 - 1ms","timestamp":"2026-05-05T12:20:24.551Z"}
{"level":"info","message":"GET /pages/health.html 304 - 3ms","timestamp":"2026-05-05T12:20:24.553Z"}
{"level":"info","message":"GET /pages/calculator.html 304 - 3ms","timestamp":"2026-05-05T12:20:24.555Z"}
{"level":"info","message":"GET /pages/tl-report.html 304 - 3ms","timestamp":"2026-05-05T12:20:24.555Z"}
{"level":"info","message":"GET /favicon.ico 304 - 1ms","timestamp":"2026-05-05T12:20:24.557Z"}
{"level":"info","message":"GET /api/deals?page=1&limit=100 304 - 8ms","timestamp":"2026-05-05T12:20:24.667Z"}
{"level":"info","message":"GET /pages/pivot_report_generator.html 304 - 1ms","timestamp":"2026-05-05T12:20:24.670Z"}
{"level":"info","message":"GET / 304 - 15ms","timestamp":"2026-05-07T11:04:01.095Z"}
{"level":"info","message":"GET / 304 - 6ms","timestamp":"2026-05-07T11:04:01.643Z"}
{"level":"info","message":"GET /css/style.css 304 - 14ms","timestamp":"2026-05-07T11:04:01.827Z"}
{"level":"info","message":"GET /js/main.js?v=2 304 - 17ms","timestamp":"2026-05-07T11:04:01.842Z"}
{"level":"info","message":"GET /css/style.css 304 - 14ms","timestamp":"2026-05-07T11:04:01.853Z"}
{"level":"info","message":"GET /css/base.css 304 - 11ms","timestamp":"2026-05-07T11:04:01.886Z"}
{"level":"info","message":"GET /css/layout.css 304 - 13ms","timestamp":"2026-05-07T11:04:01.889Z"}
{"level":"info","message":"GET /css/components.css 304 - 8ms","timestamp":"2026-05-07T11:04:01.903Z"}
{"level":"info","message":"GET /css/forms.css 304 - 15ms","timestamp":"2026-05-07T11:04:01.928Z"}
{"level":"info","message":"GET /css/tables.css 304 - 38ms","timestamp":"2026-05-07T11:04:01.958Z"}
{"level":"info","message":"GET /css/pages.css 304 - 38ms","timestamp":"2026-05-07T11:04:01.961Z"}
{"level":"info","message":"GET /css/ppt.css 304 - 19ms","timestamp":"2026-05-07T11:04:01.995Z"}
{"level":"info","message":"GET /css/utilities.css 304 - 24ms","timestamp":"2026-05-07T11:04:02.001Z"}
{"level":"info","message":"GET /css/base.css 304 - 30ms","timestamp":"2026-05-07T11:04:02.010Z"}
{"level":"info","message":"GET /css/layout.css 304 - 15ms","timestamp":"2026-05-07T11:04:02.043Z"}
{"level":"info","message":"GET /css/components.css 304 - 26ms","timestamp":"2026-05-07T11:04:02.055Z"}
{"level":"info","message":"GET /css/forms.css 304 - 3ms","timestamp":"2026-05-07T11:04:02.072Z"}
{"level":"info","message":"GET /css/tables.css 304 - 8ms","timestamp":"2026-05-07T11:04:02.099Z"}
{"level":"info","message":"GET /css/pages.css 304 - 23ms","timestamp":"2026-05-07T11:04:02.115Z"}
{"level":"info","message":"GET /css/ppt.css 304 - 22ms","timestamp":"2026-05-07T11:04:02.147Z"}
{"level":"info","message":"GET /css/utilities.css 304 - 2ms","timestamp":"2026-05-07T11:04:02.155Z"}
{"level":"info","message":"GET /js/main.js?v=2 304 - 6ms","timestamp":"2026-05-07T11:04:02.159Z"}
{"level":"info","message":"GET /js/helpers.js 304 - 1ms","timestamp":"2026-05-07T11:04:02.280Z"}
{"level":"info","message":"GET /js/dealForm.js 304 - 6ms","timestamp":"2026-05-07T11:04:02.289Z"}
{"level":"info","message":"GET /js/records.js 304 - 9ms","timestamp":"2026-05-07T11:04:02.294Z"}
{"level":"info","message":"GET /js/ppt.js 304 - 14ms","timestamp":"2026-05-07T11:04:02.300Z"}
{"level":"info","message":"GET /js/health.js 304 - 15ms","timestamp":"2026-05-07T11:04:02.302Z"}
{"level":"info","message":"GET /js/summary.js 304 - 20ms","timestamp":"2026-05-07T11:04:02.307Z"}
{"level":"info","message":"GET /js/ui.js 304 - 24ms","timestamp":"2026-05-07T11:04:02.312Z"}
{"level":"info","message":"GET /js/FILTERPPTDOWNLOAD.js 304 - 3ms","timestamp":"2026-05-07T11:04:02.320Z"}
{"level":"info","message":"GET /js/BULKEXCELUPLOAD.js 304 - 5ms","timestamp":"2026-05-07T11:04:02.324Z"}
{"level":"info","message":"GET /components/topbar.html 304 - 4ms","timestamp":"2026-05-07T11:04:02.340Z"}
{"level":"info","message":"GET /components/sidebar.html 304 - 11ms","timestamp":"2026-05-07T11:04:02.347Z"}
{"level":"info","message":"GET /favicon.ico 304 - 7ms","timestamp":"2026-05-07T11:04:02.356Z"}
{"level":"info","message":"GET /pages/new-deal.html 304 - 8ms","timestamp":"2026-05-07T11:04:02.370Z"}
{"level":"info","message":"GET /pages/records.html 304 - 16ms","timestamp":"2026-05-07T11:04:02.378Z"}
{"level":"info","message":"GET /pages/summary.html 304 - 20ms","timestamp":"2026-05-07T11:04:02.383Z"}
{"level":"info","message":"GET /pages/health.html 304 - 22ms","timestamp":"2026-05-07T11:04:02.386Z"}
{"level":"info","message":"GET /pages/calculator.html 304 - 27ms","timestamp":"2026-05-07T11:04:02.392Z"}
{"level":"info","message":"GET /pages/tl-report.html 304 - 29ms","timestamp":"2026-05-07T11:04:02.395Z"}
{"level":"info","message":"GET /pages/pivot_report_generator.html 304 - 2ms","timestamp":"2026-05-07T11:04:02.518Z"}
{"level":"info","message":"GET /js/helpers.js 304 - 4ms","timestamp":"2026-05-07T11:04:02.520Z"}
{"level":"info","message":"GET /js/dealForm.js 304 - 5ms","timestamp":"2026-05-07T11:04:02.522Z"}
{"level":"info","message":"GET /js/ppt.js 304 - 7ms","timestamp":"2026-05-07T11:04:02.524Z"}
{"level":"info","message":"GET /js/records.js 304 - 4ms","timestamp":"2026-05-07T11:04:02.537Z"}
{"level":"info","message":"GET /js/summary.js 304 - 2ms","timestamp":"2026-05-07T11:04:02.557Z"}
{"level":"info","message":"GET /js/health.js 304 - 8ms","timestamp":"2026-05-07T11:04:02.564Z"}
{"level":"info","message":"GET /js/ui.js 304 - 14ms","timestamp":"2026-05-07T11:04:02.572Z"}
{"level":"info","message":"GET /js/FILTERPPTDOWNLOAD.js 304 - 2ms","timestamp":"2026-05-07T11:04:02.581Z"}
{"level":"info","message":"GET /js/BULKEXCELUPLOAD.js 304 - 9ms","timestamp":"2026-05-07T11:04:02.587Z"}
{"level":"info","message":"GET /api/deals?page=1&limit=100 304 - 171ms","timestamp":"2026-05-07T11:04:02.660Z"}
{"level":"info","message":"GET /components/topbar.html 304 - 30ms","timestamp":"2026-05-07T11:04:02.665Z"}
{"level":"info","message":"GET /components/sidebar.html 304 - 39ms","timestamp":"2026-05-07T11:04:02.677Z"}
{"level":"info","message":"GET /favicon.ico 304 - 7ms","timestamp":"2026-05-07T11:04:02.689Z"}
{"level":"info","message":"GET /pages/new-deal.html 304 - 1ms","timestamp":"2026-05-07T11:04:02.723Z"}
{"level":"info","message":"GET /pages/records.html 304 - 9ms","timestamp":"2026-05-07T11:04:02.740Z"}
{"level":"info","message":"GET /pages/summary.html 304 - 16ms","timestamp":"2026-05-07T11:04:02.751Z"}
{"level":"info","message":"GET /pages/health.html 304 - 17ms","timestamp":"2026-05-07T11:04:02.762Z"}
{"level":"info","message":"GET /pages/calculator.html 304 - 2ms","timestamp":"2026-05-07T11:04:02.775Z"}
{"level":"info","message":"GET /pages/tl-report.html 304 - 3ms","timestamp":"2026-05-07T11:04:02.777Z"}
{"level":"info","message":"GET /pages/pivot_report_generator.html 304 - 11ms","timestamp":"2026-05-07T11:04:02.878Z"}
{"level":"info","message":"GET /api/deals?page=1&limit=100 304 - 28ms","timestamp":"2026-05-07T11:04:02.897Z"}
{"level":"info","message":"GET /pages/DealTrackMIS.jsx?v=1778151854450 200 - 7ms","timestamp":"2026-05-07T11:04:14.464Z"}
{"level":"info","message":"GET /api/deals/health 200 - 16ms","timestamp":"2026-05-07T11:04:27.758Z"}
{"level":"info","message":"GET /api/deals/health 200 - 16ms","timestamp":"2026-05-07T11:04:27.791Z"}
{"level":"info","message":"GET /pages/calculator/Insurance_Pro_updated.html 304 - 2ms","timestamp":"2026-05-07T11:04:28.896Z"}
{"level":"info","message":"GET /pages/mis_v6.html 200 - 7ms","timestamp":"2026-05-07T11:04:30.605Z"}
{"level":"info","message":"GET /favicon.ico 304 - 3ms","timestamp":"2026-05-07T11:04:31.078Z"}
{"level":"info","message":"GET / 304 - 16ms","timestamp":"2026-05-07T12:21:38.603Z"}
{"level":"info","message":"GET /css/style.css 304 - 12ms","timestamp":"2026-05-07T12:21:39.281Z"}
{"level":"info","message":"GET /js/main.js?v=2 304 - 12ms","timestamp":"2026-05-07T12:21:39.287Z"}
{"level":"info","message":"GET /css/base.css 304 - 3ms","timestamp":"2026-05-07T12:21:39.293Z"}
{"level":"info","message":"GET /css/layout.css 304 - 10ms","timestamp":"2026-05-07T12:21:39.301Z"}
{"level":"info","message":"GET /css/pages.css 304 - 14ms","timestamp":"2026-05-07T12:21:39.322Z"}
{"level":"info","message":"GET /css/forms.css 304 - 13ms","timestamp":"2026-05-07T12:21:39.326Z"}
{"level":"info","message":"GET /css/components.css 304 - 16ms","timestamp":"2026-05-07T12:21:39.331Z"}
{"level":"info","message":"GET /css/tables.css 304 - 19ms","timestamp":"2026-05-07T12:21:39.336Z"}
{"level":"info","message":"GET /css/ppt.css 304 - 20ms","timestamp":"2026-05-07T12:21:39.340Z"}
{"level":"info","message":"GET /css/utilities.css 304 - 23ms","timestamp":"2026-05-07T12:21:39.351Z"}
{"level":"info","message":"GET /js/dealForm.js 304 - 3ms","timestamp":"2026-05-07T12:21:39.578Z"}
{"level":"info","message":"GET /js/helpers.js 304 - 4ms","timestamp":"2026-05-07T12:21:39.584Z"}
{"level":"info","message":"GET /js/records.js 304 - 8ms","timestamp":"2026-05-07T12:21:39.588Z"}
{"level":"info","message":"GET /js/ppt.js 304 - 9ms","timestamp":"2026-05-07T12:21:39.591Z"}
{"level":"info","message":"GET /js/summary.js 304 - 14ms","timestamp":"2026-05-07T12:21:39.596Z"}
{"level":"info","message":"GET /js/health.js 304 - 15ms","timestamp":"2026-05-07T12:21:39.598Z"}
{"level":"info","message":"GET /js/ui.js 304 - 2ms","timestamp":"2026-05-07T12:21:39.603Z"}
{"level":"info","message":"GET /js/FILTERPPTDOWNLOAD.js 304 - 5ms","timestamp":"2026-05-07T12:21:39.612Z"}
{"level":"info","message":"GET /js/BULKEXCELUPLOAD.js 304 - 8ms","timestamp":"2026-05-07T12:21:39.616Z"}
{"level":"info","message":"GET /components/topbar.html 304 - 4ms","timestamp":"2026-05-07T12:21:39.633Z"}
{"level":"info","message":"GET /components/sidebar.html 304 - 9ms","timestamp":"2026-05-07T12:21:39.640Z"}
{"level":"info","message":"GET /pages/new-deal.html 304 - 2ms","timestamp":"2026-05-07T12:21:39.655Z"}
{"level":"info","message":"GET /favicon.ico 304 - 9ms","timestamp":"2026-05-07T12:21:39.661Z"}
{"level":"info","message":"GET /pages/records.html 304 - 9ms","timestamp":"2026-05-07T12:21:39.667Z"}
{"level":"info","message":"GET /pages/summary.html 304 - 14ms","timestamp":"2026-05-07T12:21:39.672Z"}
{"level":"info","message":"GET /pages/health.html 304 - 17ms","timestamp":"2026-05-07T12:21:39.676Z"}
{"level":"info","message":"GET /pages/calculator.html 304 - 21ms","timestamp":"2026-05-07T12:21:39.681Z"}
{"level":"info","message":"GET /pages/tl-report.html 304 - 6ms","timestamp":"2026-05-07T12:21:39.685Z"}
{"level":"info","message":"GET /pages/pivot_report_generator.html 304 - 7ms","timestamp":"2026-05-07T12:21:39.869Z"}
{"level":"info","message":"GET /api/deals?page=1&limit=100 304 - 173ms","timestamp":"2026-05-07T12:21:39.964Z"}
{"level":"info","message":"GET /pages/DealTrackMIS.jsx?v=1778156503946 200 - 9ms","timestamp":"2026-05-07T12:21:43.960Z"}
{"level":"info","message":"GET / 304 - 70ms","timestamp":"2026-05-07T12:27:59.093Z"}
{"level":"info","message":"GET /css/style.css 304 - 11ms","timestamp":"2026-05-07T12:27:59.480Z"}
{"level":"info","message":"GET /js/main.js?v=2 304 - 5ms","timestamp":"2026-05-07T12:27:59.482Z"}
{"level":"info","message":"GET /css/base.css 304 - 2ms","timestamp":"2026-05-07T12:27:59.511Z"}
{"level":"info","message":"GET /css/ppt.css 304 - 0ms","timestamp":"2026-05-07T12:27:59.514Z"}
{"level":"info","message":"GET /css/utilities.css 304 - 3ms","timestamp":"2026-05-07T12:27:59.522Z"}
{"level":"info","message":"GET /css/forms.css 304 - 11ms","timestamp":"2026-05-07T12:27:59.531Z"}
{"level":"info","message":"GET /css/layout.css 304 - 12ms","timestamp":"2026-05-07T12:27:59.533Z"}
{"level":"info","message":"GET /css/components.css 304 - 15ms","timestamp":"2026-05-07T12:27:59.536Z"}
{"level":"info","message":"GET /css/tables.css 304 - 7ms","timestamp":"2026-05-07T12:27:59.541Z"}
{"level":"info","message":"GET /css/pages.css 304 - 10ms","timestamp":"2026-05-07T12:27:59.544Z"}
{"level":"info","message":"GET /js/dealForm.js 304 - 2ms","timestamp":"2026-05-07T12:27:59.718Z"}
{"level":"info","message":"GET /js/helpers.js 304 - 3ms","timestamp":"2026-05-07T12:27:59.719Z"}
{"level":"info","message":"GET /js/summary.js 304 - 3ms","timestamp":"2026-05-07T12:27:59.720Z"}
{"level":"info","message":"GET /js/ppt.js 304 - 5ms","timestamp":"2026-05-07T12:27:59.726Z"}
{"level":"info","message":"GET /js/records.js 304 - 4ms","timestamp":"2026-05-07T12:27:59.728Z"}
{"level":"info","message":"GET /js/health.js 304 - 3ms","timestamp":"2026-05-07T12:27:59.733Z"}
{"level":"info","message":"GET /js/ui.js 304 - 3ms","timestamp":"2026-05-07T12:27:59.734Z"}
{"level":"info","message":"GET /js/FILTERPPTDOWNLOAD.js 304 - 6ms","timestamp":"2026-05-07T12:27:59.737Z"}
{"level":"info","message":"GET /js/BULKEXCELUPLOAD.js 304 - 12ms","timestamp":"2026-05-07T12:27:59.744Z"}
{"level":"info","message":"GET /components/topbar.html 304 - 1ms","timestamp":"2026-05-07T12:27:59.752Z"}
{"level":"info","message":"GET /components/sidebar.html 304 - 4ms","timestamp":"2026-05-07T12:27:59.755Z"}
{"level":"info","message":"GET /pages/records.html 304 - 2ms","timestamp":"2026-05-07T12:27:59.766Z"}
{"level":"info","message":"GET /favicon.ico 304 - 6ms","timestamp":"2026-05-07T12:27:59.771Z"}
{"level":"info","message":"GET /pages/summary.html 304 - 7ms","timestamp":"2026-05-07T12:27:59.775Z"}
{"level":"info","message":"GET /pages/health.html 304 - 11ms","timestamp":"2026-05-07T12:27:59.783Z"}
{"level":"info","message":"GET /pages/calculator.html 304 - 15ms","timestamp":"2026-05-07T12:27:59.785Z"}
{"level":"info","message":"GET /pages/new-deal.html 304 - 18ms","timestamp":"2026-05-07T12:27:59.788Z"}
{"level":"info","message":"GET /pages/tl-report.html 304 - 3ms","timestamp":"2026-05-07T12:27:59.790Z"}
{"level":"info","message":"GET /pages/pivot_report_generator.html 304 - 0ms","timestamp":"2026-05-07T12:27:59.856Z"}
{"level":"info","message":"GET /api/deals?page=1&limit=100 304 - 78ms","timestamp":"2026-05-07T12:27:59.913Z"}
{"level":"info","message":"GET /pages/DealTrackMIS.jsx?v=1778156885048 200 - 19ms","timestamp":"2026-05-07T12:28:05.075Z"}
{"level":"info","message":"GET / 304 - 10ms","timestamp":"2026-05-07T12:32:20.943Z"}
{"level":"info","message":"GET /css/style.css 304 - 2ms","timestamp":"2026-05-07T12:32:21.031Z"}
{"level":"info","message":"GET /js/main.js?v=2 304 - 4ms","timestamp":"2026-05-07T12:32:21.039Z"}
{"level":"info","message":"GET /css/base.css 304 - 8ms","timestamp":"2026-05-07T12:32:21.059Z"}
{"level":"info","message":"GET /css/layout.css 304 - 11ms","timestamp":"2026-05-07T12:32:21.074Z"}
{"level":"info","message":"GET /css/forms.css 304 - 7ms","timestamp":"2026-05-07T12:32:21.090Z"}
{"level":"info","message":"GET /css/components.css 304 - 16ms","timestamp":"2026-05-07T12:32:21.099Z"}
{"level":"info","message":"GET /css/utilities.css 304 - 21ms","timestamp":"2026-05-07T12:32:21.107Z"}
{"level":"info","message":"GET /css/tables.css 304 - 10ms","timestamp":"2026-05-07T12:32:21.112Z"}
{"level":"info","message":"GET /css/pages.css 304 - 12ms","timestamp":"2026-05-07T12:32:21.116Z"}
{"level":"info","message":"GET /css/ppt.css 304 - 15ms","timestamp":"2026-05-07T12:32:21.119Z"}
{"level":"info","message":"GET /js/dealForm.js 304 - 2ms","timestamp":"2026-05-07T12:32:21.253Z"}
{"level":"info","message":"GET /js/helpers.js 304 - 4ms","timestamp":"2026-05-07T12:32:21.256Z"}
{"level":"info","message":"GET /js/ppt.js 304 - 4ms","timestamp":"2026-05-07T12:32:21.258Z"}
{"level":"info","message":"GET /js/records.js 304 - 4ms","timestamp":"2026-05-07T12:32:21.259Z"}
{"level":"info","message":"GET /js/summary.js 304 - 6ms","timestamp":"2026-05-07T12:32:21.262Z"}
{"level":"info","message":"GET /js/health.js 304 - 2ms","timestamp":"2026-05-07T12:32:21.265Z"}
{"level":"info","message":"GET /js/ui.js 304 - 4ms","timestamp":"2026-05-07T12:32:21.267Z"}
{"level":"info","message":"GET /js/FILTERPPTDOWNLOAD.js 304 - 5ms","timestamp":"2026-05-07T12:32:21.276Z"}
{"level":"info","message":"GET /js/BULKEXCELUPLOAD.js 304 - 3ms","timestamp":"2026-05-07T12:32:21.278Z"}
{"level":"info","message":"GET /components/topbar.html 304 - 4ms","timestamp":"2026-05-07T12:32:21.291Z"}
{"level":"info","message":"GET /components/sidebar.html 304 - 5ms","timestamp":"2026-05-07T12:32:21.295Z"}
{"level":"info","message":"GET /favicon.ico 304 - 2ms","timestamp":"2026-05-07T12:32:21.302Z"}
{"level":"info","message":"GET /pages/new-deal.html 304 - 2ms","timestamp":"2026-05-07T12:32:21.307Z"}
{"level":"info","message":"GET /pages/records.html 304 - 3ms","timestamp":"2026-05-07T12:32:21.309Z"}
{"level":"info","message":"GET /pages/summary.html 304 - 5ms","timestamp":"2026-05-07T12:32:21.311Z"}
{"level":"info","message":"GET /pages/health.html 304 - 3ms","timestamp":"2026-05-07T12:32:21.316Z"}
{"level":"info","message":"GET /pages/calculator.html 304 - 7ms","timestamp":"2026-05-07T12:32:21.320Z"}
{"level":"info","message":"GET /pages/tl-report.html 304 - 9ms","timestamp":"2026-05-07T12:32:21.323Z"}
{"level":"info","message":"GET /pages/pivot_report_generator.html 304 - 0ms","timestamp":"2026-05-07T12:32:21.366Z"}
{"level":"info","message":"GET /api/deals?page=1&limit=100 304 - 28ms","timestamp":"2026-05-07T12:32:21.384Z"}
{"level":"info","message":"GET /pages/DealTrackMIS.jsx?v=1778157144081 200 - 11ms","timestamp":"2026-05-07T12:32:24.097Z"}
